#usda 1.0
(
    upAxis = "Z"
    doc = "Digital Twin Finland - Road Network"
)
def Xform "World"
{
    def Xform "Roads"
    {
        def Mesh "Road_0"
        {
            point3f[] points = [(1343.9971, -1620.5507, 6.0430), (1266.0150, -1539.1725, 7.6630), (1346.5241, -1618.1292, 6.0430), (1268.5421, -1536.7509, 7.6630)]
            int[] faceVertexCounts = [4]
            int[] faceVertexIndices = [0, 1, 3, 2]
            uniform token subdivisionScheme = "none"
        }

        def Mesh "Road_1"
        {
            point3f[] points = [(207.5327, -1140.7645, 5.9970), (203.7009, -1133.8813, 5.8000), (210.5907, -1139.0621, 5.9970), (206.7590, -1132.1789, 5.8000)]
            int[] faceVertexCounts = [4]
            int[] faceVertexIndices = [0, 1, 3, 2]
            uniform token subdivisionScheme = "none"
        }

        def Mesh "Road_2"
        {
            point3f[] points = [(2028.4215, -1113.0539, 6.8350), (2029.1090, -1108.4193, 6.6550), (2029.8463, -1103.2669, 6.6520), (2031.8836, -1113.5675, 6.8350), (2032.5725, -1108.9235, 6.6550), (2033.3110, -1103.7627, 6.6520)]
            int[] faceVertexCounts = [4, 4]
            int[] faceVertexIndices = [0, 1, 4, 3, 1, 2, 5, 4]
            uniform token subdivisionScheme = "none"
        }

        def Mesh "Road_3"
        {
            point3f[] points = [(1273.6093, -1059.2748, 7.0790), (1262.2331, -1057.4293, 7.0610), (1259.5703, -1056.9594, 7.0630), (1274.1698, -1055.8200, 7.0790), (1262.8026, -1053.9760, 7.0610), (1260.1787, -1053.5127, 7.0630)]
            int[] faceVertexCounts = [4, 4]
            int[] faceVertexIndices = [0, 1, 4, 3, 1, 2, 5, 4]
            uniform token subdivisionScheme = "none"
        }

        def Mesh "Road_4"
        {
            point3f[] points = [(1177.7788, -240.5729, 6.7500), (1182.4709, -221.5576, 6.3790), (1181.1769, -241.4114, 6.7500), (1185.8689, -222.3961, 6.3790)]
            int[] faceVertexCounts = [4]
            int[] faceVertexIndices = [0, 1, 3, 2]
            uniform token subdivisionScheme = "none"
        }

        def Mesh "Road_5"
        {
            point3f[] points = [(1952.4179, -1715.7971, 7.3740), (1952.5177, -1703.1044, 7.4840), (1955.9178, -1715.8246, 7.3740), (1956.0176, -1703.1319, 7.4840)]
            int[] faceVertexCounts = [4]
            int[] faceVertexIndices = [0, 1, 3, 2]
            uniform token subdivisionScheme = "none"
        }

        def Mesh "Road_6"
        {
            point3f[] points = [(1144.1702, -1728.3774, 5.2130), (1138.6650, -1716.8643, 5.2800), (1147.3278, -1726.8676, 5.2130), (1141.8226, -1715.3545, 5.2800)]
            int[] faceVertexCounts = [4]
            int[] faceVertexIndices = [0, 1, 3, 2]
            uniform token subdivisionScheme = "none"
        }

        def Mesh "Road_7"
        {
            point3f[] points = [(1259.5694, -1056.9592, 7.0630), (1183.8966, -1043.5615, 6.7710), (1260.1796, -1053.5128, 7.0630), (1184.5068, -1040.1151, 6.7710)]
            int[] faceVertexCounts = [4]
            int[] faceVertexIndices = [0, 1, 3, 2]
            uniform token subdivisionScheme = "none"
        }

        def Mesh "Road_8"
        {
            point3f[] points = [(1955.4150, -1674.3394, 7.4660), (1956.0290, -1662.2028, 7.4470), (1958.9105, -1674.5162, 7.4660), (1959.5245, -1662.3796, 7.4470)]
            int[] faceVertexCounts = [4]
            int[] faceVertexIndices = [0, 1, 3, 2]
            uniform token subdivisionScheme = "none"
        }

        def Mesh "Road_9"
        {
            point3f[] points = [(31.8093, -70.6728, 3.7030), (27.6124, -66.4567, 3.7150), (34.2899, -68.2036, 3.7030), (30.0929, -63.9875, 3.7150)]
            int[] faceVertexCounts = [4]
            int[] faceVertexIndices = [0, 1, 3, 2]
            uniform token subdivisionScheme = "none"
        }

        def Mesh "Road_10"
        {
            point3f[] points = [(506.7889, -117.6732, 4.6050), (508.0842, -116.9917, 4.6320), (533.0498, -104.3381, 4.6410), (534.2630, -103.7684, 4.6250), (559.7584, -92.2237, 4.5180), (561.0555, -91.6087, 4.5180), (586.1288, -79.1740, 4.2900), (587.2643, -78.6197, 4.2690), (609.0174, -68.4990, 4.2540), (610.1300, -67.9970, 4.2610), (628.3766, -59.8247, 4.3480), (508.4189, -120.7704, 4.6050), (509.6689, -120.1124, 4.6320), (534.6280, -107.4621, 4.6410), (535.7086, -106.9560, 4.6250), (561.2050, -95.4107, 4.5180), (562.6077, -94.7457, 4.5180), (587.6830, -82.3100, 4.2900), (588.7437, -81.7917, 4.2690), (610.4921, -71.6732, 4.2540), (611.5611, -71.1910, 4.2610), (629.8073, -63.0189, 4.3480)]
            int[] faceVertexCounts = [4, 4, 4, 4, 4, 4, 4, 4, 4, 4]
            int[] faceVertexIndices = [0, 1, 12, 11, 1, 2, 13, 12, 2, 3, 14, 13, 3, 4, 15, 14, 4, 5, 16, 15, 5, 6, 17, 16, 6, 7, 18, 17, 7, 8, 19, 18, 8, 9, 20, 19, 9, 10, 21, 20]
            uniform token subdivisionScheme = "none"
        }

        def Mesh "Road_11"
        {
            point3f[] points = [(1664.8467, -1783.7695, 5.3510), (1633.0141, -1750.9149, 5.1970), (1667.3604, -1781.3341, 5.3510), (1635.5277, -1748.4794, 5.1970)]
            int[] faceVertexCounts = [4]
            int[] faceVertexIndices = [0, 1, 3, 2]
            uniform token subdivisionScheme = "none"
        }

        def Mesh "Road_12"
        {
            point3f[] points = [(1668.4618, -1468.1868, 7.3700), (1667.3101, -1467.1437, 7.3580), (1656.9300, -1457.7561, 7.2720), (1656.6467, -1457.5023, 7.2720), (1650.7421, -1452.0613, 7.2790), (1647.9066, -1449.1418, 7.2430), (1647.4993, -1448.6956, 7.2430), (1644.8401, -1445.6053, 7.1810), (1638.7527, -1437.6404, 7.1120), (1638.0204, -1436.6731, 7.0980), (1633.1918, -1430.2675, 7.0120), (1622.5602, -1415.5602, 6.8710), (1622.0831, -1414.9275, 6.8580), (1618.4237, -1410.2480, 6.8390), (1610.6343, -1401.1704, 6.8010), (1609.7802, -1400.2382, 6.7790), (1607.0753, -1397.3699, 6.8160), (1599.9511, -1390.3924, 7.0050), (1599.6703, -1390.1356, 7.0050), (1598.2278, -1388.8281, 7.0570), (1587.5563, -1379.7854, 7.2670), (1670.8113, -1465.5927, 7.3700), (1669.6579, -1464.5480, 7.3580), (1659.2773, -1455.1600, 7.2720), (1659.0168, -1454.9269, 7.2720), (1653.1612, -1449.5319, 7.2790), (1650.4266, -1446.7128, 7.2430), (1650.1439, -1446.4030, 7.2430), (1647.5852, -1443.4340, 7.1810), (1641.5346, -1435.5165, 7.1120), (1640.8147, -1434.5655, 7.0980), (1636.0157, -1428.1998, 7.0120), (1625.3949, -1413.5072, 6.8710), (1624.8446, -1412.7772, 6.8580), (1621.1140, -1408.0093, 6.8390), (1613.2832, -1398.8827, 6.8010), (1612.3351, -1397.8460, 6.7790), (1609.5524, -1394.8972, 6.8160), (1602.3967, -1387.8886, 7.0050), (1602.0232, -1387.5444, 7.0050), (1600.5015, -1386.1672, 7.0570), (1589.8190, -1377.1151, 7.2670)]
            int[] faceVertexCounts = [4, 4, 4, 4, 4, 4, 4, 4, 4, 4, 4, 4, 4, 4, 4, 4, 4, 4, 4, 4]
            int[] faceVertexIndices = [0, 1, 22, 21, 1, 2, 23, 22, 2, 3, 24, 23, 3, 4, 25, 24, 4, 5, 26, 25, 5, 6, 27, 26, 6, 7, 28, 27, 7, 8, 29, 28, 8, 9, 30, 29, 9, 10, 31, 30, 10, 11, 32, 31, 11, 12, 33, 32, 12, 13, 34, 33, 13, 14, 35, 34, 14, 15, 36, 35, 15, 16, 37, 36, 16, 17, 38, 37, 17, 18, 39, 38, 18, 19, 40, 39, 19, 20, 41, 40]
            uniform token subdivisionScheme = "none"
        }

        def Mesh "Road_13"
        {
            point3f[] points = [(245.3928, -754.7459, 5.6580), (234.6864, -738.5145, 5.6380), (222.8289, -720.5595, 5.4760), (207.0978, -694.3863, 5.3640), (194.0532, -674.2934, 5.5500), (193.8194, -673.9371, 5.5500), (185.2904, -660.9986, 5.8160), (248.3144, -752.8187, 5.6580), (237.6075, -736.5864, 5.6380), (225.7967, -718.7041, 5.4760), (210.0698, -692.5378, 5.3640), (196.9887, -672.3874, 5.5500), (196.7417, -672.0110, 5.5500), (188.2126, -659.0723, 5.8160)]
            int[] faceVertexCounts = [4, 4, 4, 4, 4, 4]
            int[] faceVertexIndices = [0, 1, 8, 7, 1, 2, 9, 8, 2, 3, 10, 9, 3, 4, 11, 10, 4, 5, 12, 11, 5, 6, 13, 12]
            uniform token subdivisionScheme = "none"
        }

        def Mesh "Road_14"
        {
            point3f[] points = [(1333.7207, -1069.0219, 7.4040), (1273.6094, -1059.2749, 7.0790), (1334.2809, -1065.5670, 7.4040), (1274.1696, -1055.8200, 7.0790)]
            int[] faceVertexCounts = [4]
            int[] faceVertexIndices = [0, 1, 3, 2]
            uniform token subdivisionScheme = "none"
        }

        def Mesh "Road_15"
        {
            point3f[] points = [(1636.8070, -904.9089, 7.4080), (1604.4443, -890.8562, 7.3160), (1542.8101, -866.2066, 7.0170), (1487.7720, -844.7981, 7.1410), (1440.9675, -825.6936, 7.2250), (1382.8780, -802.3624, 7.2140), (1345.9259, -787.4743, 7.3830), (1638.2010, -901.6985, 7.4080), (1605.7768, -887.6198, 7.3160), (1544.0953, -862.9510, 7.0170), (1489.0657, -841.5460, 7.1410), (1442.2801, -822.4491, 7.2250), (1384.1839, -799.1151, 7.2140), (1347.2338, -784.2279, 7.3830)]
            int[] faceVertexCounts = [4, 4, 4, 4, 4, 4]
            int[] faceVertexIndices = [0, 1, 8, 7, 1, 2, 9, 8, 2, 3, 10, 9, 3, 4, 11, 10, 4, 5, 12, 11, 5, 6, 13, 12]
            uniform token subdivisionScheme = "none"
        }

        def Mesh "Road_16"
        {
            point3f[] points = [(948.2312, -1281.4687, 5.3040), (948.4929, -1281.2910, 5.3040), (1019.1448, -1232.3222, 6.1080), (1019.5185, -1232.0551, 6.1080), (1037.3485, -1219.1820, 6.1470), (1038.3735, -1218.4410, 6.1450), (1038.5990, -1218.2783, 6.1450), (950.1980, -1284.3638, 5.3040), (950.4866, -1284.1677, 5.3040), (1021.1388, -1235.1986, 6.1080), (1021.5669, -1234.8930, 6.1080), (1039.3974, -1222.0196, 6.1470), (1040.4236, -1221.2778, 6.1450), (1040.6470, -1221.1165, 6.1450)]
            int[] faceVertexCounts = [4, 4, 4, 4, 4, 4]
            int[] faceVertexIndices = [0, 1, 8, 7, 1, 2, 9, 8, 2, 3, 10, 9, 3, 4, 11, 10, 4, 5, 12, 11, 5, 6, 13, 12]
            uniform token subdivisionScheme = "none"
        }

        def Mesh "Road_17"
        {
            point3f[] points = [(282.5211, -57.6990, 4.1440), (285.1182, -56.4857, 4.1470), (294.0401, -52.0665, 3.8960), (284.0028, -60.8699, 4.1440), (286.6556, -59.6299, 4.1470), (295.5936, -55.2029, 3.8960)]
            int[] faceVertexCounts = [4, 4]
            int[] faceVertexIndices = [0, 1, 4, 3, 1, 2, 5, 4]
            uniform token subdivisionScheme = "none"
        }

        def Mesh "Road_18"
        {
            point3f[] points = [(1928.3644, -1686.8223, 7.3030), (1940.4567, -1685.9408, 7.4320), (1928.6189, -1690.3131, 7.3030), (1940.7112, -1689.4316, 7.4320)]
            int[] faceVertexCounts = [4]
            int[] faceVertexIndices = [0, 1, 3, 2]
            uniform token subdivisionScheme = "none"
        }

        def Mesh "Road_19"
        {
            point3f[] points = [(1200.9167, -929.1664, 7.3220), (1111.9045, -912.9705, 7.3480), (1201.5432, -925.7229, 7.3220), (1112.5310, -909.5270, 7.3480)]
            int[] faceVertexCounts = [4]
            int[] faceVertexIndices = [0, 1, 3, 2]
            uniform token subdivisionScheme = "none"
        }

        def Mesh "Road_20"
        {
            point3f[] points = [(628.2978, -59.8624, 4.3480), (634.0998, -56.9075, 4.3180), (629.8861, -62.9812, 4.3480), (635.6882, -60.0264, 4.3180)]
            int[] faceVertexCounts = [4]
            int[] faceVertexIndices = [0, 1, 3, 2]
            uniform token subdivisionScheme = "none"
        }

        def Mesh "Road_21"
        {
            point3f[] points = [(1163.0832, -1152.1070, 7.5760), (1182.4780, -1041.5360, 6.7710), (1166.5306, -1152.7117, 7.5760), (1185.9254, -1042.1406, 6.7710)]
            int[] faceVertexCounts = [4]
            int[] faceVertexIndices = [0, 1, 3, 2]
            uniform token subdivisionScheme = "none"
        }

        def Mesh "Road_22"
        {
            point3f[] points = [(203.7001, -1133.8799, 5.8000), (200.7870, -1128.6357, 5.7810), (199.9539, -1127.1172, 5.7850), (184.1205, -1097.0436, 6.0930), (183.2687, -1095.4702, 6.0930), (174.4415, -1079.7968, 6.4180), (173.6930, -1078.4929, 6.4950), (206.7597, -1132.1803, 5.8000), (203.8486, -1126.9396, 5.7810), (203.0496, -1125.4841, 5.7850), (187.2165, -1095.4112, 6.0930), (186.3210, -1093.7574, 6.0930), (177.4900, -1078.0773, 6.4180), (176.7285, -1076.7505, 6.4950)]
            int[] faceVertexCounts = [4, 4, 4, 4, 4, 4]
            int[] faceVertexIndices = [0, 1, 8, 7, 1, 2, 9, 8, 2, 3, 10, 9, 3, 4, 11, 10, 4, 5, 12, 11, 5, 6, 13, 12]
            uniform token subdivisionScheme = "none"
        }

        def Mesh "Road_23"
        {
            point3f[] points = [(1809.2490, -318.5129, 7.6030), (1785.5984, -246.5251, 7.3990), (1812.5742, -317.4205, 7.6030), (1788.9236, -245.4326, 7.3990)]
            int[] faceVertexCounts = [4]
            int[] faceVertexIndices = [0, 1, 3, 2]
            uniform token subdivisionScheme = "none"
        }

        def Mesh "Road_24"
        {
            point3f[] points = [(1996.4279, -767.4396, 3.9700), (2008.6768, -761.0963, 3.9860), (1998.0374, -770.5475, 3.9700), (2010.2863, -764.2043, 3.9860)]
            int[] faceVertexCounts = [4]
            int[] faceVertexIndices = [0, 1, 3, 2]
            uniform token subdivisionScheme = "none"
        }

        def Mesh "Road_25"
        {
            point3f[] points = [(2056.9068, -1121.3385, 6.5380), (2044.2787, -1117.5466, 6.7190), (2029.8521, -1115.0347, 6.8350), (2057.9125, -1117.9861, 6.5380), (2045.0730, -1114.1379, 6.7190), (2030.4531, -1111.5867, 6.8350)]
            int[] faceVertexCounts = [4, 4]
            int[] faceVertexIndices = [0, 1, 4, 3, 1, 2, 5, 4]
            uniform token subdivisionScheme = "none"
        }

        def Mesh "Road_26"
        {
            point3f[] points = [(813.6064, -331.2964, 7.3640), (816.7036, -330.2992, 7.2460), (828.2055, -326.7800, 7.1750), (828.6046, -326.6436, 7.1750), (839.8324, -322.4287, 7.0710), (840.1519, -322.3056, 7.0710), (851.1848, -318.2226, 7.1700), (849.8881, -318.7092, 7.1920), (849.3226, -316.8952, 7.1530), (848.6215, -315.2000, 7.1000), (847.7285, -313.5308, 7.0790), (846.7531, -311.7593, 7.0180), (846.2052, -310.6207, 6.9910), (845.4079, -308.7570, 7.0510), (814.6792, -334.6279, 7.3640), (817.7380, -333.6428, 7.2460), (829.2341, -330.1254, 7.1750), (829.8306, -329.9219, 7.1750), (841.0633, -325.7052, 7.0710), (841.3721, -325.5861, 7.0710), (852.8267, -321.3135, 7.1700), (853.2413, -317.7060, 7.1920), (852.6132, -315.7027, 7.1530), (851.7864, -313.7056, 7.1000), (850.8054, -311.8625, 7.0790), (849.8523, -310.1330, 7.0180), (849.4006, -309.1927, 6.9910), (848.6260, -307.3807, 7.0510)]
            int[] faceVertexCounts = [4, 4, 4, 4, 4, 4, 4, 4, 4, 4, 4, 4, 4]
            int[] faceVertexIndices = [0, 1, 15, 14, 1, 2, 16, 15, 2, 3, 17, 16, 3, 4, 18, 17, 4, 5, 19, 18, 5, 6, 20, 19, 6, 7, 21, 20, 7, 8, 22, 21, 8, 9, 23, 22, 9, 10, 24, 23, 10, 11, 25, 24, 11, 12, 26, 25, 12, 13, 27, 26]
            uniform token subdivisionScheme = "none"
        }

        def Mesh "Road_27"
        {
            point3f[] points = [(2059.9696, -1104.5203, 6.5320), (2067.1972, -1104.9279, 6.5250), (2068.8007, -1104.9491, 6.5530), (2074.7353, -1104.8136, 6.6340), (2080.6077, -1104.3672, 6.6470), (2094.4593, -1102.6072, 6.4740), (2095.3456, -1102.4729, 6.4090), (2113.1076, -1099.6055, 5.7570), (2113.5275, -1099.5348, 5.7570), (2137.1353, -1095.3048, 4.6830), (2138.9725, -1094.9166, 4.6830), (2150.2809, -1092.4240, 4.4120), (2059.7725, -1108.0147, 6.5320), (2067.0288, -1108.4239, 6.5250), (2068.8526, -1108.4487, 6.5530), (2074.9083, -1108.3094, 6.6340), (2080.9963, -1107.8455, 6.6470), (2094.9056, -1106.0787, 6.4740), (2095.9017, -1105.9285, 6.4090), (2113.6660, -1103.0606, 5.7570), (2114.1441, -1102.9800, 5.7570), (2137.7604, -1098.7486, 4.6830), (2139.7215, -1098.3356, 4.6830), (2151.0343, -1095.8419, 4.4120)]
            int[] faceVertexCounts = [4, 4, 4, 4, 4, 4, 4, 4, 4, 4, 4]
            int[] faceVertexIndices = [0, 1, 13, 12, 1, 2, 14, 13, 2, 3, 15, 14, 3, 4, 16, 15, 4, 5, 17, 16, 5, 6, 18, 17, 6, 7, 19, 18, 7, 8, 20, 19, 8, 9, 21, 20, 9, 10, 22, 21, 10, 11, 23, 22]
            uniform token subdivisionScheme = "none"
        }

        def Mesh "Road_28"
        {
            point3f[] points = [(66.1223, -23.2733, 3.8900), (69.1897, -20.6850, 3.8360), (70.5720, -19.5865, 3.8220), (73.8263, -17.2067, 3.6880), (75.4648, -16.0625, 3.6950), (68.3795, -25.9482, 3.8900), (71.4237, -23.3793, 3.8360), (72.6714, -22.3869, 3.8220), (75.8717, -20.0468, 3.6880), (77.4684, -18.9323, 3.6950)]
            int[] faceVertexCounts = [4, 4, 4, 4]
            int[] faceVertexIndices = [0, 1, 6, 5, 1, 2, 7, 6, 2, 3, 8, 7, 3, 4, 9, 8]
            uniform token subdivisionScheme = "none"
        }

        def Mesh "Road_29"
        {
            point3f[] points = [(2107.1860, -1675.6766, 10.1960), (2109.0284, -1674.9165, 10.1100), (2109.3186, -1674.7899, 10.1100), (2111.0544, -1673.9448, 10.1030), (2111.7937, -1673.4999, 10.1030), (2113.2364, -1672.4009, 9.9390), (2114.5351, -1671.0990, 9.8090), (2115.8392, -1669.6554, 9.8090), (2116.6221, -1668.7626, 9.6660), (2121.9925, -1662.8314, 9.2240), (2122.4307, -1662.3565, 9.1790), (2125.1826, -1659.4311, 8.9230), (2126.1319, -1658.4968, 8.9230), (2129.1226, -1655.8064, 8.6630), (2130.1178, -1654.9508, 8.6300), (2142.7135, -1646.3324, 7.6220), (2151.8303, -1641.5933, 7.1120), (2162.6382, -1636.8184, 0.3000), (2172.6404, -1633.1070, 0.3000), (2179.1327, -1629.5421, 0.3000), (2182.9614, -1625.3698, 0.3000), (2108.5210, -1678.9120, 10.1960), (2110.3754, -1678.1469, 10.1100), (2110.8307, -1677.9465, 10.1100), (2112.6867, -1677.0408, 10.1030), (2113.8101, -1676.3607, 10.1030), (2115.5407, -1675.0353, 9.9390), (2117.0709, -1673.5114, 9.8090), (2118.4488, -1671.9877, 9.8090), (2119.2214, -1671.1065, 9.6660), (2124.5854, -1665.1823, 9.2240), (2124.9831, -1664.7514, 9.1790), (2127.7104, -1661.8519, 8.9230), (2128.4999, -1661.0741, 8.9230), (2131.4552, -1658.4158, 8.6630), (2132.1175, -1657.8233, 8.6300), (2144.5483, -1649.3130, 7.6220), (2153.3374, -1644.7522, 7.1120), (2163.9596, -1640.0594, 0.3000), (2174.0607, -1636.3059, 0.3000), (2181.2288, -1632.3450, 0.3000), (2185.5282, -1627.7493, 0.3000)]
            int[] faceVertexCounts = [4, 4, 4, 4, 4, 4, 4, 4, 4, 4, 4, 4, 4, 4, 4, 4, 4, 4, 4, 4]
            int[] faceVertexIndices = [0, 1, 22, 21, 1, 2, 23, 22, 2, 3, 24, 23, 3, 4, 25, 24, 4, 5, 26, 25, 5, 6, 27, 26, 6, 7, 28, 27, 7, 8, 29, 28, 8, 9, 30, 29, 9, 10, 31, 30, 10, 11, 32, 31, 11, 12, 33, 32, 12, 13, 34, 33, 13, 14, 35, 34, 14, 15, 36, 35, 15, 16, 37, 36, 16, 17, 38, 37, 17, 18, 39, 38, 18, 19, 40, 39, 19, 20, 41, 40]
            uniform token subdivisionScheme = "none"
        }

        def Mesh "Road_30"
        {
            point3f[] points = [(1692.8423, -737.4673, 7.2480), (1695.9463, -727.6705, 7.1800), (1696.1789, -738.5244, 7.2480), (1699.2829, -728.7277, 7.1800)]
            int[] faceVertexCounts = [4]
            int[] faceVertexIndices = [0, 1, 3, 2]
            uniform token subdivisionScheme = "none"
        }

        def Mesh "Road_31"
        {
            point3f[] points = [(1076.4495, -720.8996, 7.1370), (1070.5776, -713.2069, 7.1390), (1079.2316, -718.7760, 7.1370), (1073.3597, -711.0832, 7.1390)]
            int[] faceVertexCounts = [4]
            int[] faceVertexIndices = [0, 1, 3, 2]
            uniform token subdivisionScheme = "none"
        }

        def Mesh "Road_32"
        {
            point3f[] points = [(1522.2417, -589.9371, 6.5450), (1497.7287, -581.6605, 6.5360), (1480.8964, -575.6315, 6.4380), (1480.0104, -575.2589, 6.4380), (1448.4026, -562.2964, 6.5290), (1523.3614, -586.6211, 6.5450), (1498.8731, -578.3529, 6.5360), (1482.0854, -572.3397, 6.4380), (1481.3393, -572.0210, 6.4380), (1449.7307, -559.0581, 6.5290)]
            int[] faceVertexCounts = [4, 4, 4, 4]
            int[] faceVertexIndices = [0, 1, 6, 5, 1, 2, 7, 6, 2, 3, 8, 7, 3, 4, 9, 8]
            uniform token subdivisionScheme = "none"
        }

        def Mesh "Road_33"
        {
            point3f[] points = [(1906.5992, -917.2646, 7.2490), (1904.4135, -829.7177, 7.2700), (1910.0982, -917.1773, 7.2490), (1907.9124, -829.6304, 7.2700)]
            int[] faceVertexCounts = [4]
            int[] faceVertexIndices = [0, 1, 3, 2]
            uniform token subdivisionScheme = "none"
        }

        def Mesh "Road_34"
        {
            point3f[] points = [(2031.5184, -1105.2638, 6.6520), (2022.8969, -1104.9652, 6.6410), (2003.8392, -1103.0460, 6.6870), (1990.2968, -1101.5440, 6.7960), (1977.3784, -1100.1132, 6.9500), (1953.0780, -1097.9694, 6.9830), (1932.9740, -1095.8126, 7.0690), (1917.6052, -1094.4849, 7.1090), (1915.3301, -1010.7323, 7.2120), (1914.1342, -920.3764, 6.9720), (1913.0714, -876.2650, 6.9080), (1912.4289, -839.5547, 6.9130), (1911.1609, -827.7354, 6.9990), (1909.8350, -820.4753, 7.0680), (1908.2178, -811.2271, 7.0160), (2031.6389, -1101.7659, 6.6520), (2023.1766, -1101.4763, 6.6410), (2004.2045, -1099.5652, 6.6870), (1990.6824, -1098.0653, 6.7960), (1977.7130, -1096.6292, 6.9500), (1953.4153, -1094.4857, 6.9830), (1933.1874, -1092.3191, 7.0690), (1921.0425, -1093.8252, 7.1090), (1918.8294, -1010.6631, 7.2120), (1917.6337, -920.3176, 6.9720), (1916.5706, -876.1912, 6.9080), (1915.9262, -839.4165, 6.9130), (1914.6291, -827.2650, 6.9990), (1913.2807, -819.8613, 7.0680), (1911.6655, -810.6242, 7.0160)]
            int[] faceVertexCounts = [4, 4, 4, 4, 4, 4, 4, 4, 4, 4, 4, 4, 4, 4]
            int[] faceVertexIndices = [0, 1, 16, 15, 1, 2, 17, 16, 2, 3, 18, 17, 3, 4, 19, 18, 4, 5, 20, 19, 5, 6, 21, 20, 6, 7, 22, 21, 7, 8, 23, 22, 8, 9, 24, 23, 9, 10, 25, 24, 10, 11, 26, 25, 11, 12, 27, 26, 12, 13, 28, 27, 13, 14, 29, 28]
            uniform token subdivisionScheme = "none"
        }

        def Mesh "Road_35"
        {
            point3f[] points = [(2045.4680, -1929.5121, 0.3000), (2046.2030, -1910.5458, 0.3000), (2046.9149, -1900.4936, 0.3000), (2047.9644, -1892.5014, 0.3000), (2048.1249, -1891.5301, 0.3000), (2049.2943, -1885.6261, 0.3000), (2049.7644, -1883.6261, 0.3000), (2050.0608, -1882.4353, 0.3000), (2051.1246, -1878.5578, 0.3000), (2051.5634, -1877.1267, 0.3000), (2054.8870, -1867.6874, 0.3000), (2055.4065, -1866.2671, 0.3000), (2060.1768, -1851.0160, 0.3000), (2060.4929, -1849.9022, 0.3000), (2063.8021, -1838.2276, 0.3000), (2065.9442, -1830.5420, 8.5750), (2066.3914, -1828.6578, 8.6340), (2066.4665, -1828.3079, 8.6910), (2067.1403, -1824.4183, 8.7310), (2067.9050, -1818.5011, 8.8710), (2068.1106, -1816.9029, 8.8710), (2069.8326, -1805.0293, 9.0140), (2069.8928, -1804.5493, 9.0180), (2070.6229, -1798.5733, 8.9480), (2070.9869, -1796.4966, 8.9480), (2071.3601, -1794.8680, 8.9380), (2071.4531, -1794.4613, 8.9380), (2071.6137, -1793.8727, 8.8880), (2072.2258, -1791.9168, 9.0690), (2072.9139, -1789.9979, 9.0120), (2073.2153, -1789.1787, 9.0120), (2076.4586, -1779.7298, 9.5800), (2076.6360, -1779.1737, 9.5800), (2089.6956, -1728.8602, 12.0460), (2092.1020, -1721.1503, 12.1680), (2092.4562, -1720.1205, 12.1730), (2097.3764, -1707.0165, 11.9380), (2097.5894, -1706.4576, 11.9380), (2101.8059, -1695.2277, 11.3730), (2101.9972, -1694.7277, 11.3730), (2104.1177, -1689.1219, 10.9780), (2104.3466, -1688.4790, 10.9780), (2104.9541, -1686.6426, 10.8480), (2105.4939, -1684.6210, 10.8540), (2105.8183, -1682.7954, 10.5770), (2106.0060, -1680.9237, 10.4520), (2106.0954, -1678.8357, 10.3230), (2106.1036, -1677.2847, 10.1960), (2048.9654, -1929.6476, 0.3000), (2049.6986, -1910.7199, 0.3000), (2050.3984, -1900.8338, 0.3000), (2051.4331, -1892.9689, 0.3000), (2051.5609, -1892.1961, 0.3000), (2052.7214, -1886.3367, 0.3000), (2053.1675, -1884.4440, 0.3000), (2053.4411, -1883.3428, 0.3000), (2054.4928, -1879.5093, 0.3000), (2054.8706, -1878.2723, 0.3000), (2058.1865, -1868.8548, 0.3000), (2058.7426, -1867.3258, 0.3000), (2063.5191, -1852.0547, 0.3000), (2063.8602, -1850.8569, 0.3000), (2067.1711, -1839.1762, 0.3000), (2069.3228, -1831.4558, 8.5750), (2069.8000, -1829.4524, 8.6340), (2069.9129, -1828.9181, 8.6910), (2070.6032, -1824.9264, 8.7310), (2071.3762, -1818.9493, 8.8710), (2071.5753, -1817.3987, 8.8710), (2073.2967, -1805.5290, 9.0140), (2073.3669, -1804.9747, 9.0180), (2074.0912, -1799.0431, 8.9480), (2074.4191, -1797.1821, 8.9480), (2074.7716, -1795.6498, 8.9380), (2074.8460, -1795.3206, 8.9380), (2074.9622, -1794.8912, 8.8880), (2075.5439, -1793.0304, 9.0690), (2076.2055, -1791.1878, 9.0120), (2076.5237, -1790.3209, 9.0120), (2079.7709, -1780.8606, 9.5800), (2080.0231, -1780.0554, 9.5800), (2093.0776, -1729.7615, 12.0460), (2095.4395, -1722.2043, 12.1680), (2095.7351, -1721.3447, 12.1730), (2100.6527, -1708.2475, 11.9380), (2100.8658, -1707.6886, 11.9380), (2105.0822, -1696.4589, 11.3730), (2105.2705, -1695.9670, 11.3730), (2107.3940, -1690.3531, 10.9780), (2107.6630, -1689.5976, 10.9780), (2108.3096, -1687.6379, 10.8480), (2108.9092, -1685.3865, 10.8540), (2109.2850, -1683.2774, 10.5770), (2109.4973, -1681.1701, 10.4520), (2109.5941, -1678.9307, 10.3230), (2109.6035, -1677.3040, 10.1960)]
            int[] faceVertexCounts = [4, 4, 4, 4, 4, 4, 4, 4, 4, 4, 4, 4, 4, 4, 4, 4, 4, 4, 4, 4, 4, 4, 4, 4, 4, 4, 4, 4, 4, 4, 4, 4, 4, 4, 4, 4, 4, 4, 4, 4, 4, 4, 4, 4, 4, 4, 4]
            int[] faceVertexIndices = [0, 1, 49, 48, 1, 2, 50, 49, 2, 3, 51, 50, 3, 4, 52, 51, 4, 5, 53, 52, 5, 6, 54, 53, 6, 7, 55, 54, 7, 8, 56, 55, 8, 9, 57, 56, 9, 10, 58, 57, 10, 11, 59, 58, 11, 12, 60, 59, 12, 13, 61, 60, 13, 14, 62, 61, 14, 15, 63, 62, 15, 16, 64, 63, 16, 17, 65, 64, 17, 18, 66, 65, 18, 19, 67, 66, 19, 20, 68, 67, 20, 21, 69, 68, 21, 22, 70, 69, 22, 23, 71, 70, 23, 24, 72, 71, 24, 25, 73, 72, 25, 26, 74, 73, 26, 27, 75, 74, 27, 28, 76, 75, 28, 29, 77, 76, 29, 30, 78, 77, 30, 31, 79, 78, 31, 32, 80, 79, 32, 33, 81, 80, 33, 34, 82, 81, 34, 35, 83, 82, 35, 36, 84, 83, 36, 37, 85, 84, 37, 38, 86, 85, 38, 39, 87, 86, 39, 40, 88, 87, 40, 41, 89, 88, 41, 42, 90, 89, 42, 43, 91, 90, 43, 44, 92, 91, 44, 45, 93, 92, 45, 46, 94, 93, 46, 47, 95, 94]
            uniform token subdivisionScheme = "none"
        }

        def Mesh "Road_36"
        {
            point3f[] points = [(526.6975, -619.5294, 5.7240), (539.6703, -602.1889, 5.8280), (555.2631, -578.4528, 5.9210), (568.3615, -558.9151, 6.0060), (580.1729, -542.6039, 6.1890), (604.4724, -505.9717, 6.3330), (606.9146, -502.3882, 6.3450), (631.7254, -468.5182, 6.5130), (632.1641, -467.9414, 6.5130), (657.1435, -436.7291, 6.6260), (657.8387, -435.9318, 6.6260), (664.5788, -428.4735, 6.7030), (680.0722, -412.8322, 6.9190), (680.8509, -412.0946, 6.9690), (695.7320, -398.6687, 7.2000), (713.7168, -384.1346, 7.4790), (529.5001, -621.6259, 5.7240), (542.5438, -604.1872, 5.8280), (558.1802, -580.3869, 5.9210), (571.2357, -560.9123, 6.0060), (583.0644, -544.5761, 6.1890), (607.3869, -507.9096, 6.3330), (609.7446, -504.4476, 6.3450), (634.5484, -470.5873, 6.5130), (634.8976, -470.1272, 6.5130), (659.8739, -438.9188, 6.6260), (660.4390, -438.2745, 6.6260), (667.1004, -430.9007, 6.7030), (682.5554, -415.2987, 6.9190), (683.1984, -414.6906, 6.9690), (697.9999, -401.3346, 7.2000), (715.9167, -386.8568, 7.4790)]
            int[] faceVertexCounts = [4, 4, 4, 4, 4, 4, 4, 4, 4, 4, 4, 4, 4, 4, 4]
            int[] faceVertexIndices = [0, 1, 17, 16, 1, 2, 18, 17, 2, 3, 19, 18, 3, 4, 20, 19, 4, 5, 21, 20, 5, 6, 22, 21, 6, 7, 23, 22, 7, 8, 24, 23, 8, 9, 25, 24, 9, 10, 26, 25, 10, 11, 27, 26, 11, 12, 28, 27, 12, 13, 29, 28, 13, 14, 30, 29, 14, 15, 31, 30]
            uniform token subdivisionScheme = "none"
        }

        def Mesh "Road_37"
        {
            point3f[] points = [(1696.9325, -729.8107, 7.1800), (1621.2448, -697.7788, 7.0120), (1620.8831, -697.6271, 7.0120), (1608.0108, -692.1321, 6.9390), (1606.7518, -691.5743, 6.9360), (1584.9244, -681.6202, 6.8550), (1584.0724, -681.2419, 6.8690), (1567.5364, -674.1554, 6.7500), (1567.1641, -673.9981, 6.7500), (1532.3023, -658.9163, 6.8360), (1531.7297, -658.6573, 6.8360), (1520.8099, -653.7515, 6.8650), (1494.9856, -642.7657, 6.9260), (1494.3285, -642.4806, 6.9490), (1476.0025, -634.4928, 6.9330), (1475.0006, -634.0724, 6.9330), (1450.9454, -624.2302, 6.7370), (1449.5417, -623.6255, 6.7570), (1425.9624, -612.6912, 6.8590), (1698.2967, -726.5875, 7.1800), (1622.6089, -694.5555, 7.0120), (1622.2567, -694.4079, 7.0120), (1609.3888, -688.9148, 6.9390), (1608.2022, -688.3890, 6.9360), (1586.3754, -678.4351, 6.8550), (1585.4532, -678.0258, 6.8690), (1568.9147, -670.9382, 6.7500), (1568.5535, -670.7857, 6.7500), (1533.6928, -655.7044, 6.8360), (1533.1644, -655.4649, 6.8360), (1522.1993, -650.5391, 6.8650), (1496.3563, -639.5452, 6.9260), (1495.7268, -639.2721, 6.9490), (1477.3987, -631.2833, 6.9330), (1476.3272, -630.8336, 6.9330), (1452.2739, -620.9921, 6.7370), (1451.0095, -620.4481, 6.7570), (1427.4348, -609.5159, 6.8590)]
            int[] faceVertexCounts = [4, 4, 4, 4, 4, 4, 4, 4, 4, 4, 4, 4, 4, 4, 4, 4, 4, 4]
            int[] faceVertexIndices = [0, 1, 20, 19, 1, 2, 21, 20, 2, 3, 22, 21, 3, 4, 23, 22, 4, 5, 24, 23, 5, 6, 25, 24, 6, 7, 26, 25, 7, 8, 27, 26, 8, 9, 28, 27, 9, 10, 29, 28, 10, 11, 30, 29, 11, 12, 31, 30, 12, 13, 32, 31, 13, 14, 33, 32, 14, 15, 34, 33, 15, 16, 35, 34, 16, 17, 36, 35, 17, 18, 37, 36]
            uniform token subdivisionScheme = "none"
        }

        def Mesh "Road_38"
        {
            point3f[] points = [(1111.3544, -593.0750, 6.8860), (1111.6920, -591.7119, 6.8750), (1116.9780, -570.3656, 6.6990), (1117.1862, -569.5145, 6.6620), (1125.7383, -535.3506, 6.4150), (1114.7517, -593.9165, 6.8860), (1115.0894, -592.5533, 6.8750), (1120.3755, -571.2065, 6.6990), (1120.5815, -570.3639, 6.6620), (1129.1335, -536.2005, 6.4150)]
            int[] faceVertexCounts = [4, 4, 4, 4]
            int[] faceVertexIndices = [0, 1, 6, 5, 1, 2, 7, 6, 2, 3, 8, 7, 3, 4, 9, 8]
            uniform token subdivisionScheme = "none"
        }

        def Mesh "Road_39"
        {
            point3f[] points = [(1232.5056, -1895.4984, 0.3000), (1322.8465, -1809.8250, 5.0050), (1323.0869, -1809.5955, 5.0050), (1429.7548, -1707.6591, 5.5090), (1234.9140, -1898.0381, 0.3000), (1325.2549, -1812.3646, 5.0050), (1325.5050, -1812.1258, 5.0050), (1432.1729, -1710.1895, 5.5090)]
            int[] faceVertexCounts = [4, 4, 4]
            int[] faceVertexIndices = [0, 1, 5, 4, 1, 2, 6, 5, 2, 3, 7, 6]
            uniform token subdivisionScheme = "none"
        }

        def Mesh "Road_40"
        {
            point3f[] points = [(277.5577, -772.9719, 5.6240), (276.6276, -771.3997, 5.6240), (273.5183, -766.3251, 5.5910), (271.3084, -763.1290, 5.6090), (268.7169, -759.8301, 5.6730), (260.3393, -747.2827, 5.5090), (280.5699, -771.1895, 5.6240), (279.6184, -769.5818, 5.6240), (276.4615, -764.4310, 5.5910), (274.1236, -761.0494, 5.6090), (271.5948, -757.8381, 5.6730), (263.2502, -745.3392, 5.5090)]
            int[] faceVertexCounts = [4, 4, 4, 4, 4]
            int[] faceVertexIndices = [0, 1, 7, 6, 1, 2, 8, 7, 2, 3, 9, 8, 3, 4, 10, 9, 4, 5, 11, 10]
            uniform token subdivisionScheme = "none"
        }

        def Mesh "Road_41"
        {
            point3f[] points = [(-29.5392, -1648.4436, 0.3000), (-27.9063, -1648.2848, 0.3000), (11.9702, -1645.2836, 6.3670), (12.2776, -1645.2587, 6.3670), (71.9543, -1639.2831, 6.0190), (73.4650, -1639.1222, 6.0190), (137.1308, -1632.8517, 5.7880), (138.9202, -1632.6966, 5.7950), (206.5988, -1626.4187, 5.7310), (208.4644, -1626.2005, 5.7600), (216.5607, -1625.1014, 5.7570), (251.7869, -1621.8933, 6.0610), (-29.1995, -1651.9271, 0.3000), (-27.6406, -1651.7747, 0.3000), (12.2331, -1648.7737, 6.3670), (12.6259, -1648.7413, 6.3670), (72.3035, -1642.7656, 6.0190), (73.8087, -1642.6053, 6.0190), (137.4727, -1636.3349, 5.7880), (139.2429, -1636.1817, 5.7950), (206.9244, -1629.9036, 5.7310), (208.9231, -1629.6703, 5.7600), (216.9069, -1628.5842, 5.7570), (252.1043, -1625.3789, 6.0610)]
            int[] faceVertexCounts = [4, 4, 4, 4, 4, 4, 4, 4, 4, 4, 4]
            int[] faceVertexIndices = [0, 1, 13, 12, 1, 2, 14, 13, 2, 3, 15, 14, 3, 4, 16, 15, 4, 5, 17, 16, 5, 6, 18, 17, 6, 7, 19, 18, 7, 8, 20, 19, 8, 9, 21, 20, 9, 10, 22, 21, 10, 11, 23, 22]
            uniform token subdivisionScheme = "none"
        }

        def Mesh "Road_42"
        {
            point3f[] points = [(1299.5523, -868.6105, 7.4810), (1267.3368, -856.1039, 7.5560), (1261.5985, -853.6669, 7.5360), (1229.0312, -838.3426, 7.5480), (1228.4573, -838.0614, 7.5070), (1169.2215, -809.0183, 7.4730), (1161.0895, -805.0453, 7.4540), (1159.8571, -804.4408, 7.4260), (1127.6128, -788.4425, 7.3820), (1300.8190, -865.3477, 7.4810), (1268.6188, -852.8471, 7.5560), (1263.0710, -850.4918, 7.5360), (1230.5222, -835.1761, 7.5480), (1229.9981, -834.9188, 7.5070), (1170.7618, -805.8754, 7.4730), (1162.6266, -801.9009, 7.4540), (1161.4122, -801.3052, 7.4260), (1129.1684, -785.3072, 7.3820)]
            int[] faceVertexCounts = [4, 4, 4, 4, 4, 4, 4, 4]
            int[] faceVertexIndices = [0, 1, 10, 9, 1, 2, 11, 10, 2, 3, 12, 11, 3, 4, 13, 12, 4, 5, 14, 13, 5, 6, 15, 14, 6, 7, 16, 15, 7, 8, 17, 16]
            uniform token subdivisionScheme = "none"
        }

        def Mesh "Road_43"
        {
            point3f[] points = [(1730.4461, -1054.6868, 7.7480), (1685.9060, -1033.9138, 7.6630), (1731.9255, -1051.5148, 7.7480), (1687.3853, -1030.7418, 7.6630)]
            int[] faceVertexCounts = [4]
            int[] faceVertexIndices = [0, 1, 3, 2]
            uniform token subdivisionScheme = "none"
        }

        def Mesh "Road_44"
        {
            point3f[] points = [(1171.7004, -1782.2774, 5.1540), (1177.3005, -1778.6227, 5.0620), (1173.6133, -1785.2084, 5.1540), (1179.2133, -1781.5537, 5.0620)]
            int[] faceVertexCounts = [4]
            int[] faceVertexIndices = [0, 1, 3, 2]
            uniform token subdivisionScheme = "none"
        }

        def Mesh "Road_45"
        {
            point3f[] points = [(1176.7129, -1780.9119, 5.0620), (1172.6392, -1773.2756, 5.1230), (1163.0822, -1754.6040, 5.1500), (1153.0835, -1733.7150, 5.2060), (1143.7181, -1713.7942, 5.2760), (1179.8009, -1779.2645, 5.0620), (1175.7468, -1771.6654, 5.1230), (1166.2198, -1753.0531, 5.1500), (1156.2456, -1732.2146, 5.2060), (1146.8855, -1712.3051, 5.2760)]
            int[] faceVertexCounts = [4, 4, 4, 4]
            int[] faceVertexIndices = [0, 1, 6, 5, 1, 2, 7, 6, 2, 3, 8, 7, 3, 4, 9, 8]
            uniform token subdivisionScheme = "none"
        }

        def Mesh "Road_46"
        {
            point3f[] points = [(1384.4332, -702.7004, 7.3520), (1404.4176, -658.1936, 7.1650), (1420.7040, -619.5534, 6.9660), (1387.6261, -704.1341, 7.3520), (1407.6256, -659.5931, 7.1650), (1423.9292, -620.9128, 6.9660)]
            int[] faceVertexCounts = [4, 4]
            int[] faceVertexIndices = [0, 1, 4, 3, 1, 2, 5, 4]
            uniform token subdivisionScheme = "none"
        }

        def Mesh "Road_47"
        {
            point3f[] points = [(1751.8885, -1198.4295, 6.4430), (1745.7769, -1192.8643, 6.4170), (1741.0548, -1188.5928, 6.3950), (1734.7192, -1185.8245, 6.4060), (1726.5595, -1183.8702, 6.4410), (1715.3565, -1181.7126, 6.4630), (1693.3698, -1177.9343, 6.4640), (1669.8486, -1174.3966, 6.5200), (1644.9940, -1170.3393, 6.7310), (1754.2450, -1195.8416, 6.4430), (1748.1251, -1190.2690, 6.4170), (1742.9282, -1185.6364, 6.3950), (1735.8128, -1182.4997, 6.4060), (1727.2882, -1180.4469, 6.4410), (1715.9728, -1178.2673, 6.4630), (1693.9254, -1174.4787, 6.4640), (1670.3914, -1170.9390, 6.5200), (1645.5579, -1166.8850, 6.7310)]
            int[] faceVertexCounts = [4, 4, 4, 4, 4, 4, 4, 4]
            int[] faceVertexIndices = [0, 1, 10, 9, 1, 2, 11, 10, 2, 3, 12, 11, 3, 4, 13, 12, 4, 5, 14, 13, 5, 6, 15, 14, 6, 7, 16, 15, 7, 8, 17, 16]
            uniform token subdivisionScheme = "none"
        }

        def Mesh "Road_48"
        {
            point3f[] points = [(231.8967, -1557.0007, 6.2380), (243.9928, -1551.1943, 6.2780), (245.5682, -1550.2568, 6.2190), (247.1796, -1549.2159, 6.1730), (248.7265, -1548.0997, 6.1730), (250.0627, -1547.0142, 6.1610), (251.4719, -1545.7341, 6.1640), (252.8094, -1544.3788, 6.1680), (254.0604, -1542.9663, 6.1540), (256.4872, -1539.8990, 6.1380), (259.9086, -1535.0805, 6.1140), (265.3631, -1526.5894, 6.1360), (271.3018, -1516.2248, 6.2220), (272.1560, -1514.6165, 6.2190), (277.4533, -1503.9419, 6.1820), (289.2389, -1476.4000, 6.4740), (233.4113, -1560.1560, 6.2380), (245.5428, -1554.3324, 6.2780), (247.4093, -1553.2334, 6.2190), (249.1541, -1552.1058, 6.1730), (250.8512, -1550.8810, 6.1730), (252.3470, -1549.6660, 6.1610), (253.8951, -1548.2596, 6.1640), (255.3664, -1546.7688, 6.1680), (256.7649, -1545.1879, 6.1540), (259.2985, -1541.9838, 6.1380), (262.8205, -1537.0225, 6.1140), (268.3586, -1528.3996, 6.1360), (274.3462, -1517.9516, 6.2220), (275.2854, -1516.1839, 6.2190), (280.6486, -1505.3703, 6.1820), (292.4567, -1477.7770, 6.4740)]
            int[] faceVertexCounts = [4, 4, 4, 4, 4, 4, 4, 4, 4, 4, 4, 4, 4, 4, 4]
            int[] faceVertexIndices = [0, 1, 17, 16, 1, 2, 18, 17, 2, 3, 19, 18, 3, 4, 20, 19, 4, 5, 21, 20, 5, 6, 22, 21, 6, 7, 23, 22, 7, 8, 24, 23, 8, 9, 25, 24, 9, 10, 26, 25, 10, 11, 27, 26, 11, 12, 28, 27, 12, 13, 29, 28, 13, 14, 30, 29, 14, 15, 31, 30]
            uniform token subdivisionScheme = "none"
        }

        def Mesh "Road_49"
        {
            point3f[] points = [(2086.7133, -1628.9189, 8.1440), (2100.8315, -1594.7393, 9.0370), (2089.9482, -1630.2551, 8.1440), (2104.0664, -1596.0756, 9.0370)]
            int[] faceVertexCounts = [4]
            int[] faceVertexIndices = [0, 1, 3, 2]
            uniform token subdivisionScheme = "none"
        }

        def Mesh "Road_50"
        {
            point3f[] points = [(337.2321, -1209.0037, 6.0910), (338.3861, -1194.5893, 6.0800), (340.7209, -1209.2830, 6.0910), (341.8750, -1194.8687, 6.0800)]
            int[] faceVertexCounts = [4]
            int[] faceVertexIndices = [0, 1, 3, 2]
            uniform token subdivisionScheme = "none"
        }

        def Mesh "Road_51"
        {
            point3f[] points = [(347.4078, -1194.5778, 5.8080), (347.9712, -1189.6058, 5.6720), (350.0025, -1169.6089, 5.5210), (351.8639, -1141.4124, 5.3460), (353.9773, -1112.4697, 5.3650), (355.7936, -1087.7695, 5.5050), (357.4181, -1067.0158, 5.7430), (350.8855, -1194.9718, 5.8080), (351.4525, -1189.9675, 5.6720), (353.4911, -1169.8907, 5.5210), (355.3555, -1141.6553, 5.3460), (357.4680, -1112.7254, 5.3650), (359.2836, -1088.0337, 5.5050), (360.9074, -1067.2889, 5.7430)]
            int[] faceVertexCounts = [4, 4, 4, 4, 4, 4]
            int[] faceVertexIndices = [0, 1, 8, 7, 1, 2, 9, 8, 2, 3, 10, 9, 3, 4, 11, 10, 4, 5, 12, 11, 5, 6, 13, 12]
            uniform token subdivisionScheme = "none"
        }

        def Mesh "Road_52"
        {
            point3f[] points = [(1043.3193, -676.7951, 7.0240), (1042.4173, -677.6161, 7.0130), (1037.8569, -681.5691, 6.9540), (1036.1388, -682.8541, 6.9300), (1034.4143, -683.9932, 6.8760), (1033.7298, -684.4077, 6.8760), (1031.9132, -685.4017, 6.8760), (1030.0120, -686.2992, 6.8940), (1028.0756, -687.0817, 6.9150), (1026.1161, -687.7692, 6.9050), (1024.1354, -688.3709, 6.9210), (1022.1600, -688.8900, 6.9210), (1021.5220, -689.0404, 6.9060), (1017.5431, -689.8346, 6.9120), (1013.4826, -690.4008, 6.9460), (1007.4701, -690.9424, 6.9970), (1006.5456, -691.0017, 6.9970), (1004.4837, -691.1144, 6.9970), (976.4981, -691.6220, 7.1570), (975.4358, -691.6505, 7.1630), (937.5006, -693.5690, 7.1380), (935.5577, -693.6341, 7.1760), (891.5982, -694.9022, 7.0430), (873.5104, -695.3863, 6.9980), (860.9069, -695.8757, 6.9180), (855.4679, -696.2309, 6.9450), (852.7466, -695.8696, 6.9510), (850.6093, -695.4075, 6.9480), (848.4448, -694.6204, 6.9600), (846.5023, -693.4001, 7.0000), (845.4238, -692.4108, 7.0000), (844.0523, -690.6309, 7.0010), (842.9862, -688.6358, 7.0010), (842.2466, -686.6221, 7.0250), (841.7393, -684.4951, 7.0210), (841.4515, -682.3551, 7.0370), (841.3426, -680.1864, 7.0630), (841.5111, -672.1802, 7.1080), (841.4731, -670.9299, 7.1080), (840.2391, -656.9928, 7.1560), (840.1356, -654.9036, 7.1430), (840.1107, -652.8333, 7.1790), (840.1764, -650.7526, 7.1800), (840.3513, -648.6597, 7.1800), (840.6627, -646.5599, 7.1630), (841.1388, -644.4762, 7.1850), (841.7463, -642.5723, 7.1980), (842.5701, -640.5812, 7.2590), (843.5946, -638.6611, 7.2500), (844.8786, -636.7526, 7.2760), (846.2371, -635.0839, 7.2520), (847.7155, -633.5446, 7.2850), (849.2910, -632.1267, 7.3020), (850.9653, -630.8070, 7.3040), (857.5027, -626.2082, 7.3500), (862.3992, -622.5340, 7.3290), (873.1061, -613.5697, 7.4380), (873.3455, -613.3647, 7.4380), (900.4776, -589.7288, 7.4260), (901.2563, -589.0313, 7.4390), (924.8108, -567.3920, 7.4690), (1040.9628, -674.2074, 7.0240), (1040.1140, -674.9808, 7.0130), (1035.6129, -678.8832, 6.9540), (1034.1271, -679.9900, 6.9300), (1032.5154, -681.0531, 6.8760), (1032.0142, -681.3570, 6.8760), (1030.3249, -682.2828, 6.8760), (1028.6090, -683.0927, 6.8940), (1026.8405, -683.8068, 6.9150), (1025.0279, -684.4427, 6.9050), (1023.1821, -685.0033, 6.9210), (1021.2893, -685.5000, 6.9210), (1020.8213, -685.6113, 6.9060), (1016.9583, -686.3838, 6.9120), (1013.1008, -686.9216, 6.9460), (1007.1679, -687.4555, 6.9970), (1006.3439, -687.5075, 6.9970), (1004.4116, -687.6151, 6.9970), (976.4334, -688.1226, 7.1570), (975.2614, -688.1548, 7.1630), (937.3267, -690.0733, 7.1380), (935.4562, -690.1356, 7.1760), (891.4994, -691.4036, 7.0430), (873.3994, -691.8880, 6.9980), (860.7430, -692.3796, 6.9180), (855.4601, -692.7309, 6.9450), (853.3427, -692.4207, 6.9510), (851.5726, -692.0427, 6.9480), (849.9828, -691.4764, 6.9600), (848.5538, -690.5644, 7.0000), (848.0621, -690.1110, 7.0000), (846.9916, -688.7308, 7.0010), (846.1791, -687.2022, 7.0010), (845.5991, -685.6165, 7.0250), (845.1804, -683.8561, 7.0210), (844.9366, -682.0333, 7.0370), (844.8425, -680.2099, 7.0630), (845.0108, -672.2265, 7.1080), (844.9610, -670.6396, 7.1080), (843.7269, -656.7012, 7.1560), (843.6340, -654.7966, 7.1430), (843.6106, -652.8672, 7.1790), (843.6706, -650.9533, 7.1800), (843.8281, -649.0617, 7.1800), (844.1024, -647.2064, 7.1630), (844.5165, -645.3932, 7.1850), (845.0316, -643.7793, 7.1980), (845.7353, -642.0750, 7.2590), (846.5913, -640.4694, 7.2500), (847.6934, -638.8327, 7.2760), (848.8581, -637.4035, 7.2520), (850.1496, -636.0596, 7.2850), (851.5465, -634.8030, 7.3020), (853.0103, -633.6474, 7.3040), (859.5549, -629.0434, 7.3500), (864.6019, -625.2540, 7.3290), (875.3537, -616.2527, 7.4380), (875.6442, -616.0039, 7.4380), (902.7777, -592.3670, 7.4260), (903.6231, -591.6098, 7.4390), (927.1786, -569.9694, 7.4690)]
            int[] faceVertexCounts = [4, 4, 4, 4, 4, 4, 4, 4, 4, 4, 4, 4, 4, 4, 4, 4, 4, 4, 4, 4, 4, 4, 4, 4, 4, 4, 4, 4, 4, 4, 4, 4, 4, 4, 4, 4, 4, 4, 4, 4, 4, 4, 4, 4, 4, 4, 4, 4, 4, 4, 4, 4, 4, 4, 4, 4, 4, 4, 4, 4]
            int[] faceVertexIndices = [0, 1, 62, 61, 1, 2, 63, 62, 2, 3, 64, 63, 3, 4, 65, 64, 4, 5, 66, 65, 5, 6, 67, 66, 6, 7, 68, 67, 7, 8, 69, 68, 8, 9, 70, 69, 9, 10, 71, 70, 10, 11, 72, 71, 11, 12, 73, 72, 12, 13, 74, 73, 13, 14, 75, 74, 14, 15, 76, 75, 15, 16, 77, 76, 16, 17, 78, 77, 17, 18, 79, 78, 18, 19, 80, 79, 19, 20, 81, 80, 20, 21, 82, 81, 21, 22, 83, 82, 22, 23, 84, 83, 23, 24, 85, 84, 24, 25, 86, 85, 25, 26, 87, 86, 26, 27, 88, 87, 27, 28, 89, 88, 28, 29, 90, 89, 29, 30, 91, 90, 30, 31, 92, 91, 31, 32, 93, 92, 32, 33, 94, 93, 33, 34, 95, 94, 34, 35, 96, 95, 35, 36, 97, 96, 36, 37, 98, 97, 37, 38, 99, 98, 38, 39, 100, 99, 39, 40, 101, 100, 40, 41, 102, 101, 41, 42, 103, 102, 42, 43, 104, 103, 43, 44, 105, 104, 44, 45, 106, 105, 45, 46, 107, 106, 46, 47, 108, 107, 47, 48, 109, 108, 48, 49, 110, 109, 49, 50, 111, 110, 50, 51, 112, 111, 51, 52, 113, 112, 52, 53, 114, 113, 53, 54, 115, 114, 54, 55, 116, 115, 55, 56, 117, 116, 56, 57, 118, 117, 57, 58, 119, 118, 58, 59, 120, 119, 59, 60, 121, 120]
            uniform token subdivisionScheme = "none"
        }

        def Mesh "Road_53"
        {
            point3f[] points = [(2109.1895, -1594.7009, 8.6820), (2117.4673, -1576.2187, 8.5650), (2127.3184, -1554.3042, 8.3550), (2112.3838, -1596.1316, 8.6820), (2120.6605, -1577.6518, 8.5650), (2130.5107, -1555.7392, 8.3550)]
            int[] faceVertexCounts = [4, 4]
            int[] faceVertexIndices = [0, 1, 4, 3, 1, 2, 5, 4]
            uniform token subdivisionScheme = "none"
        }

        def Mesh "Road_54"
        {
            point3f[] points = [(2000.3294, -762.3891, 6.2400), (1970.3900, -696.1726, 7.4950), (1947.9050, -649.3343, 7.4620), (1947.7270, -648.9561, 7.4770), (1928.8819, -607.4190, 7.3620), (2003.5185, -760.9471, 6.2400), (1973.5652, -694.7002, 7.4950), (1951.0603, -647.8198, 7.4620), (1950.9141, -647.5097, 7.4770), (1932.0692, -605.9730, 7.3620)]
            int[] faceVertexCounts = [4, 4, 4, 4]
            int[] faceVertexIndices = [0, 1, 6, 5, 1, 2, 7, 6, 2, 3, 8, 7, 3, 4, 9, 8]
            uniform token subdivisionScheme = "none"
        }

        def Mesh "Road_55"
        {
            point3f[] points = [(1521.1290, -587.7643, 6.5450), (1524.1797, -577.8557, 6.6230), (1526.6367, -567.5700, 6.6200), (1531.3093, -546.3492, 6.5520), (1533.7515, -535.6727, 6.5360), (1538.9252, -531.7605, 6.4710), (1547.5486, -530.6219, 6.4110), (1638.9513, -534.6783, 6.2690), (1686.1154, -525.9014, 6.3690), (1524.4741, -588.7939, 6.5450), (1527.5564, -578.7765, 6.6230), (1530.0504, -568.3426, 6.6200), (1534.7265, -547.1062, 6.5520), (1536.8999, -537.2016, 6.5360), (1540.0343, -535.0801, 6.4710), (1547.4429, -534.1203, 6.4110), (1639.0708, -538.1762, 6.2690), (1686.7544, -529.3426, 6.3690)]
            int[] faceVertexCounts = [4, 4, 4, 4, 4, 4, 4, 4]
            int[] faceVertexIndices = [0, 1, 10, 9, 1, 2, 11, 10, 2, 3, 12, 11, 3, 4, 13, 12, 4, 5, 14, 13, 5, 6, 15, 14, 6, 7, 16, 15, 7, 8, 17, 16]
            uniform token subdivisionScheme = "none"
        }

        def Mesh "Road_56"
        {
            point3f[] points = [(421.0279, -635.3879, 6.3470), (430.2483, -621.1514, 6.2970), (444.3001, -600.4644, 6.2150), (457.5497, -580.6067, 6.1710), (470.1438, -560.9806, 6.2040), (423.9656, -637.2905, 6.3470), (433.1609, -623.0922, 6.2970), (447.2032, -602.4193, 6.2150), (460.4782, -582.5235, 6.1710), (473.0894, -562.8709, 6.2040)]
            int[] faceVertexCounts = [4, 4, 4, 4]
            int[] faceVertexIndices = [0, 1, 6, 5, 1, 2, 7, 6, 2, 3, 8, 7, 3, 4, 9, 8]
            uniform token subdivisionScheme = "none"
        }

        def Mesh "Road_57"
        {
            point3f[] points = [(1066.4330, -778.5284, 7.0670), (1065.0329, -766.6450, 7.0530), (1067.8556, -753.7805, 7.2150), (1076.1393, -719.4276, 7.1370), (1069.9080, -778.1110, 7.0670), (1068.5271, -766.8460, 7.0530), (1071.2621, -754.5838, 7.2150), (1079.5418, -720.2480, 7.1370)]
            int[] faceVertexCounts = [4, 4, 4]
            int[] faceVertexIndices = [0, 1, 5, 4, 1, 2, 6, 5, 2, 3, 7, 6]
            uniform token subdivisionScheme = "none"
        }

        def Mesh "Road_58"
        {
            point3f[] points = [(2069.0479, -1126.4156, 6.3960), (2067.8547, -1125.9761, 6.4160), (2056.7285, -1121.2743, 6.5380), (2070.2533, -1123.1297, 6.3960), (2069.2030, -1122.7462, 6.4160), (2058.0909, -1118.0503, 6.5380)]
            int[] faceVertexCounts = [4, 4]
            int[] faceVertexIndices = [0, 1, 4, 3, 1, 2, 5, 4]
            uniform token subdivisionScheme = "none"
        }

        def Mesh "Road_59"
        {
            point3f[] points = [(2251.8668, -1046.2773, 0.3000), (2244.9641, -1042.2181, 0.3000), (2243.2323, -1041.1234, 0.3000), (2242.7732, -1040.8247, 0.3000), (2232.9779, -1033.8936, 0.3000), (2231.6539, -1032.9317, 0.3000), (2211.9079, -1019.3130, 0.3000), (2210.7015, -1018.4723, 0.3000), (2185.0672, -999.1502, 0.3000), (2160.5035, -978.5950, 0.3000), (2159.5351, -977.7431, 7.2310), (2134.6314, -954.6190, 7.2650), (2134.1212, -954.1207, 7.2650), (2114.5979, -934.0640, 7.3320), (2113.2118, -932.5433, 7.3440), (2111.9385, -931.1297, 7.3670), (2094.8618, -912.1747, 7.3850), (2079.8131, -893.2208, 7.4100), (2066.3190, -875.1738, 7.4020), (2054.7961, -857.3180, 7.3720), (2052.7749, -853.7690, 7.3620), (2052.5496, -853.3489, 7.3620), (2051.6222, -851.5216, 7.3920), (2050.7824, -849.6422, 7.3430), (2050.5462, -849.0428, 7.3430), (2049.8776, -847.0643, 7.3220), (2049.3586, -844.9788, 7.3280), (2049.0324, -842.9117, 7.3010), (2048.9728, -842.3206, 7.2790), (2048.8744, -840.2720, 7.2470), (2048.8042, -836.2722, 7.1950), (2048.7470, -835.2956, 7.1950), (2048.4975, -833.4378, 7.1860), (2048.0889, -831.6287, 7.1460), (2047.5307, -829.8254, 7.1180), (2047.1039, -828.6927, 7.1310), (2046.3353, -826.9467, 7.1150), (2045.4649, -825.2549, 7.0690), (2044.4994, -823.5875, 7.0790), (2043.4612, -821.9264, 7.0690), (2043.0465, -821.2932, 7.1030), (2038.6361, -814.6197, 7.0130), (2038.4029, -814.2305, 7.0130), (2037.3874, -812.4055, 6.9930), (2034.7834, -806.9641, 6.9730), (2033.9737, -805.1825, 6.9730), (2028.0254, -792.5174, 6.9090), (2027.8958, -792.2320, 6.9090), (2025.3577, -786.8026, 6.8430), (2025.2297, -786.5548, 6.8430), (2024.3006, -784.7303, 6.8400), (2023.4398, -782.7828, 6.8070), (2022.9220, -781.0874, 6.8070), (2022.7384, -778.7468, 6.7870), (2023.0597, -776.4233, 6.7810), (2023.7894, -774.2273, 6.7710), (2024.8450, -772.2876, 6.7610), (2025.4176, -771.4950, 6.7610), (2026.8979, -769.8871, 6.7610), (2028.6631, -768.4829, 6.7660), (2030.5338, -767.3768, 6.7660), (2032.3617, -766.4442, 6.7520), (2033.6815, -765.7714, 6.7550), (2042.4308, -760.9503, 6.7800), (2043.8180, -760.1943, 6.7940), (2052.7580, -755.7030, 6.8140), (2054.2566, -754.9667, 6.8140), (2063.2209, -750.5319, 6.7630), (2064.6734, -749.8665, 6.7630), (2073.7964, -745.7925, 6.7470), (2074.2421, -745.5655, 6.7470), (2075.9378, -744.6264, 6.6790), (2077.5634, -743.6142, 6.6890), (2078.7034, -742.8173, 6.6990), (2080.2101, -741.6423, 6.6990), (2081.6111, -740.4181, 6.6630), (2086.0162, -736.0105, 6.7460), (2253.6409, -1043.2603, 0.3000), (2246.7578, -1039.2127, 0.3000), (2245.1091, -1038.1691, 0.3000), (2244.7904, -1037.9645, 0.3000), (2235.0038, -1031.0395, 0.3000), (2233.6455, -1030.0537, 0.3000), (2213.8957, -1016.4323, 0.3000), (2212.8037, -1015.6739, 0.3000), (2187.2443, -996.4097, 0.3000), (2162.7520, -975.9128, 0.3000), (2161.9143, -975.1761, 7.2310), (2137.0141, -952.0553, 7.2650), (2136.6278, -951.6781, 7.2650), (2117.1113, -931.6282, 7.3320), (2115.8057, -930.1935, 7.3440), (2114.5388, -928.7870, 7.3670), (2097.5319, -909.9118, 7.3850), (2082.5843, -891.0830, 7.4100), (2069.1906, -873.1729, 7.4020), (2057.7537, -855.4465, 7.3720), (2055.8211, -852.0454, 7.3620), (2055.6643, -851.7524, 7.3620), (2054.7814, -850.0152, 7.3920), (2053.9911, -848.2440, 7.3430), (2053.8498, -847.8867, 7.3430), (2053.2362, -846.0793, 7.3220), (2052.7889, -844.2837, 7.3280), (2052.4953, -842.4036, 7.3010), (2052.4671, -842.1195, 7.2790), (2052.3730, -840.1749, 7.2470), (2052.3029, -836.1787, 7.1950), (2052.2269, -834.9207, 7.1950), (2051.9422, -832.8180, 7.1860), (2051.4705, -830.7261, 7.1460), (2050.8487, -828.7114, 7.1180), (2050.3371, -827.3523, 7.1310), (2049.4945, -825.4402, 7.1150), (2048.5367, -823.5773, 7.0690), (2047.4985, -821.7832, 7.0790), (2046.4182, -820.0540, 7.0690), (2045.9672, -819.3646, 7.1030), (2041.5597, -812.6954, 7.0130), (2041.4528, -812.5136, 7.0130), (2040.5206, -810.8457, 6.9930), (2037.9478, -805.4688, 6.9730), (2037.1440, -803.6995, 6.9730), (2031.1938, -791.0304, 6.9090), (2031.0673, -790.7515, 6.9090), (2028.5256, -785.3143, 6.8430), (2028.3477, -784.9647, 6.8430), (2027.4611, -783.2265, 6.8400), (2026.7040, -781.5198, 6.8070), (2026.3700, -780.4865, 6.8070), (2026.2368, -778.8506, 6.7870), (2026.4676, -777.2207, 6.7810), (2026.9979, -775.6256, 6.7710), (2027.8604, -774.0645, 6.7610), (2028.0642, -773.7854, 6.7610), (2029.2840, -772.4476, 6.7610), (2030.6448, -771.3679, 6.7660), (2032.2176, -770.4452, 6.7660), (2033.9518, -769.5621, 6.7520), (2035.3577, -768.8439, 6.7550), (2044.1183, -764.0166, 6.7800), (2045.4032, -763.3147, 6.7940), (2054.3252, -758.8325, 6.8140), (2055.8073, -758.1044, 6.8140), (2064.7602, -753.6752, 6.7630), (2066.1045, -753.0605, 6.7630), (2075.2327, -748.9842, 6.7470), (2075.9112, -748.6419, 6.7470), (2077.7115, -747.6437, 6.6790), (2079.4804, -746.5425, 6.6890), (2080.7937, -745.6245, 6.6990), (2082.4399, -744.3400, 6.6990), (2084.0464, -742.9319, 6.6630), (2088.4917, -738.4847, 6.7460)]
            int[] faceVertexCounts = [4, 4, 4, 4, 4, 4, 4, 4, 4, 4, 4, 4, 4, 4, 4, 4, 4, 4, 4, 4, 4, 4, 4, 4, 4, 4, 4, 4, 4, 4, 4, 4, 4, 4, 4, 4, 4, 4, 4, 4, 4, 4, 4, 4, 4, 4, 4, 4, 4, 4, 4, 4, 4, 4, 4, 4, 4, 4, 4, 4, 4, 4, 4, 4, 4, 4, 4, 4, 4, 4, 4, 4, 4, 4, 4, 4]
            int[] faceVertexIndices = [0, 1, 78, 77, 1, 2, 79, 78, 2, 3, 80, 79, 3, 4, 81, 80, 4, 5, 82, 81, 5, 6, 83, 82, 6, 7, 84, 83, 7, 8, 85, 84, 8, 9, 86, 85, 9, 10, 87, 86, 10, 11, 88, 87, 11, 12, 89, 88, 12, 13, 90, 89, 13, 14, 91, 90, 14, 15, 92, 91, 15, 16, 93, 92, 16, 17, 94, 93, 17, 18, 95, 94, 18, 19, 96, 95, 19, 20, 97, 96, 20, 21, 98, 97, 21, 22, 99, 98, 22, 23, 100, 99, 23, 24, 101, 100, 24, 25, 102, 101, 25, 26, 103, 102, 26, 27, 104, 103, 27, 28, 105, 104, 28, 29, 106, 105, 29, 30, 107, 106, 30, 31, 108, 107, 31, 32, 109, 108, 32, 33, 110, 109, 33, 34, 111, 110, 34, 35, 112, 111, 35, 36, 113, 112, 36, 37, 114, 113, 37, 38, 115, 114, 38, 39, 116, 115, 39, 40, 117, 116, 40, 41, 118, 117, 41, 42, 119, 118, 42, 43, 120, 119, 43, 44, 121, 120, 44, 45, 122, 121, 45, 46, 123, 122, 46, 47, 124, 123, 47, 48, 125, 124, 48, 49, 126, 125, 49, 50, 127, 126, 50, 51, 128, 127, 51, 52, 129, 128, 52, 53, 130, 129, 53, 54, 131, 130, 54, 55, 132, 131, 55, 56, 133, 132, 56, 57, 134, 133, 57, 58, 135, 134, 58, 59, 136, 135, 59, 60, 137, 136, 60, 61, 138, 137, 61, 62, 139, 138, 62, 63, 140, 139, 63, 64, 141, 140, 64, 65, 142, 141, 65, 66, 143, 142, 66, 67, 144, 143, 67, 68, 145, 144, 68, 69, 146, 145, 69, 70, 147, 146, 70, 71, 148, 147, 71, 72, 149, 148, 72, 73, 150, 149, 73, 74, 151, 150, 74, 75, 152, 151, 75, 76, 153, 152]
            uniform token subdivisionScheme = "none"
        }

        def Mesh "Road_60"
        {
            point3f[] points = [(2168.1571, -1112.3506, 0.3000), (2149.7340, -1083.3813, 9.8150), (2171.1104, -1110.4724, 0.3000), (2152.6874, -1081.5031, 9.8150)]
            int[] faceVertexCounts = [4]
            int[] faceVertexIndices = [0, 1, 3, 2]
            uniform token subdivisionScheme = "none"
        }

        def Mesh "Road_61"
        {
            point3f[] points = [(2149.6615, -1083.2562, 9.8150), (2141.7707, -1068.2374, 9.9320), (2132.1531, -1049.8347, 9.5730), (2152.7599, -1081.6283, 9.8150), (2144.8711, -1066.6133, 9.9320), (2135.2550, -1048.2136, 9.5730)]
            int[] faceVertexCounts = [4, 4]
            int[] faceVertexIndices = [0, 1, 4, 3, 1, 2, 5, 4]
            uniform token subdivisionScheme = "none"
        }

        def Mesh "Road_62"
        {
            point3f[] points = [(1113.7241, -591.8795, 6.8860), (1128.5746, -598.0495, 6.8550), (1145.5712, -602.8705, 6.8400), (1166.9895, -606.8673, 6.7400), (1180.6101, -607.5285, 6.7180), (1195.2560, -605.5318, 6.6600), (1216.3866, -599.3352, 6.5730), (1232.5026, -593.9024, 6.5260), (1255.3175, -585.5681, 6.5380), (1112.3819, -595.1120, 6.8860), (1127.4334, -601.3582, 6.8550), (1144.7880, -606.2817, 6.8400), (1166.5302, -610.3371, 6.7400), (1180.7752, -611.0246, 6.7180), (1196.0352, -608.9439, 6.6600), (1217.4294, -602.6762, 6.5730), (1233.6694, -597.2022, 6.5260), (1256.5184, -588.8556, 6.5380)]
            int[] faceVertexCounts = [4, 4, 4, 4, 4, 4, 4, 4]
            int[] faceVertexIndices = [0, 1, 10, 9, 1, 2, 11, 10, 2, 3, 12, 11, 3, 4, 13, 12, 4, 5, 14, 13, 5, 6, 15, 14, 6, 7, 16, 15, 7, 8, 17, 16]
            uniform token subdivisionScheme = "none"
        }

        def Mesh "Road_63"
        {
            point3f[] points = [(2183.2809, -885.3395, 0.3000), (2171.3716, -871.4921, 0.3000), (2150.0480, -844.9864, 6.6090), (2144.0676, -836.9077, 6.6390), (2143.6957, -836.3928, 6.6560), (2129.0999, -814.8565, 6.7290), (2121.7906, -802.8579, 6.7520), (2121.4526, -802.2794, 6.7520), (2105.2869, -772.3854, 6.6980), (2104.5366, -770.9320, 6.6910), (2094.9018, -752.9528, 6.7730), (2092.9100, -745.7934, 6.8070), (2094.1765, -739.2714, 6.8240), (2185.9344, -883.0573, 0.3000), (2174.0734, -869.2671, 0.3000), (2152.7950, -842.8176, 6.6090), (2146.8821, -834.8271, 6.6390), (2146.5917, -834.4273, 6.6560), (2132.0301, -812.9424, 6.7290), (2124.7810, -801.0392, 6.7520), (2124.5303, -800.6127, 6.7520), (2108.3670, -770.7232, 6.6980), (2107.6232, -769.2820, 6.6910), (2098.0716, -751.4688, 6.7730), (2096.4061, -745.6282, 6.8070), (2097.6069, -739.9661, 6.8240)]
            int[] faceVertexCounts = [4, 4, 4, 4, 4, 4, 4, 4, 4, 4, 4, 4]
            int[] faceVertexIndices = [0, 1, 14, 13, 1, 2, 15, 14, 2, 3, 16, 15, 3, 4, 17, 16, 4, 5, 18, 17, 5, 6, 19, 18, 6, 7, 20, 19, 7, 8, 21, 20, 8, 9, 22, 21, 9, 10, 23, 22, 10, 11, 24, 23, 11, 12, 25, 24]
            uniform token subdivisionScheme = "none"
        }

        def Mesh "Road_64"
        {
            point3f[] points = [(699.2002, -792.9877, 6.3490), (696.6007, -789.9396, 6.3390), (695.4689, -788.8312, 6.3300), (694.0353, -787.4988, 6.3130), (693.5854, -787.1199, 6.3130), (693.0524, -786.6674, 6.3130), (691.5215, -785.4857, 6.2730), (689.9488, -784.3925, 6.2510), (688.3233, -783.3692, 6.2420), (686.5789, -782.3716, 6.2300), (677.3061, -776.6815, 6.2610), (663.4152, -769.5226, 6.2250), (652.6785, -763.2069, 6.1290), (641.4190, -754.4665, 6.0820), (625.4269, -739.9606, 5.9500), (701.8630, -790.7162, 6.3490), (699.2033, -787.5994, 6.3390), (697.8847, -786.2986, 6.3300), (696.3884, -784.9079, 6.3130), (695.8461, -784.4480, 6.3130), (695.2248, -783.9232, 6.3130), (693.5901, -782.6624, 6.2730), (691.8806, -781.4739, 6.2510), (690.1246, -780.3683, 6.2420), (688.3948, -779.3795, 6.2300), (679.0040, -773.6210, 6.2610), (665.0942, -766.4517, 6.2250), (654.6553, -760.3186, 6.1290), (643.6911, -751.8043, 6.0820), (627.7784, -737.3683, 5.9500)]
            int[] faceVertexCounts = [4, 4, 4, 4, 4, 4, 4, 4, 4, 4, 4, 4, 4, 4]
            int[] faceVertexIndices = [0, 1, 16, 15, 1, 2, 17, 16, 2, 3, 18, 17, 3, 4, 19, 18, 4, 5, 20, 19, 5, 6, 21, 20, 6, 7, 22, 21, 7, 8, 23, 22, 8, 9, 24, 23, 9, 10, 25, 24, 10, 11, 26, 25, 11, 12, 27, 26, 12, 13, 28, 27, 13, 14, 29, 28]
            uniform token subdivisionScheme = "none"
        }

        def Mesh "Road_65"
        {
            point3f[] points = [(1704.4202, -613.3418, 6.6730), (1652.6561, -625.6037, 6.7720), (1638.0147, -629.1801, 6.7370), (1629.9108, -629.0923, 6.6600), (1622.9691, -626.6973, 6.6600), (1614.9875, -623.7532, 6.6740), (1590.9356, -615.1319, 6.6710), (1547.0302, -599.4124, 6.5960), (1522.1768, -589.9138, 6.5450), (1703.6135, -609.9360, 6.6730), (1651.8438, -622.1993, 6.7720), (1637.4712, -625.7226, 6.7370), (1630.4950, -625.6414, 6.6600), (1624.1539, -623.4039, 6.6600), (1616.1760, -620.4612, 6.6740), (1592.1158, -611.8369, 6.6710), (1548.2354, -596.1264, 6.5960), (1523.4263, -586.6444, 6.5450)]
            int[] faceVertexCounts = [4, 4, 4, 4, 4, 4, 4, 4]
            int[] faceVertexIndices = [0, 1, 10, 9, 1, 2, 11, 10, 2, 3, 12, 11, 3, 4, 13, 12, 4, 5, 14, 13, 5, 6, 15, 14, 6, 7, 16, 15, 7, 8, 17, 16]
            uniform token subdivisionScheme = "none"
        }

        def Mesh "Road_66"
        {
            point3f[] points = [(1909.3497, -812.5725, 7.0160), (1888.6543, -805.1335, 7.0890), (1887.9953, -804.8843, 7.0890), (1841.8753, -785.6364, 7.1170), (1841.2111, -785.3467, 7.1170), (1808.0706, -770.7941, 7.0640), (1764.1665, -751.5326, 7.1310), (1741.7467, -743.2071, 7.1460), (1739.9052, -742.5919, 7.1120), (1738.0825, -741.9906, 7.1300), (1697.1184, -729.8773, 7.1800), (1910.5336, -809.2788, 7.0160), (1889.8395, -801.8403, 7.0890), (1889.3419, -801.6538, 7.0890), (1843.2240, -782.4067, 7.1170), (1842.6182, -782.1420, 7.1170), (1809.4772, -767.5892, 7.0640), (1765.5106, -748.3010, 7.1310), (1742.9570, -739.9230, 7.1460), (1741.0080, -739.2702, 7.1120), (1739.0795, -738.6356, 7.1300), (1698.1108, -726.5209, 7.1800)]
            int[] faceVertexCounts = [4, 4, 4, 4, 4, 4, 4, 4, 4, 4]
            int[] faceVertexIndices = [0, 1, 12, 11, 1, 2, 13, 12, 2, 3, 14, 13, 3, 4, 15, 14, 4, 5, 16, 15, 5, 6, 17, 16, 6, 7, 18, 17, 7, 8, 19, 18, 8, 9, 20, 19, 9, 10, 21, 20]
            uniform token subdivisionScheme = "none"
        }

        def Mesh "Road_67"
        {
            point3f[] points = [(1094.3857, -230.3488, 6.3970), (1104.1276, -228.9314, 6.4710), (1094.8897, -233.8123, 6.3970), (1104.6316, -232.3950, 6.4710)]
            int[] faceVertexCounts = [4]
            int[] faceVertexIndices = [0, 1, 3, 2]
            uniform token subdivisionScheme = "none"
        }

        def Mesh "Road_68"
        {
            point3f[] points = [(1063.9892, -1752.2233, 4.8770), (1068.3172, -1750.2870, 4.8600), (1073.0389, -1748.1753, 4.8630), (1084.1165, -1742.9504, 4.9950), (1098.6584, -1736.6031, 5.0910), (1111.9640, -1730.0121, 5.1690), (1124.3731, -1723.3531, 5.2210), (1132.1113, -1718.2369, 5.1840), (1139.4588, -1714.5453, 5.2800), (1065.4186, -1755.4182, 4.8770), (1069.7463, -1753.4819, 4.8600), (1074.5130, -1751.3497, 4.8630), (1085.5572, -1746.1401, 4.9950), (1100.1333, -1739.7772, 5.0910), (1113.5673, -1733.1233, 5.1690), (1126.1388, -1726.3750, 5.2210), (1133.8766, -1721.2591, 5.1840), (1141.0288, -1717.6735, 5.2800)]
            int[] faceVertexCounts = [4, 4, 4, 4, 4, 4, 4, 4]
            int[] faceVertexIndices = [0, 1, 10, 9, 1, 2, 11, 10, 2, 3, 12, 11, 3, 4, 13, 12, 4, 5, 14, 13, 5, 6, 15, 14, 6, 7, 16, 15, 7, 8, 17, 16]
            uniform token subdivisionScheme = "none"
        }

        def Mesh "Road_69"
        {
            point3f[] points = [(398.2203, -284.0198, 5.5490), (433.5200, -277.0420, 5.2200), (433.9418, -276.9718, 5.2140), (457.7203, -273.7846, 5.1200), (458.6931, -273.6986, 5.1200), (398.8991, -287.4533, 5.5490), (434.1978, -280.4757, 5.2200), (434.4082, -280.4406, 5.2140), (458.1794, -277.2544, 5.1200), (458.9948, -277.1856, 5.1200)]
            int[] faceVertexCounts = [4, 4, 4, 4]
            int[] faceVertexIndices = [0, 1, 6, 5, 1, 2, 7, 6, 2, 3, 8, 7, 3, 4, 9, 8]
            uniform token subdivisionScheme = "none"
        }

        def Mesh "Road_70"
        {
            point3f[] points = [(1070.6073, -713.2447, 7.1390), (1057.1635, -696.6009, 7.0650), (1056.4762, -695.7561, 7.0650), (1041.2710, -677.1988, 7.0240), (1040.7890, -676.6123, 7.0240), (1073.3300, -711.0454, 7.1390), (1059.8858, -694.4011, 7.0650), (1059.1838, -693.5382, 7.0650), (1043.9781, -674.9805, 7.0240), (1043.4931, -674.3902, 7.0240)]
            int[] faceVertexCounts = [4, 4, 4, 4]
            int[] faceVertexIndices = [0, 1, 6, 5, 1, 2, 7, 6, 2, 3, 8, 7, 3, 4, 9, 8]
            uniform token subdivisionScheme = "none"
        }

        def Mesh "Road_71"
        {
            point3f[] points = [(1066.9621, -1762.5232, 4.8660), (1063.1279, -1754.5816, 4.8770), (1070.1140, -1761.0015, 4.8660), (1066.2798, -1753.0599, 4.8770)]
            int[] faceVertexCounts = [4]
            int[] faceVertexIndices = [0, 1, 3, 2]
            uniform token subdivisionScheme = "none"
        }

        def Mesh "Road_72"
        {
            point3f[] points = [(1819.7026, -326.1084, 3.5320), (1843.9004, -324.7882, 4.5670), (1885.8658, -320.6660, 5.6440), (1911.7846, -318.5572, 5.6870), (1913.2100, -318.4034, 5.7080), (1927.0767, -316.5649, 5.7100), (1928.0302, -316.4285, 5.7420), (1819.8934, -329.6032, 3.5320), (1844.1873, -328.2764, 4.5670), (1886.1857, -324.1513, 5.6440), (1912.0734, -322.0453, 5.6870), (1913.6617, -321.8741, 5.7080), (1927.5390, -320.0342, 5.7100), (1928.5257, -319.8932, 5.7420)]
            int[] faceVertexCounts = [4, 4, 4, 4, 4, 4]
            int[] faceVertexIndices = [0, 1, 8, 7, 1, 2, 9, 8, 2, 3, 10, 9, 3, 4, 11, 10, 4, 5, 12, 11, 5, 6, 13, 12]
            uniform token subdivisionScheme = "none"
        }

        def Mesh "Road_73"
        {
            point3f[] points = [(658.0435, -251.5279, 5.1820), (658.7550, -251.2992, 5.1820), (687.2565, -241.9761, 5.2170), (687.7846, -241.7955, 5.2170), (725.4228, -228.3029, 5.5520), (727.2215, -227.6511, 5.5550), (764.5449, -213.3338, 5.8930), (765.2718, -213.0201, 5.9210), (770.6951, -210.5751, 5.9420), (777.7647, -207.0005, 6.0870), (781.0862, -205.0246, 6.1400), (784.3265, -202.8215, 6.2120), (785.8627, -201.6675, 6.2420), (787.0306, -200.7385, 6.2730), (789.9735, -198.1878, 6.3220), (797.0490, -191.1749, 6.5280), (659.1144, -254.8600, 5.1820), (659.8427, -254.6259, 5.1820), (688.3455, -245.3023, 5.2170), (688.9649, -245.0904, 5.2170), (726.6044, -231.5974, 5.5520), (728.4722, -230.9200, 5.5550), (765.8012, -216.6005, 5.8930), (766.7033, -216.2140, 5.9210), (772.2146, -213.7281, 5.9420), (779.4147, -210.0872, 6.0870), (782.9651, -207.9775, 6.1400), (786.3390, -205.6850, 6.2120), (787.9987, -204.4401, 6.2420), (789.2924, -203.4095, 6.2730), (792.3898, -200.7200, 6.3220), (799.5127, -193.6608, 6.5280)]
            int[] faceVertexCounts = [4, 4, 4, 4, 4, 4, 4, 4, 4, 4, 4, 4, 4, 4, 4]
            int[] faceVertexIndices = [0, 1, 17, 16, 1, 2, 18, 17, 2, 3, 19, 18, 3, 4, 20, 19, 4, 5, 21, 20, 5, 6, 22, 21, 6, 7, 23, 22, 7, 8, 24, 23, 8, 9, 25, 24, 9, 10, 26, 25, 10, 11, 27, 26, 11, 12, 28, 27, 12, 13, 29, 28, 13, 14, 30, 29, 14, 15, 31, 30]
            uniform token subdivisionScheme = "none"
        }

        def Mesh "Road_74"
        {
            point3f[] points = [(2094.2616, -738.9821, 6.8240), (2116.9517, -680.8836, 6.8180), (2097.5218, -740.2554, 6.8240), (2120.2119, -682.1568, 6.8180)]
            int[] faceVertexCounts = [4]
            int[] faceVertexIndices = [0, 1, 3, 2]
            uniform token subdivisionScheme = "none"
        }

        def Mesh "Road_75"
        {
            point3f[] points = [(724.2473, -446.2714, 8.7360), (724.8030, -445.6626, 8.8170), (735.8848, -434.1218, 9.6070), (737.3418, -432.6929, 9.7090), (741.6680, -428.5334, 9.8490), (726.8341, -448.6291, 8.7360), (727.3305, -448.0837, 8.8170), (738.4012, -436.5544, 9.6070), (739.7736, -435.2101, 9.7090), (744.0938, -431.0563, 9.8490)]
            int[] faceVertexCounts = [4, 4, 4, 4]
            int[] faceVertexIndices = [0, 1, 6, 5, 1, 2, 7, 6, 2, 3, 8, 7, 3, 4, 9, 8]
            uniform token subdivisionScheme = "none"
        }

        def Mesh "Road_76"
        {
            point3f[] points = [(932.3693, -1487.3422, 5.3170), (932.5527, -1487.1246, 5.3170), (933.2864, -1485.6151, 5.2890), (933.5406, -1484.0308, 5.2900), (933.5268, -1482.2317, 5.2870), (933.4615, -1481.5817, 5.2870), (933.1523, -1479.7236, 5.3050), (932.6888, -1477.9514, 5.3170), (932.0540, -1476.2402, 5.2910), (930.4203, -1472.6662, 5.2960), (929.5338, -1470.9390, 5.2520), (928.7523, -1469.4353, 5.2640), (916.7204, -1444.1630, 5.2520), (916.1067, -1442.8545, 5.2650), (902.9503, -1415.7430, 5.3730), (885.7468, -1377.4261, 5.2010), (885.1225, -1375.9893, 5.1990), (935.1924, -1489.4111, 5.3170), (935.6513, -1488.7522, 5.3170), (936.6256, -1486.6637, 5.2890), (937.0293, -1484.3123, 5.2900), (937.0250, -1482.1186, 5.2870), (936.9246, -1481.0749, 5.2870), (936.5748, -1478.9912, 5.3050), (936.0266, -1476.8983, 5.3170), (935.2719, -1474.8637, 5.2910), (933.5814, -1471.1636, 5.2960), (932.6438, -1469.3335, 5.2520), (931.9095, -1467.9246, 5.2640), (919.8810, -1442.6594, 5.2520), (919.2564, -1441.3284, 5.2650), (906.1251, -1414.2698, 5.3730), (888.9403, -1375.9940, 5.2010), (888.3327, -1374.5948, 5.1990)]
            int[] faceVertexCounts = [4, 4, 4, 4, 4, 4, 4, 4, 4, 4, 4, 4, 4, 4, 4, 4]
            int[] faceVertexIndices = [0, 1, 18, 17, 1, 2, 19, 18, 2, 3, 20, 19, 3, 4, 21, 20, 4, 5, 22, 21, 5, 6, 23, 22, 6, 7, 24, 23, 7, 8, 25, 24, 8, 9, 26, 25, 9, 10, 27, 26, 10, 11, 28, 27, 11, 12, 29, 28, 12, 13, 30, 29, 13, 14, 31, 30, 14, 15, 32, 31, 15, 16, 33, 32]
            uniform token subdivisionScheme = "none"
        }

        def Mesh "Road_77"
        {
            point3f[] points = [(1967.6272, -1689.7272, 7.4920), (1967.6896, -1689.4078, 7.4520), (1967.6094, -1687.0968, 7.4850), (1967.1435, -1684.9304, 7.4490), (1966.3094, -1682.8780, 7.4380), (1965.1300, -1681.0009, 7.4450), (1963.6449, -1679.3570, 7.4520), (1961.8949, -1677.9957, 7.4610), (1959.9356, -1676.9596, 7.4820), (1957.7664, -1676.2643, 7.4580), (1956.9235, -1676.1614, 7.4660), (1971.0938, -1690.2090, 7.4920), (1971.1895, -1689.3912, 7.4520), (1971.0823, -1686.6623, 7.4850), (1970.4883, -1683.8997, 7.4490), (1969.4243, -1681.2820, 7.4380), (1967.9210, -1678.8889, 7.4450), (1966.0269, -1676.7926, 7.4520), (1963.7948, -1675.0562, 7.4610), (1961.2962, -1673.7349, 7.4820), (1958.6670, -1672.8821, 7.4580), (1957.4019, -1672.6942, 7.4660)]
            int[] faceVertexCounts = [4, 4, 4, 4, 4, 4, 4, 4, 4, 4]
            int[] faceVertexIndices = [0, 1, 12, 11, 1, 2, 13, 12, 2, 3, 14, 13, 3, 4, 15, 14, 4, 5, 16, 15, 5, 6, 17, 16, 6, 7, 18, 17, 7, 8, 19, 18, 8, 9, 20, 19, 9, 10, 21, 20]
            uniform token subdivisionScheme = "none"
        }

        def Mesh "Road_78"
        {
            point3f[] points = [(1814.3614, -1094.1810, 7.5240), (1767.7494, -1072.3717, 7.7510), (1815.8446, -1091.0109, 7.5240), (1769.2326, -1069.2016, 7.7510)]
            int[] faceVertexCounts = [4]
            int[] faceVertexIndices = [0, 1, 3, 2]
            uniform token subdivisionScheme = "none"
        }

        def Mesh "Road_79"
        {
            point3f[] points = [(2029.9718, -1115.0513, 6.8350), (2029.3532, -1114.9870, 6.8350), (1991.5559, -1111.2247, 6.9340), (1990.5756, -1111.1369, 6.9610), (1952.7532, -1107.6383, 7.0880), (1951.1137, -1107.4509, 7.1110), (1921.2919, -1104.3984, 7.2390), (1919.8525, -1104.3226, 7.2420), (1911.8662, -1104.0181, 7.3160), (2030.3334, -1111.5700, 6.8350), (2029.7001, -1111.5043, 6.8350), (1991.9017, -1107.7418, 6.9340), (1990.8978, -1107.6517, 6.9610), (1953.0787, -1104.1534, 7.0880), (1951.4723, -1103.9693, 7.1110), (1921.6401, -1100.9158, 7.2390), (1919.9947, -1100.8255, 7.2420), (1911.9996, -1100.5206, 7.3160)]
            int[] faceVertexCounts = [4, 4, 4, 4, 4, 4, 4, 4]
            int[] faceVertexIndices = [0, 1, 10, 9, 1, 2, 11, 10, 2, 3, 12, 11, 3, 4, 13, 12, 4, 5, 14, 13, 5, 6, 15, 14, 6, 7, 16, 15, 7, 8, 17, 16]
            uniform token subdivisionScheme = "none"
        }

        def Mesh "Road_80"
        {
            point3f[] points = [(545.3437, -1221.2880, 5.8620), (492.1875, -1218.4886, 5.7690), (477.5457, -1218.2874, 5.7330), (545.5277, -1217.7928, 5.8620), (492.3422, -1214.9920, 5.7690), (477.5940, -1214.7877, 5.7330)]
            int[] faceVertexCounts = [4, 4]
            int[] faceVertexIndices = [0, 1, 4, 3, 1, 2, 5, 4]
            uniform token subdivisionScheme = "none"
        }

        def Mesh "Road_81"
        {
            point3f[] points = [(631.8576, -70.5268, 4.3470), (627.5396, -62.2297, 4.3480), (634.9623, -68.9110, 4.3470), (630.6443, -60.6139, 4.3480)]
            int[] faceVertexCounts = [4]
            int[] faceVertexIndices = [0, 1, 3, 2]
            uniform token subdivisionScheme = "none"
        }

        def Mesh "Road_82"
        {
            point3f[] points = [(263.3405, -795.5933, 5.8940), (261.4477, -796.3780, 5.9080), (259.4552, -797.0807, 5.9480), (257.3454, -797.6493, 5.9600), (255.0835, -797.9301, 5.9730), (252.7695, -797.7929, 5.9900), (250.6343, -797.2486, 6.0010), (248.5717, -796.3174, 6.0050), (246.7012, -795.1446, 6.0560), (245.0251, -793.8323, 6.0560), (244.2252, -793.1092, 6.0710), (242.7502, -791.5651, 6.0710), (241.4096, -789.8064, 6.0610), (240.3567, -787.9742, 5.9760), (261.9990, -792.3605, 5.8940), (260.1940, -793.1103, 5.9080), (258.4142, -793.7391, 5.9480), (256.6679, -794.2155, 5.9600), (254.9685, -794.4320, 5.9730), (253.2983, -794.3331, 5.9900), (251.8029, -793.9495, 6.0010), (250.2280, -793.2341, 6.0050), (248.7148, -792.2819, 6.0560), (247.2447, -791.1261, 6.0560), (246.6981, -790.6324, 6.0710), (245.4097, -789.2898, 6.0710), (244.3261, -787.8715, 6.0610), (243.3945, -786.2359, 5.9760)]
            int[] faceVertexCounts = [4, 4, 4, 4, 4, 4, 4, 4, 4, 4, 4, 4, 4]
            int[] faceVertexIndices = [0, 1, 15, 14, 1, 2, 16, 15, 2, 3, 17, 16, 3, 4, 18, 17, 4, 5, 19, 18, 5, 6, 20, 19, 6, 7, 21, 20, 7, 8, 22, 21, 8, 9, 23, 22, 9, 10, 24, 23, 10, 11, 25, 24, 11, 12, 26, 25, 12, 13, 27, 26]
            uniform token subdivisionScheme = "none"
        }

        def Mesh "Road_83"
        {
            point3f[] points = [(773.4353, -543.4270, 7.2140), (777.4814, -534.2835, 7.3950), (777.8734, -533.4302, 7.3920), (783.7057, -520.7161, 7.5150), (784.2909, -519.3219, 7.5310), (785.7016, -515.6279, 7.6380), (786.3029, -513.8131, 7.6650), (786.8303, -511.9784, 7.6720), (787.2316, -510.1440, 7.6900), (787.5022, -508.2633, 7.7130), (787.5813, -507.3339, 7.7150), (787.6287, -505.4193, 7.7430), (787.5702, -503.5133, 7.7670), (787.1908, -497.5376, 7.9780), (787.1681, -496.8655, 7.9780), (787.1539, -494.8772, 8.0820), (776.6360, -544.8433, 7.2140), (780.6803, -535.7036, 7.3950), (781.0545, -534.8896, 7.3920), (786.8918, -522.1648, 7.5150), (787.5487, -520.6011, 7.5310), (788.9895, -516.8277, 7.6380), (789.6467, -514.8471, 7.6650), (790.2237, -512.8358, 7.6720), (790.6755, -510.7681, 7.6900), (790.9758, -508.6925, 7.7130), (791.0777, -507.4933, 7.7150), (791.1287, -505.4088, 7.7430), (791.0648, -503.3202, 7.7670), (790.6844, -497.3252, 7.9780), (790.6678, -496.8195, 7.9780), (790.6538, -494.8522, 8.0820)]
            int[] faceVertexCounts = [4, 4, 4, 4, 4, 4, 4, 4, 4, 4, 4, 4, 4, 4, 4]
            int[] faceVertexIndices = [0, 1, 17, 16, 1, 2, 18, 17, 2, 3, 19, 18, 3, 4, 20, 19, 4, 5, 21, 20, 5, 6, 22, 21, 6, 7, 23, 22, 7, 8, 24, 23, 8, 9, 25, 24, 9, 10, 26, 25, 10, 11, 27, 26, 11, 12, 28, 27, 12, 13, 29, 28, 13, 14, 30, 29, 14, 15, 31, 30]
            uniform token subdivisionScheme = "none"
        }

        def Mesh "Road_84"
        {
            point3f[] points = [(1087.5042, -1184.3807, 6.2820), (1092.9009, -1181.1165, 6.2370), (1093.4064, -1180.8145, 6.2470), (1112.3103, -1169.5783, 6.2630), (1113.6687, -1168.7662, 6.3270), (1125.7843, -1161.6920, 6.3840), (1132.9569, -1158.0057, 6.5850), (1134.2252, -1157.4074, 6.5850), (1136.0925, -1156.5667, 6.6750), (1139.8429, -1155.0164, 6.7670), (1143.6707, -1153.6428, 6.9100), (1145.6635, -1153.0311, 6.9510), (1147.6565, -1152.4974, 7.1000), (1149.6708, -1152.0373, 7.1490), (1151.6834, -1151.6601, 7.1820), (1152.6034, -1151.5133, 7.1820), (1154.6295, -1151.2441, 7.2250), (1156.7184, -1151.0418, 7.2950), (1164.7238, -1150.6613, 7.5760), (1089.3157, -1187.3755, 6.2820), (1094.7110, -1184.1121, 6.2370), (1095.1948, -1183.8230, 6.2470), (1114.0991, -1172.5867, 6.2630), (1115.4367, -1171.7869, 6.3270), (1127.4896, -1164.7485, 6.3840), (1134.5411, -1161.1266, 6.5850), (1135.6843, -1160.5888, 6.5850), (1137.4634, -1159.7870, 6.6750), (1141.1029, -1158.2817, 6.7670), (1144.8010, -1156.9553, 6.9100), (1146.6295, -1156.3951, 6.9510), (1148.4991, -1155.8945, 7.1000), (1150.3828, -1155.4641, 7.1490), (1152.2996, -1155.1054, 7.1820), (1153.0921, -1154.9791, 7.1820), (1155.0299, -1154.7211, 7.2250), (1156.9192, -1154.5360, 7.2950), (1164.8900, -1154.1574, 7.5760)]
            int[] faceVertexCounts = [4, 4, 4, 4, 4, 4, 4, 4, 4, 4, 4, 4, 4, 4, 4, 4, 4, 4]
            int[] faceVertexIndices = [0, 1, 20, 19, 1, 2, 21, 20, 2, 3, 22, 21, 3, 4, 23, 22, 4, 5, 24, 23, 5, 6, 25, 24, 6, 7, 26, 25, 7, 8, 27, 26, 8, 9, 28, 27, 9, 10, 29, 28, 10, 11, 30, 29, 11, 12, 31, 30, 12, 13, 32, 31, 13, 14, 33, 32, 14, 15, 34, 33, 15, 16, 35, 34, 16, 17, 36, 35, 17, 18, 37, 36]
            uniform token subdivisionScheme = "none"
        }

        def Mesh "Road_85"
        {
            point3f[] points = [(625.1220, -737.7315, 5.9500), (650.8021, -696.9742, 6.2100), (651.4928, -695.8858, 6.2100), (662.0389, -678.9429, 6.2980), (668.8603, -666.7816, 6.3760), (669.2079, -666.1145, 6.3760), (671.8673, -660.7931, 6.4270), (675.9252, -651.7451, 6.5090), (679.4634, -642.4632, 6.5110), (680.1594, -640.4130, 6.5220), (682.4555, -632.8198, 6.5800), (684.3103, -625.0990, 6.6080), (684.4314, -624.5110, 6.6080), (686.0941, -614.7304, 6.6770), (688.2469, -594.8918, 6.6900), (688.3387, -594.0128, 6.6890), (692.5849, -559.2069, 6.5380), (628.0833, -739.5973, 5.9500), (653.7631, -698.8402, 6.2100), (654.4632, -697.7369, 6.2100), (665.0444, -680.7364, 6.2980), (671.9157, -668.4888, 6.3760), (672.3355, -667.6855, 6.3760), (675.0381, -662.2751, 6.4270), (679.1585, -653.0852, 6.5090), (682.7422, -643.6878, 6.5110), (683.5020, -641.4507, 6.5220), (685.8336, -633.7355, 6.5800), (687.7156, -625.9078, 6.6080), (687.8806, -625.1050, 6.6080), (689.5654, -615.1777, 6.6770), (691.7266, -595.2689, 6.6900), (691.8132, -594.4352, 6.6890), (696.0591, -559.6308, 6.5380)]
            int[] faceVertexCounts = [4, 4, 4, 4, 4, 4, 4, 4, 4, 4, 4, 4, 4, 4, 4, 4]
            int[] faceVertexIndices = [0, 1, 18, 17, 1, 2, 19, 18, 2, 3, 20, 19, 3, 4, 21, 20, 4, 5, 22, 21, 5, 6, 23, 22, 6, 7, 24, 23, 7, 8, 25, 24, 8, 9, 26, 25, 9, 10, 27, 26, 10, 11, 28, 27, 11, 12, 29, 28, 12, 13, 30, 29, 13, 14, 31, 30, 14, 15, 32, 31, 15, 16, 33, 32]
            uniform token subdivisionScheme = "none"
        }

        def Mesh "Road_86"
        {
            point3f[] points = [(852.1374, -1104.2534, 5.5230), (850.6802, -1102.9284, 5.5220), (850.5255, -1102.8109, 5.5480), (848.8844, -1101.7720, 5.5340), (848.7130, -1101.6838, 5.5670), (846.9170, -1100.9469, 5.5820), (846.7329, -1100.8906, 5.5820), (844.8359, -1100.4758, 5.6030), (844.6443, -1100.4519, 5.6030), (842.7038, -1100.3730, 5.6020), (842.3888, -1100.3928, 5.6020), (854.4917, -1101.6636, 5.5230), (852.9932, -1100.3016, 5.5220), (852.4434, -1099.8832, 5.5480), (850.7088, -1098.7851, 5.5340), (850.0924, -1098.4671, 5.5670), (848.1928, -1097.6877, 5.5820), (847.5325, -1097.4832, 5.5820), (845.5281, -1097.0450, 5.6030), (844.8407, -1096.9574, 5.6030), (842.7897, -1096.8741, 5.6020), (842.2207, -1096.8968, 5.6020)]
            int[] faceVertexCounts = [4, 4, 4, 4, 4, 4, 4, 4, 4, 4]
            int[] faceVertexIndices = [0, 1, 12, 11, 1, 2, 13, 12, 2, 3, 14, 13, 3, 4, 15, 14, 4, 5, 16, 15, 5, 6, 17, 16, 6, 7, 18, 17, 7, 8, 19, 18, 8, 9, 20, 19, 9, 10, 21, 20]
            uniform token subdivisionScheme = "none"
        }

        def Mesh "Road_87"
        {
            point3f[] points = [(-4.9946, -110.7936, 0.3000), (0.9302, -103.6337, 3.8300), (1.3547, -103.1050, 3.8300), (17.7371, -82.9065, 3.8720), (23.1094, -76.8965, 3.7930), (23.4149, -76.5688, 3.8010), (31.8143, -68.1986, 3.7030), (-2.2981, -113.0249, 0.3000), (3.6290, -105.8623, 3.8300), (4.0732, -105.3094, 3.8300), (20.4303, -85.1418, 3.8720), (25.7166, -79.2314, 3.7930), (25.8882, -79.0452, 3.8010), (34.2849, -70.6778, 3.7030)]
            int[] faceVertexCounts = [4, 4, 4, 4, 4, 4]
            int[] faceVertexIndices = [0, 1, 8, 7, 1, 2, 9, 8, 2, 3, 10, 9, 3, 4, 11, 10, 4, 5, 12, 11, 5, 6, 13, 12]
            uniform token subdivisionScheme = "none"
        }

        def Mesh "Road_88"
        {
            point3f[] points = [(70.1371, -963.7221, 11.6550), (70.0387, -962.4293, 11.6680), (69.6043, -954.4234, 11.5920), (69.5948, -952.3776, 11.5920), (69.6099, -948.4060, 11.6620), (69.4897, -944.4451, 11.6240), (69.4724, -944.2024, 11.6240), (68.5846, -936.2504, 11.5930), (68.4370, -934.4773, 11.5900), (68.3165, -932.4144, 11.5760), (68.1165, -924.4099, 11.5580), (68.0833, -923.2231, 11.5580), (67.9228, -919.2836, 11.5190), (67.1169, -909.3496, 11.4820), (66.9709, -908.1133, 11.4810), (65.8673, -900.1982, 11.6370), (73.6269, -963.4557, 11.6550), (73.5330, -962.2292, 11.6680), (73.1009, -954.2684, 11.5920), (73.0948, -952.3818, 11.5920), (73.1096, -948.3596, 11.6620), (72.9877, -944.3269, 11.6240), (72.9515, -943.8202, 11.6240), (72.0649, -935.8794, 11.5930), (71.9285, -934.2332, 11.5900), (71.8148, -932.3035, 11.5760), (71.6154, -924.3210, 11.5580), (71.5808, -923.0904, 11.5580), (71.4144, -919.0406, 11.5190), (70.6042, -909.0518, 11.4820), (70.4389, -907.6406, 11.4810), (69.3338, -899.7148, 11.6370)]
            int[] faceVertexCounts = [4, 4, 4, 4, 4, 4, 4, 4, 4, 4, 4, 4, 4, 4, 4]
            int[] faceVertexIndices = [0, 1, 17, 16, 1, 2, 18, 17, 2, 3, 19, 18, 3, 4, 20, 19, 4, 5, 21, 20, 5, 6, 22, 21, 6, 7, 23, 22, 7, 8, 24, 23, 8, 9, 25, 24, 9, 10, 26, 25, 10, 11, 27, 26, 11, 12, 28, 27, 12, 13, 29, 28, 13, 14, 30, 29, 14, 15, 31, 30]
            uniform token subdivisionScheme = "none"
        }

        def Mesh "Road_89"
        {
            point3f[] points = [(240.2750, -787.8125, 5.9760), (239.8268, -786.7879, 5.9930), (239.1614, -784.7180, 5.9700), (238.7633, -782.5287, 5.9510), (238.6478, -780.3066, 5.9240), (238.8248, -778.0960, 5.8650), (239.2448, -776.0892, 5.8650), (239.9704, -773.9964, 5.8390), (240.9587, -772.0098, 5.8130), (242.1881, -770.1619, 5.7840), (243.6464, -768.4800, 5.7520), (245.3800, -766.9391, 5.7370), (247.2323, -765.6883, 5.7260), (249.2440, -764.6937, 5.7270), (251.2653, -764.0365, 5.7190), (243.4763, -786.3975, 5.9760), (243.1183, -785.5981, 5.9930), (242.5560, -783.8656, 5.9700), (242.2398, -782.1240, 5.9510), (242.1475, -780.3558, 5.9240), (242.2905, -778.5853, 5.8650), (242.6152, -777.0325, 5.8650), (243.1973, -775.3519, 5.8390), (243.9885, -773.7622, 5.8130), (244.9732, -772.2817, 5.7840), (246.1330, -770.9432, 5.7520), (247.5311, -769.7001, 5.7370), (248.9917, -768.7139, 5.7260), (250.5613, -767.9364, 5.7270), (252.3402, -767.3673, 5.7190)]
            int[] faceVertexCounts = [4, 4, 4, 4, 4, 4, 4, 4, 4, 4, 4, 4, 4, 4]
            int[] faceVertexIndices = [0, 1, 16, 15, 1, 2, 17, 16, 2, 3, 18, 17, 3, 4, 19, 18, 4, 5, 20, 19, 5, 6, 21, 20, 6, 7, 22, 21, 7, 8, 23, 22, 8, 9, 24, 23, 9, 10, 25, 24, 10, 11, 26, 25, 11, 12, 27, 26, 12, 13, 28, 27, 13, 14, 29, 28]
            uniform token subdivisionScheme = "none"
        }

        def Mesh "Road_90"
        {
            point3f[] points = [(671.9119, -149.9458, 4.9310), (671.6428, -149.3767, 4.9310), (656.9148, -118.7483, 4.7790), (656.1497, -117.2017, 4.7400), (631.8576, -70.5268, 4.3470), (675.0760, -148.4497, 4.9310), (674.7972, -147.8603, 4.9310), (660.0682, -117.2298, 4.7790), (659.2554, -115.5879, 4.7400), (634.9623, -68.9110, 4.3470)]
            int[] faceVertexCounts = [4, 4, 4, 4]
            int[] faceVertexIndices = [0, 1, 6, 5, 1, 2, 7, 6, 2, 3, 8, 7, 3, 4, 9, 8]
            uniform token subdivisionScheme = "none"
        }

        def Mesh "Road_91"
        {
            point3f[] points = [(1075.5689, -1191.5988, 6.3720), (1087.5043, -1184.3807, 6.2820), (1077.3802, -1194.5937, 6.3720), (1089.3156, -1187.3756, 6.2820)]
            int[] faceVertexCounts = [4]
            int[] faceVertexIndices = [0, 1, 3, 2]
            uniform token subdivisionScheme = "none"
        }

        def Mesh "Road_92"
        {
            point3f[] points = [(1106.2072, -780.2736, 7.2710), (1104.4650, -779.9140, 7.2500), (1102.5533, -779.5497, 7.2440), (1100.6354, -779.2756, 7.2440), (1099.8644, -779.1974, 7.2440), (1097.9321, -779.0785, 7.2220), (1096.0120, -779.0544, 7.1990), (1094.1302, -779.1050, 7.1810), (1084.1830, -779.9354, 7.1350), (1083.1763, -780.0051, 7.1280), (1079.1310, -780.1939, 7.0640), (1073.0992, -780.2202, 7.0450), (1072.1145, -780.2000, 7.0450), (1068.1131, -780.0688, 7.0670), (1106.9147, -776.8459, 7.2710), (1105.1445, -776.4805, 7.2500), (1103.1285, -776.0973, 7.2440), (1101.0881, -775.8050, 7.2440), (1100.1210, -775.7068, 7.2440), (1098.0614, -775.5809, 7.2220), (1095.9857, -775.5545, 7.1990), (1093.8714, -775.6146, 7.1810), (1083.8961, -776.4472, 7.1350), (1082.9975, -776.5096, 7.1280), (1079.0565, -776.6947, 7.0640), (1073.0959, -776.7202, 7.0450), (1072.2213, -776.7017, 7.0450), (1068.2279, -776.5706, 7.0670)]
            int[] faceVertexCounts = [4, 4, 4, 4, 4, 4, 4, 4, 4, 4, 4, 4, 4]
            int[] faceVertexIndices = [0, 1, 15, 14, 1, 2, 16, 15, 2, 3, 17, 16, 3, 4, 18, 17, 4, 5, 19, 18, 5, 6, 20, 19, 6, 7, 21, 20, 7, 8, 22, 21, 8, 9, 23, 22, 9, 10, 24, 23, 10, 11, 25, 24, 11, 12, 26, 25, 12, 13, 27, 26]
            uniform token subdivisionScheme = "none"
        }

        def Mesh "Road_93"
        {
            point3f[] points = [(65.9914, -25.8257, 3.8900), (54.5434, -13.9584, 3.9190), (53.4032, -12.7570, 3.9780), (39.5276, 1.6352, 0.3000), (38.8494, 2.3417, 0.3000), (26.4685, 15.4001, 0.3000), (25.4465, 16.4858, 0.3000), (11.6676, 30.9684, 0.3000), (11.0080, 31.6482, 0.3000), (-0.1714, 43.0882, 0.3000), (-1.0025, 43.9479, 0.3000), (-14.7963, 58.4180, 0.3000), (-15.7212, 59.3687, 0.3000), (-18.2224, 61.9093, 0.3000), (68.5104, -23.3957, 3.8900), (57.0641, -11.5303, 3.9190), (55.9244, -10.3293, 3.9780), (42.0475, 4.0642, 0.3000), (41.3885, 4.7506, 0.3000), (29.0091, 17.8075, 0.3000), (27.9831, 18.8973, 0.3000), (14.2023, 33.3820, 0.3000), (13.5118, 34.0939, 0.3000), (2.3327, 45.5335, 0.3000), (1.5299, 46.3639, 0.3000), (-12.2645, 60.8345, 0.3000), (-13.2230, 61.8200, 0.3000), (-15.7282, 64.3647, 0.3000)]
            int[] faceVertexCounts = [4, 4, 4, 4, 4, 4, 4, 4, 4, 4, 4, 4, 4]
            int[] faceVertexIndices = [0, 1, 15, 14, 1, 2, 16, 15, 2, 3, 17, 16, 3, 4, 18, 17, 4, 5, 19, 18, 5, 6, 20, 19, 6, 7, 21, 20, 7, 8, 22, 21, 8, 9, 23, 22, 9, 10, 24, 23, 10, 11, 25, 24, 11, 12, 26, 25, 12, 13, 27, 26]
            uniform token subdivisionScheme = "none"
        }

        def Mesh "Road_94"
        {
            point3f[] points = [(606.3898, -1209.2618, 5.4190), (615.0042, -1207.1980, 5.3850), (631.5696, -1201.8949, 5.2820), (647.8720, -1195.3472, 5.2570), (665.8826, -1187.7544, 5.2350), (679.8706, -1180.1829, 5.3520), (700.8417, -1169.6116, 5.5970), (714.7298, -1163.0667, 5.6700), (720.8373, -1160.1880, 5.7300), (733.7219, -1153.7243, 5.8610), (739.7926, -1151.1131, 5.9600), (607.2061, -1212.6653, 5.4190), (615.9871, -1210.5571, 5.3850), (632.7566, -1205.1875, 5.2820), (649.2056, -1198.5832, 5.2570), (667.3813, -1190.9172, 5.2350), (681.4827, -1183.2895, 5.3520), (702.3843, -1172.7533, 5.5970), (716.2219, -1166.2327, 5.6700), (722.3822, -1163.3286, 5.7300), (735.2334, -1156.8810, 5.8610), (741.1748, -1154.3286, 5.9600)]
            int[] faceVertexCounts = [4, 4, 4, 4, 4, 4, 4, 4, 4, 4]
            int[] faceVertexIndices = [0, 1, 12, 11, 1, 2, 13, 12, 2, 3, 14, 13, 3, 4, 15, 14, 4, 5, 16, 15, 5, 6, 17, 16, 6, 7, 18, 17, 7, 8, 19, 18, 8, 9, 20, 19, 9, 10, 21, 20]
            uniform token subdivisionScheme = "none"
        }

        def Mesh "Road_95"
        {
            point3f[] points = [(803.5987, -1127.5674, 5.6260), (812.8074, -1122.8200, 5.5850), (828.7664, -1114.3510, 5.5230), (805.2025, -1130.6783, 5.6260), (814.4347, -1125.9187, 5.5850), (830.4071, -1117.4426, 5.5230)]
            int[] faceVertexCounts = [4, 4]
            int[] faceVertexIndices = [0, 1, 4, 3, 1, 2, 5, 4]
            uniform token subdivisionScheme = "none"
        }

        def Mesh "Road_96"
        {
            point3f[] points = [(869.4137, -508.6809, 7.6970), (869.4780, -507.9089, 7.6980), (869.9822, -503.9169, 7.7060), (870.2286, -502.3315, 7.6910), (875.4847, -476.6235, 7.5310), (883.3475, -443.5357, 7.2920), (883.4630, -443.0704, 7.2920), (889.3845, -417.8038, 7.1880), (891.3601, -406.0568, 7.1230), (891.5247, -404.8309, 7.0880), (892.3406, -396.9231, 7.0430), (892.6396, -391.0183, 7.0330), (892.6560, -387.0742, 7.0060), (892.6491, -386.9517, 7.0060), (872.9020, -508.9661, 7.6970), (872.9533, -508.3244, 7.6980), (873.4513, -504.3814, 7.7060), (873.6594, -503.0236, 7.6910), (878.9007, -477.3857, 7.5310), (886.7525, -444.3454, 7.2920), (886.8705, -443.8698, 7.2920), (892.8075, -418.5340, 7.1880), (894.8135, -406.6263, 7.1230), (895.0046, -405.2052, 7.0880), (895.8292, -397.2044, 7.0430), (896.1378, -391.1308, 7.0330), (896.1560, -387.0816, 7.0060), (896.1460, -386.8044, 7.0060)]
            int[] faceVertexCounts = [4, 4, 4, 4, 4, 4, 4, 4, 4, 4, 4, 4, 4]
            int[] faceVertexIndices = [0, 1, 15, 14, 1, 2, 16, 15, 2, 3, 17, 16, 3, 4, 18, 17, 4, 5, 19, 18, 5, 6, 20, 19, 6, 7, 21, 20, 7, 8, 22, 21, 8, 9, 23, 22, 9, 10, 24, 23, 10, 11, 25, 24, 11, 12, 26, 25, 12, 13, 27, 26]
            uniform token subdivisionScheme = "none"
        }

        def Mesh "Road_97"
        {
            point3f[] points = [(741.8197, -428.4033, 9.8490), (742.2153, -428.1019, 9.8490), (748.4768, -423.1456, 10.0200), (749.2881, -422.4477, 10.0770), (753.7180, -418.4164, 10.2380), (743.9421, -431.1864, 9.8490), (744.3845, -430.8487, 9.8490), (750.6632, -425.8787, 10.0200), (751.6317, -425.0472, 10.0770), (756.0737, -421.0049, 10.2380)]
            int[] faceVertexCounts = [4, 4, 4, 4]
            int[] faceVertexIndices = [0, 1, 6, 5, 1, 2, 7, 6, 2, 3, 8, 7, 3, 4, 9, 8]
            uniform token subdivisionScheme = "none"
        }

        def Mesh "Road_98"
        {
            point3f[] points = [(237.6837, -1378.5711, 6.3310), (241.5184, -1374.2137, 6.3460), (246.1003, -1368.4327, 6.3920), (251.0073, -1361.6018, 6.4180), (253.1062, -1355.5262, 6.4010), (253.7661, -1346.8728, 6.3700), (254.9318, -1329.9569, 6.2450), (256.5202, -1310.8334, 6.0720), (257.9020, -1292.0899, 5.8750), (258.5845, -1278.2360, 5.8160), (258.9405, -1267.1298, 5.7380), (258.0933, -1259.2593, 5.7080), (256.1647, -1253.0786, 5.6730), (251.8975, -1245.7347, 5.6530), (245.9013, -1237.8892, 5.6190), (240.3114, -1380.8830, 6.3310), (244.2116, -1376.4490, 6.3460), (248.8995, -1370.5338, 6.3920), (254.0901, -1363.2589, 6.4180), (256.5434, -1356.1861, 6.4010), (257.2571, -1347.1238, 6.3700), (258.4217, -1330.2236, 6.2450), (260.0095, -1311.1070, 6.0720), (261.3950, -1292.3111, 5.8750), (262.0815, -1278.3810, 5.8160), (262.4392, -1267.0353, 5.7380), (261.5259, -1258.5758, 5.7080), (259.3489, -1251.6257, 5.6730), (254.7998, -1243.7785, 5.6530), (248.6827, -1235.7648, 5.6190)]
            int[] faceVertexCounts = [4, 4, 4, 4, 4, 4, 4, 4, 4, 4, 4, 4, 4, 4]
            int[] faceVertexIndices = [0, 1, 16, 15, 1, 2, 17, 16, 2, 3, 18, 17, 3, 4, 19, 18, 4, 5, 20, 19, 5, 6, 21, 20, 6, 7, 22, 21, 7, 8, 23, 22, 8, 9, 24, 23, 9, 10, 25, 24, 10, 11, 26, 25, 11, 12, 27, 26, 12, 13, 28, 27, 13, 14, 29, 28]
            uniform token subdivisionScheme = "none"
        }

        def Mesh "Road_99"
        {
            point3f[] points = [(774.4687, -542.4796, 7.2140), (783.5433, -539.3737, 7.4490), (794.0116, -536.7240, 7.8560), (807.8228, -534.3658, 7.7540), (822.7423, -531.9154, 7.7070), (775.6026, -545.7908, 7.2140), (784.5328, -542.7309, 7.4490), (794.7180, -540.1520, 7.8560), (808.4005, -537.8178, 7.7540), (823.3095, -535.3691, 7.7070)]
            int[] faceVertexCounts = [4, 4, 4, 4]
            int[] faceVertexIndices = [0, 1, 6, 5, 1, 2, 7, 6, 2, 3, 8, 7, 3, 4, 9, 8]
            uniform token subdivisionScheme = "none"
        }

        def Mesh "Road_100"
        {
            point3f[] points = [(1922.8403, -362.3733, 5.7470), (1922.2943, -362.1352, 5.6800), (1920.4108, -361.2764, 5.5790), (1918.5426, -360.2512, 5.5790), (1917.2115, -359.3506, 5.5310), (1915.5451, -357.9684, 5.4630), (1914.0243, -356.3927, 5.3500), (1912.6869, -354.6729, 5.3540), (1911.5251, -352.8191, 5.2520), (1910.5737, -350.8194, 5.2520), (1909.8855, -348.6927, 5.2640), (1909.5022, -346.5109, 5.1830), (1909.4153, -344.7024, 5.1880), (1909.5751, -342.5045, 5.1510), (1910.2568, -338.5082, 5.2390), (1924.2389, -359.1649, 5.7470), (1923.7330, -358.9445, 5.6800), (1921.9788, -358.1472, 5.5790), (1920.3430, -357.2497, 5.5790), (1919.3341, -356.5677, 5.5310), (1917.9246, -355.4017, 5.4630), (1916.6689, -354.1000, 5.3500), (1915.5547, -352.6665, 5.3540), (1914.5927, -351.1340, 5.2520), (1913.8256, -349.5250, 5.2520), (1913.2825, -347.8498, 5.2640), (1912.9778, -346.0989, 5.1830), (1912.9147, -344.7699, 5.1880), (1913.0424, -342.9819, 5.1510), (1913.7069, -339.0976, 5.2390)]
            int[] faceVertexCounts = [4, 4, 4, 4, 4, 4, 4, 4, 4, 4, 4, 4, 4, 4]
            int[] faceVertexIndices = [0, 1, 16, 15, 1, 2, 17, 16, 2, 3, 18, 17, 3, 4, 19, 18, 4, 5, 20, 19, 5, 6, 21, 20, 6, 7, 22, 21, 7, 8, 23, 22, 8, 9, 24, 23, 9, 10, 25, 24, 10, 11, 26, 25, 11, 12, 27, 26, 12, 13, 28, 27, 13, 14, 29, 28]
            uniform token subdivisionScheme = "none"
        }

        def Mesh "Road_101"
        {
            point3f[] points = [(538.1033, -1354.4948, 5.3900), (539.0760, -1315.3166, 5.5090), (542.0705, -1248.9536, 5.4370), (541.6022, -1354.5817, 5.3900), (542.5735, -1315.4481, 5.5090), (545.5669, -1249.1114, 5.4370)]
            int[] faceVertexCounts = [4, 4]
            int[] faceVertexIndices = [0, 1, 4, 3, 1, 2, 5, 4]
            uniform token subdivisionScheme = "none"
        }

        def Mesh "Road_102"
        {
            point3f[] points = [(382.2388, -222.1631, 5.4030), (391.1015, -219.9126, 5.1860), (400.4044, -214.1202, 4.7810), (408.0568, -207.2236, 4.6120), (426.8135, -190.1051, 4.4990), (441.6602, -176.9584, 4.5060), (465.7181, -154.4418, 4.6970), (491.6655, -130.8798, 4.6260), (506.4497, -117.9064, 4.6050), (383.1091, -225.5531, 5.4030), (392.5216, -223.1116, 5.1860), (402.4969, -216.9259, 4.7810), (410.4110, -209.8136, 4.6120), (429.1558, -192.7058, 4.4990), (444.0252, -179.5385, 4.5060), (468.0899, -157.0157, 4.6970), (494.0025, -133.4853, 4.6260), (508.7582, -120.5372, 4.6050)]
            int[] faceVertexCounts = [4, 4, 4, 4, 4, 4, 4, 4]
            int[] faceVertexIndices = [0, 1, 10, 9, 1, 2, 11, 10, 2, 3, 12, 11, 3, 4, 13, 12, 4, 5, 14, 13, 5, 6, 15, 14, 6, 7, 16, 15, 7, 8, 17, 16]
            uniform token subdivisionScheme = "none"
        }

        def Mesh "Road_103"
        {
            point3f[] points = [(694.1943, -557.6735, 6.5380), (703.0852, -557.0270, 6.5550), (709.9255, -555.4601, 6.5540), (718.1742, -552.4430, 6.8290), (727.1768, -548.2311, 6.9060), (736.0564, -545.9706, 7.0210), (747.8593, -545.4132, 6.8290), (759.1954, -544.5725, 6.8830), (774.7945, -542.4019, 7.2140), (694.4497, -561.1642, 6.5380), (703.5764, -560.4923, 6.5550), (710.9405, -558.8097, 6.5540), (719.5257, -555.6716, 6.8290), (728.3746, -551.5197, 6.9060), (736.5230, -549.4394, 7.0210), (748.0700, -548.9068, 6.8290), (759.5841, -548.0508, 6.8830), (775.2768, -545.8685, 7.2140)]
            int[] faceVertexCounts = [4, 4, 4, 4, 4, 4, 4, 4]
            int[] faceVertexIndices = [0, 1, 10, 9, 1, 2, 11, 10, 2, 3, 12, 11, 3, 4, 13, 12, 4, 5, 14, 13, 5, 6, 15, 14, 6, 7, 16, 15, 7, 8, 17, 16]
            uniform token subdivisionScheme = "none"
        }

        def Mesh "Road_104"
        {
            point3f[] points = [(1114.0930, -240.1654, 6.3920), (1115.9366, -240.3191, 6.3420), (1117.6269, -240.1601, 6.3140), (1119.2622, -239.7097, 6.3240), (1120.7950, -238.9799, 6.3510), (1122.1797, -237.9976, 6.3680), (1123.3711, -236.7886, 6.3600), (1124.3353, -235.3910, 6.3680), (1125.0412, -233.8486, 6.3870), (1125.5014, -232.0563, 6.4220), (1113.8145, -243.6543, 6.3920), (1115.9615, -243.8190, 6.3420), (1118.2581, -243.6027, 6.3140), (1120.4837, -242.9897, 6.3240), (1122.5664, -241.9985, 6.3510), (1124.4476, -240.6634, 6.3680), (1126.0682, -239.0192, 6.3600), (1127.3786, -237.1198, 6.3680), (1128.3385, -235.0226, 6.3870), (1128.8883, -232.9389, 6.4220)]
            int[] faceVertexCounts = [4, 4, 4, 4, 4, 4, 4, 4, 4]
            int[] faceVertexIndices = [0, 1, 11, 10, 1, 2, 12, 11, 2, 3, 13, 12, 3, 4, 14, 13, 4, 5, 15, 14, 5, 6, 16, 15, 6, 7, 17, 16, 7, 8, 18, 17, 8, 9, 19, 18]
            uniform token subdivisionScheme = "none"
        }

        def Mesh "Road_105"
        {
            point3f[] points = [(250.1779, -766.3518, 5.7190), (247.9503, -760.7830, 5.7370), (247.6754, -760.1026, 5.7370), (246.1425, -756.4294, 5.6850), (245.4558, -754.9008, 5.6580), (245.2858, -754.5598, 5.6580), (253.4276, -765.0520, 5.7190), (251.1995, -759.4818, 5.7370), (250.9078, -758.7604, 5.7370), (249.3615, -755.0555, 5.6850), (248.6375, -753.4425, 5.6580), (248.4214, -753.0048, 5.6580)]
            int[] faceVertexCounts = [4, 4, 4, 4, 4]
            int[] faceVertexIndices = [0, 1, 7, 6, 1, 2, 8, 7, 2, 3, 9, 8, 3, 4, 10, 9, 4, 5, 11, 10]
            uniform token subdivisionScheme = "none"
        }

        def Mesh "Road_106"
        {
            point3f[] points = [(754.3295, -1152.2930, 4.2320), (763.6392, -1148.3227, 6.1400), (773.5484, -1143.8961, 5.9670), (785.7069, -1137.5234, 5.7410), (795.1367, -1132.2515, 5.6630), (803.5530, -1127.5918, 5.6260), (755.7025, -1155.5124, 4.2320), (765.0407, -1151.5298, 6.1400), (775.0868, -1147.0399, 5.9670), (787.3683, -1140.6039, 5.7410), (796.8387, -1135.3098, 5.6630), (805.2483, -1130.6539, 5.6260)]
            int[] faceVertexCounts = [4, 4, 4, 4, 4]
            int[] faceVertexIndices = [0, 1, 7, 6, 1, 2, 8, 7, 2, 3, 9, 8, 3, 4, 10, 9, 4, 5, 11, 10]
            uniform token subdivisionScheme = "none"
        }

        def Mesh "Road_107"
        {
            point3f[] points = [(136.7757, -12.8354, 3.6040), (133.2568, -8.8211, 3.6030), (133.0157, -8.5591, 3.6030), (112.0930, 12.9218, 0.3000), (110.8247, 14.2253, 0.3000), (105.2659, 19.9746, 0.3000), (139.4076, -10.5283, 3.6040), (135.8844, -6.5089, 3.6030), (135.5239, -6.1180, 3.6030), (114.6003, 15.3638, 0.3000), (113.3394, 16.6597, 0.3000), (107.7821, 22.4074, 0.3000)]
            int[] faceVertexCounts = [4, 4, 4, 4, 4]
            int[] faceVertexIndices = [0, 1, 7, 6, 1, 2, 8, 7, 2, 3, 9, 8, 3, 4, 10, 9, 4, 5, 11, 10]
            uniform token subdivisionScheme = "none"
        }

        def Mesh "Road_108"
        {
            point3f[] points = [(1097.6835, -1027.3846, 6.8200), (1062.2773, -1020.3654, 6.8280), (1046.5662, -1017.7695, 6.7570), (1038.6867, -1016.8720, 6.7340), (1037.3532, -1016.7581, 6.7340), (1036.3979, -1016.7016, 6.7340), (1098.3641, -1023.9515, 6.8200), (1062.9242, -1016.9257, 6.8280), (1047.0789, -1014.3073, 6.7570), (1039.0688, -1013.3929, 6.7340), (1037.6143, -1013.2678, 6.7340), (1036.6051, -1013.2078, 6.7340)]
            int[] faceVertexCounts = [4, 4, 4, 4, 4]
            int[] faceVertexIndices = [0, 1, 7, 6, 1, 2, 8, 7, 2, 3, 9, 8, 3, 4, 10, 9, 4, 5, 11, 10]
            uniform token subdivisionScheme = "none"
        }

        def Mesh "Road_109"
        {
            point3f[] points = [(1923.6297, -359.0214, 5.7470), (1925.5976, -359.1231, 5.7930), (1927.5254, -359.1603, 5.8350), (1929.3708, -359.1077, 5.8770), (1931.0529, -358.8488, 5.9040), (1932.6874, -358.2129, 5.9090), (1932.8868, -358.1022, 5.9380), (1934.3055, -357.0233, 5.9410), (1935.4879, -355.7246, 5.9830), (1936.7482, -354.0498, 6.0480), (1937.8040, -352.4756, 6.0770), (1939.8596, -349.0830, 6.1580), (1940.3440, -348.2539, 6.1960), (1923.4495, -362.5168, 5.7470), (1925.4739, -362.6209, 5.7930), (1927.5446, -362.6603, 5.8350), (1929.6964, -362.5925, 5.8770), (1931.9568, -362.2300, 5.9040), (1934.0487, -361.4373, 5.9090), (1934.9189, -360.9519, 5.9380), (1936.6696, -359.6042, 5.9410), (1938.1852, -357.9549, 5.9830), (1939.5975, -356.0824, 6.0480), (1940.7692, -354.3351, 6.0770), (1942.8585, -350.8874, 6.1580), (1943.3657, -350.0201, 6.1960)]
            int[] faceVertexCounts = [4, 4, 4, 4, 4, 4, 4, 4, 4, 4, 4, 4]
            int[] faceVertexIndices = [0, 1, 14, 13, 1, 2, 15, 14, 2, 3, 16, 15, 3, 4, 17, 16, 4, 5, 18, 17, 5, 6, 19, 18, 6, 7, 20, 19, 7, 8, 21, 20, 8, 9, 22, 21, 9, 10, 23, 22, 10, 11, 24, 23, 11, 12, 25, 24]
            uniform token subdivisionScheme = "none"
        }

        def Mesh "Road_110"
        {
            point3f[] points = [(1969.1502, -1688.2308, 7.4920), (1977.1045, -1687.2682, 7.5290), (1978.9136, -1686.9024, 7.4040), (1980.7881, -1686.4241, 7.3670), (1981.1593, -1686.3043, 7.3590), (1969.5708, -1691.7054, 7.4920), (1977.5787, -1690.7360, 7.5290), (1979.6904, -1690.3151, 7.4040), (1981.6899, -1689.8059, 7.3670), (1982.2180, -1689.6403, 7.3590)]
            int[] faceVertexCounts = [4, 4, 4, 4]
            int[] faceVertexIndices = [0, 1, 6, 5, 1, 2, 7, 6, 2, 3, 8, 7, 3, 4, 9, 8]
            uniform token subdivisionScheme = "none"
        }

        def Mesh "Road_111"
        {
            point3f[] points = [(2144.9890, -1084.7778, 9.7100), (2143.8980, -1082.4715, 10.1100), (2137.4503, -1069.8068, 9.9260), (2137.2667, -1069.4418, 9.9260), (2135.5214, -1065.8132, 9.8220), (2134.6993, -1063.8811, 9.7930), (2133.9809, -1061.9123, 9.7800), (2133.3815, -1059.9106, 9.7060), (2132.8976, -1057.8660, 9.6740), (2132.5392, -1055.8352, 9.6750), (2132.4495, -1055.2052, 9.6750), (2132.2244, -1053.1543, 9.6290), (2131.9579, -1049.1400, 9.5730), (2148.1525, -1083.2804, 9.7100), (2147.0241, -1080.8975, 10.1100), (2140.5695, -1068.2192, 9.9260), (2140.4184, -1067.9196, 9.9260), (2138.6984, -1064.3447, 9.8220), (2137.9547, -1062.5956, 9.7930), (2137.3026, -1060.8095, 9.7800), (2136.7625, -1059.0055, 9.7060), (2136.3255, -1057.1591, 9.6740), (2135.9904, -1055.2525, 9.6750), (2135.9258, -1054.7984, 9.6750), (2135.7130, -1052.8721, 9.6290), (2135.4502, -1048.9083, 9.5730)]
            int[] faceVertexCounts = [4, 4, 4, 4, 4, 4, 4, 4, 4, 4, 4, 4]
            int[] faceVertexIndices = [0, 1, 14, 13, 1, 2, 15, 14, 2, 3, 16, 15, 3, 4, 17, 16, 4, 5, 18, 17, 5, 6, 19, 18, 6, 7, 20, 19, 7, 8, 21, 20, 8, 9, 22, 21, 9, 10, 23, 22, 10, 11, 24, 23, 11, 12, 25, 24]
            uniform token subdivisionScheme = "none"
        }

        def Mesh "Road_112"
        {
            point3f[] points = [(1482.7792, -469.1378, 6.6740), (1482.9627, -468.4854, 6.6740), (1485.0807, -460.7766, 6.6750), (1485.2964, -459.9508, 6.6750), (1486.7660, -454.1381, 6.6790), (1486.1485, -470.0854, 6.6740), (1486.3372, -469.4143, 6.6740), (1488.4568, -461.6996, 6.6750), (1488.6887, -460.8122, 6.6750), (1490.1593, -454.9961, 6.6790)]
            int[] faceVertexCounts = [4, 4, 4, 4]
            int[] faceVertexIndices = [0, 1, 6, 5, 1, 2, 7, 6, 2, 3, 8, 7, 3, 4, 9, 8]
            uniform token subdivisionScheme = "none"
        }

        def Mesh "Road_113"
        {
            point3f[] points = [(1352.7066, -1349.9611, 13.4420), (1394.2551, -1322.1289, 11.3660), (1354.6546, -1352.8690, 13.4420), (1396.2030, -1325.0368, 11.3660)]
            int[] faceVertexCounts = [4]
            int[] faceVertexIndices = [0, 1, 3, 2]
            uniform token subdivisionScheme = "none"
        }

        def Mesh "Road_114"
        {
            point3f[] points = [(768.2267, -934.4735, 6.6960), (767.9040, -933.7961, 6.6620), (767.2299, -932.3878, 6.6960), (725.4555, -843.7884, 6.5190), (724.6816, -842.0006, 6.5130), (715.9256, -821.8640, 6.4870), (710.6033, -811.2402, 6.4780), (705.6212, -802.6550, 6.3930), (704.6501, -801.1172, 6.4160), (699.0792, -792.8281, 6.3490), (771.3865, -932.9684, 6.6960), (771.0619, -932.2868, 6.6620), (770.3955, -930.8949, 6.6960), (728.6222, -842.2977, 6.5190), (727.8915, -840.6054, 6.5130), (719.1080, -820.4071, 6.4870), (713.6877, -809.5860, 6.4780), (708.6379, -800.8804, 6.3930), (707.5640, -799.1783, 6.4160), (701.9841, -790.8758, 6.3490)]
            int[] faceVertexCounts = [4, 4, 4, 4, 4, 4, 4, 4, 4]
            int[] faceVertexIndices = [0, 1, 11, 10, 1, 2, 12, 11, 2, 3, 13, 12, 3, 4, 14, 13, 4, 5, 15, 14, 5, 6, 16, 15, 6, 7, 17, 16, 7, 8, 18, 17, 8, 9, 19, 18]
            uniform token subdivisionScheme = "none"
        }

        def Mesh "Road_115"
        {
            point3f[] points = [(1751.7445, -1195.9892, 6.4430), (1774.9918, -1169.1751, 6.5200), (1815.9703, -1120.7687, 6.7840), (1834.3342, -1098.6092, 7.5510), (1754.3890, -1198.2819, 6.4430), (1777.6535, -1171.4478, 6.5200), (1818.6490, -1123.0213, 6.7840), (1837.0291, -1100.8425, 7.5510)]
            int[] faceVertexCounts = [4, 4, 4]
            int[] faceVertexIndices = [0, 1, 5, 4, 1, 2, 6, 5, 2, 3, 7, 6]
            uniform token subdivisionScheme = "none"
        }

        def Mesh "Road_116"
        {
            point3f[] points = [(1323.0969, -417.2432, 6.2230), (1308.7937, -410.2146, 6.1520), (1270.6900, -392.6235, 6.1060), (1269.9599, -392.2999, 6.1060), (1260.7918, -388.3190, 6.0610), (1260.0462, -387.9949, 6.0610), (1221.9983, -370.2519, 6.0780), (1220.8085, -369.6747, 6.0830), (1193.6816, -356.9080, 6.1360), (1191.8993, -356.1401, 6.1430), (1190.1553, -355.3991, 6.1500), (1171.5628, -348.0693, 6.3860), (1169.9226, -347.4469, 6.3700), (1324.6405, -414.1020, 6.2230), (1310.2819, -407.0467, 6.1520), (1272.1561, -389.4454, 6.1060), (1271.3558, -389.0903, 6.1060), (1262.1857, -385.1086, 6.0610), (1261.5239, -384.8221, 6.0610), (1223.4790, -367.0806, 6.0780), (1222.3005, -366.5086, 6.0830), (1195.1655, -353.7381, 6.1360), (1193.2765, -352.9224, 6.1430), (1191.4465, -352.1460, 6.1500), (1172.8431, -344.8119, 6.3860), (1171.1646, -344.1746, 6.3700)]
            int[] faceVertexCounts = [4, 4, 4, 4, 4, 4, 4, 4, 4, 4, 4, 4]
            int[] faceVertexIndices = [0, 1, 14, 13, 1, 2, 15, 14, 2, 3, 16, 15, 3, 4, 17, 16, 4, 5, 18, 17, 5, 6, 19, 18, 6, 7, 20, 19, 7, 8, 21, 20, 8, 9, 22, 21, 9, 10, 23, 22, 10, 11, 24, 23, 11, 12, 25, 24]
            uniform token subdivisionScheme = "none"
        }

        def Mesh "Road_117"
        {
            point3f[] points = [(448.6025, -1206.0154, 5.6900), (448.4403, -1200.0162, 5.8900), (448.4179, -1198.6093, 5.8900), (448.5559, -1188.5730, 6.0750), (448.9696, -1182.5190, 6.1280), (449.1321, -1180.8861, 6.1310), (449.7925, -1174.9423, 6.1980), (449.9123, -1173.0513, 6.2100), (449.9398, -1171.1170, 6.2160), (449.9219, -1170.4219, 6.2290), (449.7790, -1168.5185, 6.2530), (449.4998, -1166.6753, 6.2790), (449.0819, -1164.8736, 6.3170), (448.5113, -1163.1490, 6.3240), (447.6333, -1161.2276, 6.3020), (446.7033, -1159.6717, 6.3020), (445.6059, -1158.1759, 6.3180), (444.3746, -1156.7248, 6.3070), (443.0551, -1155.2848, 6.3170), (442.4452, -1154.6482, 6.3090), (436.7964, -1148.9938, 6.4080), (436.2907, -1148.4837, 6.3980), (426.5269, -1138.3554, 6.4020), (413.3867, -1126.1121, 6.1470), (452.1012, -1205.9208, 5.6900), (451.9392, -1199.9285, 5.8900), (451.9177, -1198.6448, 5.8900), (452.0538, -1188.6927, 6.0750), (452.4598, -1182.7808, 6.1280), (452.6116, -1181.2645, 6.1310), (453.2754, -1175.2878, 6.1980), (453.4097, -1173.1879, 6.2100), (453.4398, -1171.1265, 6.2160), (453.4153, -1170.2074, 6.2290), (453.2567, -1168.1240, 6.2530), (452.9373, -1166.0167, 6.2790), (452.4511, -1163.9260, 6.3170), (451.7641, -1161.8570, 6.3240), (450.7384, -1159.6125, 6.3020), (449.6206, -1157.7380, 6.3020), (448.3540, -1156.0083, 6.3180), (447.0004, -1154.4106, 6.3070), (445.6188, -1152.9020, 6.3170), (444.9267, -1152.1800, 6.3090), (439.2732, -1146.5209, 6.4080), (438.8087, -1146.0528, 6.3980), (428.9725, -1135.8516, 6.4020), (415.7727, -1123.5514, 6.1470)]
            int[] faceVertexCounts = [4, 4, 4, 4, 4, 4, 4, 4, 4, 4, 4, 4, 4, 4, 4, 4, 4, 4, 4, 4, 4, 4, 4]
            int[] faceVertexIndices = [0, 1, 25, 24, 1, 2, 26, 25, 2, 3, 27, 26, 3, 4, 28, 27, 4, 5, 29, 28, 5, 6, 30, 29, 6, 7, 31, 30, 7, 8, 32, 31, 8, 9, 33, 32, 9, 10, 34, 33, 10, 11, 35, 34, 11, 12, 36, 35, 12, 13, 37, 36, 13, 14, 38, 37, 14, 15, 39, 38, 15, 16, 40, 39, 16, 17, 41, 40, 17, 18, 42, 41, 18, 19, 43, 42, 19, 20, 44, 43, 20, 21, 45, 44, 21, 22, 46, 45, 22, 23, 47, 46]
            uniform token subdivisionScheme = "none"
        }

        def Mesh "Road_118"
        {
            point3f[] points = [(708.1698, -1681.5250, 5.2630), (674.8013, -1613.2811, 5.6960), (674.1300, -1611.8191, 5.6680), (673.7686, -1611.0292, 5.6830), (711.3141, -1679.9876, 5.2630), (677.9463, -1611.7453, 5.6960), (677.3117, -1610.3608, 5.6680), (676.9513, -1609.5730, 5.6830)]
            int[] faceVertexCounts = [4, 4, 4]
            int[] faceVertexIndices = [0, 1, 5, 4, 1, 2, 6, 5, 2, 3, 7, 6]
            uniform token subdivisionScheme = "none"
        }

        def Mesh "Road_119"
        {
            point3f[] points = [(1928.8819, -607.4191, 7.3620), (1915.6658, -578.2930, 7.1550), (1889.2664, -520.5814, 6.7920), (1866.6745, -469.5915, 7.1200), (1851.7420, -435.5341, 7.4220), (1836.7345, -399.0722, 7.7520), (1932.0691, -605.9729, 7.3620), (1918.8501, -576.8403, 7.1550), (1892.4573, -519.1433, 6.7920), (1869.8767, -468.1786, 7.1200), (1854.9637, -434.1663, 7.4220), (1839.9710, -397.7400, 7.7520)]
            int[] faceVertexCounts = [4, 4, 4, 4, 4]
            int[] faceVertexIndices = [0, 1, 7, 6, 1, 2, 8, 7, 2, 3, 9, 8, 3, 4, 10, 9, 4, 5, 11, 10]
            uniform token subdivisionScheme = "none"
        }

        def Mesh "Road_120"
        {
            point3f[] points = [(1824.9456, -339.5898, 2.3080), (1825.8129, -339.4963, 2.3340), (1855.6842, -336.8387, 3.2530), (1857.3297, -336.7562, 3.2530), (1883.2883, -335.7185, 4.2650), (1891.3521, -335.1856, 4.6360), (1895.4351, -335.0569, 4.7990), (1899.5091, -335.1505, 4.8800), (1901.5715, -335.2998, 4.9870), (1902.3344, -335.3736, 5.0960), (1904.3612, -335.6208, 5.1930), (1906.4107, -335.9433, 5.2410), (1912.3141, -337.0848, 5.2390), (1825.3218, -343.0695, 2.3080), (1826.1249, -342.9824, 2.3340), (1855.9876, -340.3255, 3.2530), (1857.4714, -340.2534, 3.2530), (1883.4497, -339.2148, 4.2650), (1891.5430, -338.6804, 4.6360), (1895.4500, -338.5569, 4.7990), (1899.3704, -338.6477, 4.8800), (1901.2956, -338.7889, 4.9870), (1901.9336, -338.8506, 5.0960), (1903.8777, -339.0872, 5.1930), (1905.7764, -339.3854, 5.2410), (1911.6496, -340.5211, 5.2390)]
            int[] faceVertexCounts = [4, 4, 4, 4, 4, 4, 4, 4, 4, 4, 4, 4]
            int[] faceVertexIndices = [0, 1, 14, 13, 1, 2, 15, 14, 2, 3, 16, 15, 3, 4, 17, 16, 4, 5, 18, 17, 5, 6, 19, 18, 6, 7, 20, 19, 7, 8, 21, 20, 8, 9, 22, 21, 9, 10, 23, 22, 10, 11, 24, 23, 11, 12, 25, 24]
            uniform token subdivisionScheme = "none"
        }

        def Mesh "Road_121"
        {
            point3f[] points = [(245.4425, -478.9519, 6.3800), (253.7455, -472.7909, 6.5500), (264.8440, -467.8138, 6.6630), (277.2371, -463.1298, 6.7740), (293.4501, -456.9492, 7.0500), (310.5635, -448.8495, 7.3790), (327.3925, -438.8150, 7.8860), (344.5006, -428.3345, 8.4630), (345.0582, -427.9789, 8.5500), (370.3341, -411.7705, 8.8340), (398.1011, -395.6031, 7.6480), (399.9800, -394.5882, 7.5510), (410.7465, -389.2162, 7.1430), (414.5714, -387.6363, 7.0090), (418.4038, -386.2868, 6.8860), (419.8925, -385.8298, 6.8010), (425.0794, -383.6329, 6.6990), (247.5314, -481.7601, 6.3800), (255.4885, -475.8261, 6.5500), (266.1733, -471.0515, 6.6630), (278.4799, -466.4018, 6.7740), (294.8290, -460.1661, 7.0500), (312.2125, -451.9367, 7.3790), (329.2029, -441.8104, 7.8860), (346.3307, -431.3179, 8.4630), (346.9474, -430.9253, 8.5500), (372.1575, -414.7580, 8.8340), (399.8564, -398.6311, 7.6480), (401.5574, -397.7126, 7.5510), (412.2529, -392.3754, 7.1430), (415.8202, -390.9059, 7.0090), (419.5296, -389.6008, 6.8860), (421.1847, -389.0825, 6.8010), (426.4442, -386.8558, 6.6990)]
            int[] faceVertexCounts = [4, 4, 4, 4, 4, 4, 4, 4, 4, 4, 4, 4, 4, 4, 4, 4]
            int[] faceVertexIndices = [0, 1, 18, 17, 1, 2, 19, 18, 2, 3, 20, 19, 3, 4, 21, 20, 4, 5, 22, 21, 5, 6, 23, 22, 6, 7, 24, 23, 7, 8, 25, 24, 8, 9, 26, 25, 9, 10, 27, 26, 10, 11, 28, 27, 11, 12, 29, 28, 12, 13, 30, 29, 13, 14, 31, 30, 14, 15, 32, 31, 15, 16, 33, 32]
            uniform token subdivisionScheme = "none"
        }

        def Mesh "Road_122"
        {
            point3f[] points = [(261.9208, -792.3953, 5.8940), (263.6752, -791.5655, 5.8550), (265.2656, -790.6813, 5.8430), (266.6664, -789.6260, 5.8430), (267.3707, -788.8766, 5.7990), (268.2871, -787.4485, 5.7690), (268.9090, -785.8696, 5.7400), (269.2980, -784.1769, 5.7410), (269.4624, -782.4163, 5.7450), (269.3983, -780.6342, 5.7290), (269.1227, -778.8475, 5.7320), (268.6479, -777.0272, 5.7180), (268.4668, -776.4839, 5.7100), (263.4187, -795.5585, 5.8940), (265.2781, -794.6769, 5.8550), (267.1762, -793.6138, 5.8430), (268.9649, -792.2655, 5.8430), (270.1686, -790.9794, 5.7990), (271.4030, -789.0426, 5.7690), (272.2506, -786.9105, 5.7400), (272.7534, -784.7334, 5.7410), (272.9610, -782.5171, 5.7450), (272.8828, -780.3052, 5.7290), (272.5506, -778.1407, 5.7320), (272.0212, -776.0939, 5.7180), (271.7912, -775.3889, 5.7100)]
            int[] faceVertexCounts = [4, 4, 4, 4, 4, 4, 4, 4, 4, 4, 4, 4]
            int[] faceVertexIndices = [0, 1, 14, 13, 1, 2, 15, 14, 2, 3, 16, 15, 3, 4, 17, 16, 4, 5, 18, 17, 5, 6, 19, 18, 6, 7, 20, 19, 7, 8, 21, 20, 8, 9, 22, 21, 9, 10, 23, 22, 10, 11, 24, 23, 11, 12, 25, 24]
            uniform token subdivisionScheme = "none"
        }

        def Mesh "Road_123"
        {
            point3f[] points = [(354.5973, -134.5689, 4.2870), (354.0272, -133.4768, 4.3120), (347.4088, -121.1780, 4.0130), (343.3687, -114.3256, 3.8560), (338.9969, -107.6898, 3.7320), (338.5025, -106.9911, 3.7200), (336.1706, -103.8204, 3.7230), (329.9574, -96.1066, 3.7140), (315.2452, -79.8024, 3.7680), (314.4652, -78.9368, 3.7940), (293.4954, -54.7819, 3.8960), (357.6998, -132.9489, 4.2870), (357.1109, -131.8214, 4.3120), (350.4669, -119.4757, 4.0130), (346.3386, -112.4737, 3.8560), (341.9132, -105.7545, 3.7320), (341.3291, -104.9270, 3.7200), (338.9233, -101.6589, 3.7230), (332.5964, -93.8076, 3.7140), (317.8438, -77.4577, 3.7680), (317.1067, -76.6406, 3.7940), (296.1384, -52.4874, 3.8960)]
            int[] faceVertexCounts = [4, 4, 4, 4, 4, 4, 4, 4, 4, 4]
            int[] faceVertexIndices = [0, 1, 12, 11, 1, 2, 13, 12, 2, 3, 14, 13, 3, 4, 15, 14, 4, 5, 16, 15, 5, 6, 17, 16, 6, 7, 18, 17, 7, 8, 19, 18, 8, 9, 20, 19, 9, 10, 21, 20]
            uniform token subdivisionScheme = "none"
        }

        def Mesh "Road_124"
        {
            point3f[] points = [(1702.3040, -611.9974, 6.6730), (1694.0576, -572.5946, 6.5950), (1705.7297, -611.2804, 6.6730), (1697.4834, -571.8776, 6.5950)]
            int[] faceVertexCounts = [4]
            int[] faceVertexIndices = [0, 1, 3, 2]
            uniform token subdivisionScheme = "none"
        }

        def Mesh "Road_125"
        {
            point3f[] points = [(168.3660, -364.5569, 4.8740), (167.4448, -364.6959, 4.8500), (166.9491, -364.7449, 4.8500), (164.8750, -364.8554, 4.8370), (162.7202, -364.8084, 4.8240), (158.6778, -364.4055, 4.8130), (156.6541, -364.1354, 4.7990), (156.2141, -364.0719, 4.7990), (142.3988, -361.8174, 4.7430), (140.8020, -361.5203, 4.7320), (127.0853, -358.7244, 4.7130), (126.2791, -358.5532, 4.7130), (167.8431, -361.0962, 4.8740), (166.9731, -361.2279, 4.8500), (166.7365, -361.2514, 4.8500), (164.8181, -361.3559, 4.8370), (162.9769, -361.3178, 4.8240), (159.0641, -360.9269, 4.8130), (157.1236, -360.6670, 4.7990), (156.7760, -360.6173, 4.7990), (142.9702, -358.3643, 4.7430), (141.4952, -358.0897, 4.7320), (127.7859, -355.2952, 4.7130), (127.0064, -355.1296, 4.7130)]
            int[] faceVertexCounts = [4, 4, 4, 4, 4, 4, 4, 4, 4, 4, 4]
            int[] faceVertexIndices = [0, 1, 13, 12, 1, 2, 14, 13, 2, 3, 15, 14, 3, 4, 16, 15, 4, 5, 17, 16, 5, 6, 18, 17, 6, 7, 19, 18, 7, 8, 20, 19, 8, 9, 21, 20, 9, 10, 22, 21, 10, 11, 23, 22]
            uniform token subdivisionScheme = "none"
        }

        def Mesh "Road_126"
        {
            point3f[] points = [(1911.8732, -1104.0184, 7.3160), (1889.8945, -1103.2684, 7.3310), (1887.8946, -1103.1936, 7.3450), (1882.0972, -1102.9552, 7.3610), (1858.1285, -1101.9550, 7.4390), (1856.6251, -1101.9058, 7.4390), (1836.6389, -1101.4907, 7.5510), (1835.6547, -1101.4756, 7.5510), (1911.9926, -1100.5204, 7.3160), (1890.0148, -1099.7705, 7.3310), (1888.0351, -1099.6964, 7.3450), (1882.2427, -1099.4583, 7.3610), (1858.2726, -1098.4580, 7.4390), (1856.7008, -1098.4066, 7.4390), (1836.7107, -1097.9914, 7.5510), (1835.7085, -1097.9760, 7.5510)]
            int[] faceVertexCounts = [4, 4, 4, 4, 4, 4, 4]
            int[] faceVertexIndices = [0, 1, 9, 8, 1, 2, 10, 9, 2, 3, 11, 10, 3, 4, 12, 11, 4, 5, 13, 12, 5, 6, 14, 13, 6, 7, 15, 14]
            uniform token subdivisionScheme = "none"
        }

        def Mesh "Road_127"
        {
            point3f[] points = [(2264.5291, -736.2863, 0.3000), (2117.9854, -683.1655, 6.8180), (2265.7219, -732.9958, 0.3000), (2119.1782, -679.8750, 6.8180)]
            int[] faceVertexCounts = [4]
            int[] faceVertexIndices = [0, 1, 3, 2]
            uniform token subdivisionScheme = "none"
        }

        def Mesh "Road_128"
        {
            point3f[] points = [(1009.7339, -338.4759, 6.0070), (1099.8646, -316.8042, 6.1060), (1010.5522, -341.8789, 6.0070), (1100.6828, -320.2072, 6.1060)]
            int[] faceVertexCounts = [4]
            int[] faceVertexIndices = [0, 1, 3, 2]
            uniform token subdivisionScheme = "none"
        }

        def Mesh "Road_129"
        {
            point3f[] points = [(685.7941, -35.8305, 4.3860), (681.4059, -14.2817, 4.1080), (681.3457, -13.9810, 4.1080), (677.4279, 5.6232, 0.3000), (677.3411, 6.0395, 0.3000), (672.4932, 29.5367, 0.3000), (672.2162, 31.0910, 0.3000), (668.9174, 52.8365, 0.3000), (668.8326, 53.4241, 0.3000), (666.8096, 65.2138, 0.3000), (665.4999, 70.9991, 0.3000), (665.3743, 71.4938, 0.3000), (663.7511, 77.2023, 0.3000), (661.1401, 84.7108, 0.3000), (660.9319, 85.2514, 0.3000), (655.5873, 98.1860, 0.3000), (654.9122, 99.8742, 0.3000), (649.1519, 114.7889, 0.3000), (648.6011, 116.0394, 0.3000), (645.9386, 121.3551, 0.3000), (643.0645, 126.5792, 0.3000), (642.8545, 126.9606, 0.3000), (638.1243, 135.7694, 0.3000), (637.4173, 137.1034, 0.3000), (689.2237, -35.1321, 4.3860), (684.8356, -13.5834, 4.1080), (684.7778, -13.2951, 4.1080), (680.8599, 6.3097, 0.3000), (680.7689, 6.7468, 0.3000), (675.9221, 30.2385, 0.3000), (675.6757, 31.6216, 0.3000), (672.3779, 53.3608, 0.3000), (672.2829, 54.0117, 0.3000), (670.2483, 65.8660, 0.3000), (668.9118, 71.7795, 0.3000), (668.7431, 72.4429, 0.3000), (667.0843, 78.2700, 0.3000), (664.4431, 85.8686, 0.3000), (664.1681, 86.5843, 0.3000), (658.8237, 99.5184, 0.3000), (658.1756, 101.1391, 0.3000), (652.4118, 116.0629, 0.3000), (651.7459, 117.5757, 0.3000), (649.0372, 122.9827, 0.3000), (646.1311, 128.2662, 0.3000), (645.9374, 128.6178, 0.3000), (641.2090, 137.4230, 0.3000), (640.5098, 138.7424, 0.3000)]
            int[] faceVertexCounts = [4, 4, 4, 4, 4, 4, 4, 4, 4, 4, 4, 4, 4, 4, 4, 4, 4, 4, 4, 4, 4, 4, 4]
            int[] faceVertexIndices = [0, 1, 25, 24, 1, 2, 26, 25, 2, 3, 27, 26, 3, 4, 28, 27, 4, 5, 29, 28, 5, 6, 30, 29, 6, 7, 31, 30, 7, 8, 32, 31, 8, 9, 33, 32, 9, 10, 34, 33, 10, 11, 35, 34, 11, 12, 36, 35, 12, 13, 37, 36, 13, 14, 38, 37, 14, 15, 39, 38, 15, 16, 40, 39, 16, 17, 41, 40, 17, 18, 42, 41, 18, 19, 43, 42, 19, 20, 44, 43, 20, 21, 45, 44, 21, 22, 46, 45, 22, 23, 47, 46]
            uniform token subdivisionScheme = "none"
        }

        def Mesh "Road_130"
        {
            point3f[] points = [(120.2820, -859.2823, 9.0190), (120.0390, -858.9247, 9.0190), (115.6474, -852.2375, 8.8630), (115.4106, -851.8494, 8.8630), (114.3659, -850.0780, 8.8240), (109.6015, -841.2770, 8.6130), (109.4432, -840.9777, 8.5560), (102.5270, -828.8214, 8.3370), (101.9730, -827.9278, 8.3900), (96.6973, -819.4308, 8.3410), (96.0067, -818.2530, 8.3430), (91.0741, -809.5780, 8.1350), (84.8369, -799.1069, 7.7140), (78.9774, -788.3782, 7.3120), (78.4717, -787.5517, 7.3130), (76.3087, -784.2808, 7.1540), (72.7365, -779.5236, 7.0170), (72.4104, -779.1184, 6.9770), (69.8429, -776.0975, 6.9080), (68.5378, -774.6992, 6.8620), (67.1602, -773.3302, 6.8420), (66.3404, -772.5730, 6.8100), (64.8799, -771.3380, 6.7850), (63.3861, -770.2314, 6.7850), (61.8346, -769.2961, 6.7560), (60.2153, -768.5650, 6.7510), (58.2517, -767.9672, 6.7410), (56.4606, -767.6508, 6.7640), (52.5267, -767.1853, 6.8240), (50.6573, -766.9770, 6.8750), (46.4030, -766.3507, 6.9280), (123.1759, -857.3137, 9.0190), (122.9630, -857.0011, 9.0190), (118.5760, -850.3209, 8.8630), (118.4211, -850.0642, 8.8630), (117.4335, -848.3928, 8.8240), (112.6799, -839.6116, 8.6130), (112.4866, -839.2492, 8.5560), (105.5644, -827.0824, 8.3370), (104.9467, -826.0821, 8.3900), (99.6762, -817.5934, 8.3410), (99.0466, -816.5184, 8.3430), (94.0973, -807.8143, 8.1350), (87.8768, -797.3723, 7.7140), (82.0424, -786.6884, 7.3120), (81.4056, -785.6433, 7.3130), (79.1568, -782.2466, 7.1540), (75.5290, -777.4136, 7.0170), (75.0855, -776.8614, 6.9770), (72.4745, -773.7899, 6.9080), (71.0515, -772.2639, 6.8620), (69.5930, -770.8139, 6.8420), (68.6433, -769.9373, 6.8100), (67.0514, -768.5931, 6.7850), (65.3318, -767.3221, 6.7850), (63.4593, -766.1960, 6.7560), (61.4344, -765.2842, 6.7510), (59.0821, -764.5672, 6.7410), (56.9395, -764.1837, 6.7640), (52.9303, -763.7086, 6.8240), (51.1301, -763.5091, 6.8750), (46.9130, -762.8880, 6.9280)]
            int[] faceVertexCounts = [4, 4, 4, 4, 4, 4, 4, 4, 4, 4, 4, 4, 4, 4, 4, 4, 4, 4, 4, 4, 4, 4, 4, 4, 4, 4, 4, 4, 4, 4]
            int[] faceVertexIndices = [0, 1, 32, 31, 1, 2, 33, 32, 2, 3, 34, 33, 3, 4, 35, 34, 4, 5, 36, 35, 5, 6, 37, 36, 6, 7, 38, 37, 7, 8, 39, 38, 8, 9, 40, 39, 9, 10, 41, 40, 10, 11, 42, 41, 11, 12, 43, 42, 12, 13, 44, 43, 13, 14, 45, 44, 14, 15, 46, 45, 15, 16, 47, 46, 16, 17, 48, 47, 17, 18, 49, 48, 18, 19, 50, 49, 19, 20, 51, 50, 20, 21, 52, 51, 21, 22, 53, 52, 22, 23, 54, 53, 23, 24, 55, 54, 24, 25, 56, 55, 25, 26, 57, 56, 26, 27, 58, 57, 27, 28, 59, 58, 28, 29, 60, 59, 29, 30, 61, 60]
            uniform token subdivisionScheme = "none"
        }

        def Mesh "Road_131"
        {
            point3f[] points = [(1421.6022, -621.8306, 6.9660), (1365.0282, -596.5315, 6.6710), (1364.6743, -596.3664, 6.6700), (1348.3138, -588.9391, 6.5420), (1342.8021, -586.7841, 6.5310), (1341.2419, -586.2202, 6.5310), (1325.9487, -581.6015, 6.5780), (1324.2224, -581.1313, 6.5760), (1423.0310, -618.6355, 6.9660), (1366.4574, -593.3366, 6.6710), (1366.1217, -593.1797, 6.6700), (1349.7181, -585.7332, 6.5420), (1344.0571, -583.5169, 6.5310), (1342.2714, -582.8751, 6.5310), (1326.9513, -578.2481, 6.5780), (1325.1431, -577.7546, 6.5760)]
            int[] faceVertexCounts = [4, 4, 4, 4, 4, 4, 4]
            int[] faceVertexIndices = [0, 1, 9, 8, 1, 2, 10, 9, 2, 3, 11, 10, 3, 4, 12, 11, 4, 5, 13, 12, 5, 6, 14, 13, 6, 7, 15, 14]
            uniform token subdivisionScheme = "none"
        }

        def Mesh "Road_132"
        {
            point3f[] points = [(1102.6353, -230.5225, 6.4710), (1102.8152, -228.3750, 6.4320), (1103.3970, -226.1433, 6.4080), (1104.3569, -224.0452, 6.4050), (1105.6675, -222.1453, 6.4160), (1107.2873, -220.5029, 6.4620), (1109.1681, -219.1651, 6.4800), (1111.1124, -218.2352, 6.5310), (1106.1239, -230.8039, 6.4710), (1106.2661, -228.9593, 6.4320), (1106.6942, -227.3173, 6.4080), (1107.4003, -225.7736, 6.4050), (1108.3643, -224.3764, 6.4160), (1109.5562, -223.1679, 6.4620), (1110.9396, -222.1837, 6.4800), (1112.6127, -221.3973, 6.5310)]
            int[] faceVertexCounts = [4, 4, 4, 4, 4, 4, 4]
            int[] faceVertexIndices = [0, 1, 9, 8, 1, 2, 10, 9, 2, 3, 11, 10, 3, 4, 12, 11, 4, 5, 13, 12, 5, 6, 14, 13, 6, 7, 15, 14]
            uniform token subdivisionScheme = "none"
        }

        def Mesh "Road_133"
        {
            point3f[] points = [(1271.6415, -939.1379, 7.1410), (1200.9857, -929.1775, 7.3220), (1272.1301, -935.6722, 7.1410), (1201.4743, -925.7118, 7.3220)]
            int[] faceVertexCounts = [4]
            int[] faceVertexIndices = [0, 1, 3, 2]
            uniform token subdivisionScheme = "none"
        }

        def Mesh "Road_134"
        {
            point3f[] points = [(672.9701, -147.5280, 4.9310), (680.3747, -145.2052, 4.9020), (674.0177, -150.8675, 4.9310), (681.4223, -148.5448, 4.9020)]
            int[] faceVertexCounts = [4]
            int[] faceVertexIndices = [0, 1, 3, 2]
            uniform token subdivisionScheme = "none"
        }

        def Mesh "Road_135"
        {
            point3f[] points = [(934.7796, -1489.8137, 5.3170), (934.4043, -1490.0743, 5.2790), (929.4081, -1493.4263, 5.2620), (927.8885, -1494.3469, 5.2510), (926.0885, -1495.3689, 5.2250), (922.4496, -1497.2416, 5.1930), (913.2858, -1501.3116, 5.1510), (912.6395, -1501.5818, 5.1510), (903.4456, -1505.4234, 5.0930), (896.2745, -1508.7712, 5.0880), (891.0470, -1511.5783, 5.1130), (890.1712, -1512.0824, 5.1230), (888.3992, -1513.0938, 5.1370), (886.5482, -1514.0433, 5.1370), (884.5618, -1514.9371, 5.1620), (882.3474, -1515.5472, 5.1900), (880.1434, -1515.7315, 5.1820), (879.3209, -1515.7048, 5.1990), (878.4992, -1515.6227, 5.1990), (876.3739, -1515.2038, 5.2290), (874.2617, -1514.4619, 5.2230), (872.2848, -1513.4616, 5.2700), (870.4440, -1512.2373, 5.2160), (868.7614, -1510.7823, 5.2670), (867.3303, -1509.1748, 5.2660), (866.8099, -1508.4724, 5.2660), (865.6857, -1506.6745, 5.2240), (864.7070, -1504.6753, 5.2210), (862.6173, -1499.0087, 5.2390), (862.4041, -1498.4434, 5.2390), (860.9101, -1494.8301, 5.2290), (854.8181, -1482.2547, 5.1680), (854.2106, -1480.9666, 5.1620), (845.3049, -1460.8576, 5.0830), (845.1846, -1460.6006, 5.0830), (839.0149, -1448.0405, 5.1230), (838.7550, -1447.5139, 5.1230), (826.5460, -1422.3276, 5.1510), (826.2076, -1421.6375, 5.1510), (824.5241, -1417.9766, 5.1380), (823.7344, -1416.0380, 5.1060), (823.0235, -1414.0128, 5.1180), (822.5339, -1411.7877, 5.1160), (822.4999, -1409.4101, 5.1160), (823.0050, -1407.1172, 5.1160), (823.7476, -1405.4758, 5.0960), (825.0531, -1403.6168, 5.1010), (826.6011, -1402.0305, 5.0850), (828.2206, -1400.6413, 5.1010), (829.8922, -1399.3909, 5.1190), (831.1482, -1398.5289, 5.1530), (832.8781, -1397.4207, 5.1500), (834.6547, -1396.3724, 5.1570), (836.4653, -1395.3890, 5.1560), (838.3080, -1394.4696, 5.1670), (840.2221, -1393.5985, 5.1820), (849.5269, -1389.9070, 5.2520), (851.2489, -1389.2196, 5.2650), (854.8960, -1387.7327, 5.3000), (884.0552, -1374.6082, 5.1940), (885.9875, -1373.7063, 5.1990), (932.7821, -1486.9397, 5.3170), (932.4511, -1487.1700, 5.2790), (927.4880, -1490.4999, 5.2620), (926.1215, -1491.3257, 5.2510), (924.4435, -1492.2795, 5.2250), (920.9765, -1494.0667, 5.1930), (911.8697, -1498.1109, 5.1510), (911.2901, -1498.3523, 5.1510), (902.0376, -1502.2191, 5.0930), (894.7185, -1505.6361, 5.0880), (889.3782, -1508.5017, 5.1130), (888.4325, -1509.0448, 5.1230), (886.7322, -1510.0164, 5.1370), (885.0275, -1510.8910, 5.1370), (883.3696, -1511.6464, 5.1620), (881.7377, -1512.1007, 5.1900), (879.9621, -1512.2362, 5.1820), (879.5602, -1512.2130, 5.1990), (879.0865, -1512.1723, 5.1990), (877.2921, -1511.8264, 5.2290), (875.6359, -1511.2430, 5.2230), (874.0472, -1510.4377, 5.2700), (872.5616, -1509.4506, 5.2160), (871.2201, -1508.2914, 5.2670), (869.9988, -1506.9100, 5.2660), (869.7400, -1506.5581, 5.2660), (868.7435, -1504.9716, 5.2240), (867.9586, -1503.3802, 5.2210), (865.9003, -1497.7953, 5.2390), (865.6438, -1497.1188, 5.2390), (864.0796, -1493.3453, 5.2290), (857.9694, -1480.7317, 5.1680), (857.4088, -1479.5448, 5.1620), (848.5047, -1459.4392, 5.0830), (848.3267, -1459.0590, 5.0830), (842.1563, -1446.4972, 5.1230), (841.9042, -1445.9868, 5.1230), (829.6953, -1420.8005, 5.1510), (829.3816, -1420.1625, 5.1510), (827.7252, -1416.5614, 5.1380), (827.0066, -1414.7960, 5.1060), (826.3881, -1413.0488, 5.1180), (826.0098, -1411.3778, 5.1160), (825.9818, -1409.7658, 5.1160), (826.3440, -1408.1667, 5.1160), (826.7578, -1407.2617, 5.0960), (827.7445, -1405.8542, 5.1010), (828.9925, -1404.5862, 5.0850), (830.4085, -1403.3732, 5.1010), (831.9396, -1402.2296, 5.1190), (833.0753, -1401.4506, 5.1530), (834.7119, -1400.4018, 5.1500), (836.3795, -1399.4179, 5.1570), (838.0821, -1398.4932, 5.1560), (839.8154, -1397.6283, 5.1670), (841.5398, -1396.8410, 5.1820), (850.8187, -1393.1599, 5.2520), (852.5632, -1392.4635, 5.2650), (856.3199, -1390.9300, 5.3000), (885.4945, -1377.7985, 5.1940), (887.4676, -1376.8779, 5.1990)]
            int[] faceVertexCounts = [4, 4, 4, 4, 4, 4, 4, 4, 4, 4, 4, 4, 4, 4, 4, 4, 4, 4, 4, 4, 4, 4, 4, 4, 4, 4, 4, 4, 4, 4, 4, 4, 4, 4, 4, 4, 4, 4, 4, 4, 4, 4, 4, 4, 4, 4, 4, 4, 4, 4, 4, 4, 4, 4, 4, 4, 4, 4, 4, 4]
            int[] faceVertexIndices = [0, 1, 62, 61, 1, 2, 63, 62, 2, 3, 64, 63, 3, 4, 65, 64, 4, 5, 66, 65, 5, 6, 67, 66, 6, 7, 68, 67, 7, 8, 69, 68, 8, 9, 70, 69, 9, 10, 71, 70, 10, 11, 72, 71, 11, 12, 73, 72, 12, 13, 74, 73, 13, 14, 75, 74, 14, 15, 76, 75, 15, 16, 77, 76, 16, 17, 78, 77, 17, 18, 79, 78, 18, 19, 80, 79, 19, 20, 81, 80, 20, 21, 82, 81, 21, 22, 83, 82, 22, 23, 84, 83, 23, 24, 85, 84, 24, 25, 86, 85, 25, 26, 87, 86, 26, 27, 88, 87, 27, 28, 89, 88, 28, 29, 90, 89, 29, 30, 91, 90, 30, 31, 92, 91, 31, 32, 93, 92, 32, 33, 94, 93, 33, 34, 95, 94, 34, 35, 96, 95, 35, 36, 97, 96, 36, 37, 98, 97, 37, 38, 99, 98, 38, 39, 100, 99, 39, 40, 101, 100, 40, 41, 102, 101, 41, 42, 103, 102, 42, 43, 104, 103, 43, 44, 105, 104, 44, 45, 106, 105, 45, 46, 107, 106, 46, 47, 108, 107, 47, 48, 109, 108, 48, 49, 110, 109, 49, 50, 111, 110, 50, 51, 112, 111, 51, 52, 113, 112, 52, 53, 114, 113, 53, 54, 115, 114, 54, 55, 116, 115, 55, 56, 117, 116, 56, 57, 118, 117, 57, 58, 119, 118, 58, 59, 120, 119, 59, 60, 121, 120]
            uniform token subdivisionScheme = "none"
        }

        def Mesh "Road_136"
        {
            point3f[] points = [(2208.0879, -1621.9423, 0.3000), (2199.1014, -1621.2226, 0.3000), (2185.6301, -1620.1447, 0.3000), (2177.5481, -1619.4990, 0.3000), (2161.1435, -1618.1857, 4.5910), (2142.6450, -1616.7059, 3.5860), (2128.0019, -1615.5345, 2.8980), (2114.8573, -1614.4816, 2.5620), (2208.3674, -1618.4535, 0.3000), (2199.3807, -1617.7337, 0.3000), (2185.9091, -1616.6559, 0.3000), (2177.8272, -1616.0101, 0.3000), (2161.4226, -1614.6969, 4.5910), (2142.9241, -1613.2171, 3.5860), (2128.2811, -1612.0457, 2.8980), (2115.1368, -1610.9928, 2.5620)]
            int[] faceVertexCounts = [4, 4, 4, 4, 4, 4, 4]
            int[] faceVertexIndices = [0, 1, 9, 8, 1, 2, 10, 9, 2, 3, 11, 10, 3, 4, 12, 11, 4, 5, 13, 12, 5, 6, 14, 13, 6, 7, 15, 14]
            uniform token subdivisionScheme = "none"
        }

        def Mesh "Road_137"
        {
            point3f[] points = [(686.8546, -33.8582, 4.3860), (688.2791, -33.2841, 4.3680), (697.6064, -29.6580, 4.3670), (699.4853, -28.9907, 4.3690), (703.3384, -27.6967, 4.4020), (718.7376, -23.2188, 4.3650), (746.0785, -16.0395, 4.6050), (688.1632, -37.1044, 4.3860), (689.5527, -36.5441, 4.3680), (698.8588, -32.9262, 4.3670), (700.6185, -32.3022, 4.3690), (704.3434, -31.0493, 4.4020), (719.6585, -26.5955, 4.3650), (746.9674, -19.4247, 4.6050)]
            int[] faceVertexCounts = [4, 4, 4, 4, 4, 4]
            int[] faceVertexIndices = [0, 1, 8, 7, 1, 2, 9, 8, 2, 3, 10, 9, 3, 4, 11, 10, 4, 5, 12, 11, 5, 6, 13, 12]
            uniform token subdivisionScheme = "none"
        }

        def Mesh "Road_138"
        {
            point3f[] points = [(2043.3205, -363.0723, 6.8550), (2029.2440, -359.3587, 6.7660), (2028.3218, -359.0746, 6.7720), (2024.5057, -357.8771, 6.7380), (2044.2133, -359.6881, 6.8550), (2030.1451, -355.9767, 6.7660), (2029.3674, -355.7344, 6.7720), (2025.5535, -354.5377, 6.7380)]
            int[] faceVertexCounts = [4, 4, 4]
            int[] faceVertexIndices = [0, 1, 5, 4, 1, 2, 6, 5, 2, 3, 7, 6]
            uniform token subdivisionScheme = "none"
        }

        def Mesh "Road_139"
        {
            point3f[] points = [(609.6185, -1901.4152, 0.3000), (617.4814, -1900.1534, 0.3000), (621.3144, -1899.3107, 0.3000), (621.7026, -1899.2119, 0.3000), (625.4300, -1898.1377, 0.3000), (636.5858, -1893.8466, 0.3000), (636.9925, -1893.6772, 0.3000), (668.1483, -1880.1071, 0.3000), (668.7608, -1879.8213, 0.3000), (688.6135, -1870.3642, 0.3000), (689.6193, -1869.8892, 0.3000), (713.1625, -1858.8832, 0.3000), (714.2076, -1858.3777, 0.3000), (744.6718, -1843.0355, 0.3000), (779.3380, -1827.4303, 5.3810), (779.7216, -1827.2662, 5.3810), (610.1733, -1904.8710, 0.3000), (618.1016, -1903.5980, 0.3000), (622.0774, -1902.7265, 0.3000), (622.6628, -1902.5776, 0.3000), (626.6162, -1901.4305, 0.3000), (637.8458, -1897.1119, 0.3000), (638.3893, -1896.8863, 0.3000), (669.5476, -1883.3152, 0.3000), (670.2652, -1882.9816, 0.3000), (690.1182, -1873.5242, 0.3000), (691.1020, -1873.0596, 0.3000), (714.6466, -1862.0530, 0.3000), (715.7802, -1861.5045, 0.3000), (746.1739, -1846.1967, 0.3000), (780.7741, -1830.6221, 5.3810), (781.0954, -1830.4853, 5.3810)]
            int[] faceVertexCounts = [4, 4, 4, 4, 4, 4, 4, 4, 4, 4, 4, 4, 4, 4, 4]
            int[] faceVertexIndices = [0, 1, 17, 16, 1, 2, 18, 17, 2, 3, 19, 18, 3, 4, 20, 19, 4, 5, 21, 20, 5, 6, 22, 21, 6, 7, 23, 22, 7, 8, 24, 23, 8, 9, 25, 24, 9, 10, 26, 25, 10, 11, 27, 26, 11, 12, 28, 27, 12, 13, 29, 28, 13, 14, 30, 29, 14, 15, 31, 30]
            uniform token subdivisionScheme = "none"
        }

        def Mesh "Road_140"
        {
            point3f[] points = [(2029.8398, -1103.3175, 6.6520), (2031.6403, -1087.4518, 7.1220), (2031.9924, -1081.5455, 7.0910), (2032.0458, -1079.7855, 7.0950), (2032.0991, -1067.5440, 6.9920), (2032.1855, -1063.5547, 7.0040), (2032.1265, -1061.6925, 7.0290), (2031.9120, -1059.8226, 7.0650), (2031.7350, -1058.8860, 7.0720), (2031.2441, -1057.0878, 7.1350), (2030.5768, -1055.3363, 7.1590), (2029.8005, -1053.5480, 7.1570), (2029.3719, -1052.6039, 7.1020), (2026.8306, -1047.1784, 6.9470), (2026.0959, -1045.6419, 6.9470), (1995.9201, -986.9768, 6.9670), (1995.0760, -985.2515, 7.0030), (1965.1502, -917.6097, 6.9140), (1964.9352, -917.1265, 6.8770), (1952.3463, -889.9113, 6.9490), (1952.1366, -889.4661, 6.9490), (2033.3175, -1103.7121, 6.6520), (2035.1234, -1087.7959, 7.1220), (2035.4875, -1081.7304, 7.0910), (2035.5457, -1079.8126, 7.0950), (2035.5989, -1067.5741, 6.9920), (2035.6855, -1063.5680, 7.0040), (2035.6172, -1061.4377, 7.0290), (2035.3777, -1059.3335, 7.0650), (2035.1360, -1058.0595, 7.0720), (2034.5717, -1056.0029, 7.1350), (2033.8190, -1054.0178, 7.1590), (2033.0031, -1052.1362, 7.1570), (2032.5441, -1051.1250, 7.1020), (2029.9973, -1045.6878, 6.9470), (2029.2095, -1044.0432, 6.9470), (1999.0333, -985.3775, 6.9670), (1998.2755, -983.8324, 7.0030), (1968.3509, -916.1935, 6.9140), (1968.1122, -915.6579, 6.8770), (1955.5228, -888.4415, 6.9490), (1955.3032, -887.9751, 6.9490)]
            int[] faceVertexCounts = [4, 4, 4, 4, 4, 4, 4, 4, 4, 4, 4, 4, 4, 4, 4, 4, 4, 4, 4, 4]
            int[] faceVertexIndices = [0, 1, 22, 21, 1, 2, 23, 22, 2, 3, 24, 23, 3, 4, 25, 24, 4, 5, 26, 25, 5, 6, 27, 26, 6, 7, 28, 27, 7, 8, 29, 28, 8, 9, 30, 29, 9, 10, 31, 30, 10, 11, 32, 31, 11, 12, 33, 32, 12, 13, 34, 33, 13, 14, 35, 34, 14, 15, 36, 35, 15, 16, 37, 36, 16, 17, 38, 37, 17, 18, 39, 38, 18, 19, 40, 39, 19, 20, 41, 40]
            uniform token subdivisionScheme = "none"
        }

        def Mesh "Road_141"
        {
            point3f[] points = [(245.8550, -1237.8258, 5.6190), (245.3981, -1237.1681, 5.6670), (188.5438, -1157.2757, 5.8550), (248.7290, -1235.8282, 5.6190), (248.2499, -1235.1391, 5.6670), (191.3954, -1155.2464, 5.8550)]
            int[] faceVertexCounts = [4, 4]
            int[] faceVertexIndices = [0, 1, 4, 3, 1, 2, 5, 4]
            uniform token subdivisionScheme = "none"
        }

        def Mesh "Road_142"
        {
            point3f[] points = [(1795.2046, -966.3211, 7.6490), (1752.0199, -949.7804, 7.5270), (1796.4565, -963.0526, 7.6490), (1753.2718, -946.5120, 7.5270)]
            int[] faceVertexCounts = [4]
            int[] faceVertexIndices = [0, 1, 3, 2]
            uniform token subdivisionScheme = "none"
        }

        def Mesh "Road_143"
        {
            point3f[] points = [(1498.9529, -20.0116, 3.3830), (1486.6150, -5.2181, 3.3790), (1481.2873, 0.6736, 0.3000), (1480.0602, 1.9993, 0.3000), (1479.8558, 2.2189, 0.3000), (1501.6408, -17.7698, 3.3830), (1489.2764, -2.9451, 3.3790), (1483.8785, 3.0265, 0.3000), (1482.6279, 4.3777, 0.3000), (1482.4179, 4.6033, 0.3000)]
            int[] faceVertexCounts = [4, 4, 4, 4]
            int[] faceVertexIndices = [0, 1, 6, 5, 1, 2, 7, 6, 2, 3, 8, 7, 3, 4, 9, 8]
            uniform token subdivisionScheme = "none"
        }

        def Mesh "Road_144"
        {
            point3f[] points = [(907.3605, -1836.0558, 0.3000), (916.4564, -1831.0010, 6.5520), (909.0606, -1839.1152, 0.3000), (918.1566, -1834.0603, 6.5520)]
            int[] faceVertexCounts = [4]
            int[] faceVertexIndices = [0, 1, 3, 2]
            uniform token subdivisionScheme = "none"
        }

        def Mesh "Road_145"
        {
            point3f[] points = [(778.8312, -1829.6338, 5.3810), (765.8421, -1802.6041, 5.1350), (765.0467, -1800.9334, 5.1250), (742.9656, -1753.8772, 4.8220), (742.5679, -1753.0254, 4.8280), (781.9858, -1828.1178, 5.3810), (768.9971, -1801.0888, 5.1350), (768.2149, -1799.4459, 5.1250), (746.1341, -1752.3905, 4.8220), (745.7394, -1751.5448, 4.8280)]
            int[] faceVertexCounts = [4, 4, 4, 4]
            int[] faceVertexIndices = [0, 1, 6, 5, 1, 2, 7, 6, 2, 3, 8, 7, 3, 4, 9, 8]
            uniform token subdivisionScheme = "none"
        }

        def Mesh "Road_146"
        {
            point3f[] points = [(368.0110, -5.8589, 4.1960), (390.1818, 11.1121, 0.3000), (417.5525, 36.6749, 0.3000), (442.4435, 64.8281, 0.3000), (474.8906, 104.4729, 0.3000), (507.7769, 145.2109, 0.3000), (370.1387, -8.6379, 4.1960), (392.4619, 8.4567, 0.3000), (420.0611, 34.2341, 0.3000), (445.1159, 62.5679, 0.3000), (477.6067, 102.2654, 0.3000), (510.5003, 143.0124, 0.3000)]
            int[] faceVertexCounts = [4, 4, 4, 4, 4]
            int[] faceVertexIndices = [0, 1, 7, 6, 1, 2, 8, 7, 2, 3, 9, 8, 3, 4, 10, 9, 4, 5, 11, 10]
            uniform token subdivisionScheme = "none"
        }

        def Mesh "Road_147"
        {
            point3f[] points = [(1949.9550, -150.5640, 4.0530), (1954.7981, -147.0504, 4.1270), (1956.3286, -145.8588, 4.1100), (1957.2502, -145.1131, 4.1270), (1970.5173, -132.9695, 4.0310), (1971.0628, -132.5172, 4.0480), (1983.9093, -123.0200, 3.9790), (1986.8944, -120.5329, 3.9440), (1988.2783, -119.2478, 3.9820), (1989.7098, -117.7742, 3.9370), (1990.9487, -116.3347, 3.9310), (1992.1162, -114.8240, 3.9380), (1993.2090, -113.2549, 3.9380), (1994.2295, -111.6265, 3.9390), (1995.1772, -109.9715, 3.9220), (1996.9658, -106.4569, 3.9240), (1997.7659, -104.6952, 3.9150), (1998.1686, -103.7579, 3.9320), (2000.3019, -98.2205, 3.9070), (2003.4451, -88.7635, 3.9120), (2003.8290, -87.6002, 3.9310), (2008.3402, -74.0449, 4.0170), (2008.9441, -72.1302, 4.0190), (2009.6645, -70.1264, 3.9930), (2010.6861, -68.0597, 4.0360), (2012.2693, -66.1749, 4.0390), (2014.2558, -64.7686, 4.0390), (2016.3518, -63.9419, 4.0640), (2017.1651, -63.7535, 4.0640), (2019.3882, -63.5639, 4.0920), (2021.6872, -63.8643, 4.1200), (2023.7717, -64.4590, 4.1610), (2025.7209, -65.1177, 4.1710), (2027.0727, -65.6110, 4.1600), (2040.3410, -70.0348, 4.1600), (2040.9134, -70.2137, 4.1600), (1952.0103, -153.3969, 4.0530), (1956.8771, -149.8660, 4.1270), (1958.5010, -148.6030, 4.1100), (1959.6030, -147.7043, 4.1270), (1972.8768, -135.5546, 4.0310), (1973.1486, -135.3278, 4.0480), (1986.0222, -125.8102, 3.9790), (1989.1816, -123.1822, 3.9440), (1990.7273, -121.7483, 3.9820), (1992.2901, -120.1390, 3.9370), (1993.6605, -118.5473, 3.9310), (1994.9377, -116.8950, 3.9380), (1996.1287, -115.1851, 3.9380), (1997.2319, -113.4255, 3.9390), (1998.2702, -111.6097, 3.9220), (2000.1080, -107.9983, 3.9240), (2000.9631, -106.1193, 3.9150), (2001.4274, -105.0347, 3.9320), (2003.6034, -99.3825, 3.9070), (2006.7667, -89.8667, 3.9120), (2007.1501, -88.7047, 3.9310), (2011.6633, -75.1436, 4.0170), (2012.2611, -73.2469, 4.0190), (2012.8893, -71.4869, 3.9930), (2013.6189, -69.9699, 4.0360), (2014.6427, -68.7472, 4.0390), (2015.9113, -67.8523, 4.0390), (2017.5339, -67.2362, 4.0640), (2017.5630, -67.2308, 4.0640), (2019.3131, -67.0631, 4.0920), (2020.9705, -67.2901, 4.1200), (2022.7274, -67.7995, 4.1610), (2024.5668, -68.4219, 4.1710), (2025.9569, -68.9284, 4.1600), (2039.2366, -73.3560, 4.1600), (2039.8680, -73.5539, 4.1600)]
            int[] faceVertexCounts = [4, 4, 4, 4, 4, 4, 4, 4, 4, 4, 4, 4, 4, 4, 4, 4, 4, 4, 4, 4, 4, 4, 4, 4, 4, 4, 4, 4, 4, 4, 4, 4, 4, 4, 4]
            int[] faceVertexIndices = [0, 1, 37, 36, 1, 2, 38, 37, 2, 3, 39, 38, 3, 4, 40, 39, 4, 5, 41, 40, 5, 6, 42, 41, 6, 7, 43, 42, 7, 8, 44, 43, 8, 9, 45, 44, 9, 10, 46, 45, 10, 11, 47, 46, 11, 12, 48, 47, 12, 13, 49, 48, 13, 14, 50, 49, 14, 15, 51, 50, 15, 16, 52, 51, 16, 17, 53, 52, 17, 18, 54, 53, 18, 19, 55, 54, 19, 20, 56, 55, 20, 21, 57, 56, 21, 22, 58, 57, 22, 23, 59, 58, 23, 24, 60, 59, 24, 25, 61, 60, 25, 26, 62, 61, 26, 27, 63, 62, 27, 28, 64, 63, 28, 29, 65, 64, 29, 30, 66, 65, 30, 31, 67, 66, 31, 32, 68, 67, 32, 33, 69, 68, 33, 34, 70, 69, 34, 35, 71, 70]
            uniform token subdivisionScheme = "none"
        }

        def Mesh "Road_148"
        {
            point3f[] points = [(1910.5237, -337.8353, 5.2390), (1911.0601, -337.0274, 5.2590), (1912.2627, -335.3121, 5.3210), (1913.6181, -333.7136, 5.3380), (1913.9916, -333.3348, 5.3380), (1915.6070, -331.9387, 5.4260), (1917.4730, -330.7207, 5.4840), (1919.4674, -329.7531, 5.5760), (1921.5785, -329.0369, 5.6210), (1923.7925, -328.6193, 5.6830), (1926.0230, -328.5398, 5.7440), (1927.8051, -328.6998, 5.7910), (1913.4400, -339.7705, 5.2390), (1913.9435, -339.0113, 5.2590), (1915.0333, -337.4507, 5.3210), (1916.2639, -336.0049, 5.3380), (1916.3123, -335.9547, 5.3380), (1917.7148, -334.7329, 5.4260), (1919.1965, -333.7669, 5.4840), (1920.7966, -332.9909, 5.5760), (1922.4686, -332.4218, 5.6210), (1924.1790, -332.0979, 5.6830), (1925.9428, -332.0389, 5.7440), (1927.4839, -332.1851, 5.7910)]
            int[] faceVertexCounts = [4, 4, 4, 4, 4, 4, 4, 4, 4, 4, 4]
            int[] faceVertexIndices = [0, 1, 13, 12, 1, 2, 14, 13, 2, 3, 15, 14, 3, 4, 16, 15, 4, 5, 17, 16, 5, 6, 18, 17, 6, 7, 19, 18, 7, 8, 20, 19, 8, 9, 21, 20, 9, 10, 22, 21, 10, 11, 23, 22]
            uniform token subdivisionScheme = "none"
        }

        def Mesh "Road_149"
        {
            point3f[] points = [(2055.6885, -1119.3460, 6.5380), (2058.1499, -1105.9512, 6.5320), (2059.1308, -1119.9786, 6.5380), (2061.5922, -1106.5838, 6.5320)]
            int[] faceVertexCounts = [4]
            int[] faceVertexIndices = [0, 1, 3, 2]
            uniform token subdivisionScheme = "none"
        }

        def Mesh "Road_150"
        {
            point3f[] points = [(1344.0437, -1618.0823, 6.0430), (1440.0738, -1525.1593, 6.9290), (1346.4775, -1620.5976, 6.0430), (1442.5076, -1527.6746, 6.9290)]
            int[] faceVertexCounts = [4]
            int[] faceVertexIndices = [0, 1, 3, 2]
            uniform token subdivisionScheme = "none"
        }

        def Mesh "Road_151"
        {
            point3f[] points = [(617.9980, -372.2353, 5.9840), (635.2956, -369.7497, 6.0680), (653.2072, -366.7430, 6.1610), (680.1344, -359.6232, 6.3140), (618.4959, -375.6998, 5.9840), (635.8354, -373.2079, 6.0680), (653.9780, -370.1571, 6.1610), (681.0289, -363.0070, 6.3140)]
            int[] faceVertexCounts = [4, 4, 4]
            int[] faceVertexIndices = [0, 1, 5, 4, 1, 2, 6, 5, 2, 3, 7, 6]
            uniform token subdivisionScheme = "none"
        }

        def Mesh "Road_152"
        {
            point3f[] points = [(293.9738, -52.1011, 3.8960), (320.2501, -37.6554, 3.8870), (321.0359, -37.1958, 3.9250), (356.4069, -14.5963, 4.1360), (357.3460, -13.9703, 4.1260), (357.6359, -13.7766, 4.1260), (295.6600, -55.1682, 3.8960), (321.9391, -40.7209, 3.8870), (322.9176, -40.1469, 3.9250), (358.2929, -17.5448, 4.1360), (359.2874, -16.8824, 4.1260), (359.5799, -16.6871, 4.1260)]
            int[] faceVertexCounts = [4, 4, 4, 4, 4]
            int[] faceVertexIndices = [0, 1, 7, 6, 1, 2, 8, 7, 2, 3, 9, 8, 3, 4, 10, 9, 4, 5, 11, 10]
            uniform token subdivisionScheme = "none"
        }

        def Mesh "Road_153"
        {
            point3f[] points = [(167.8437, -361.0961, 4.8740), (168.8445, -360.9471, 4.8740), (170.7002, -360.5306, 4.8740), (172.5294, -360.0026, 4.8990), (174.3006, -359.3967, 4.9130), (183.5413, -355.6213, 4.9450), (184.2527, -355.3557, 4.9450), (186.2075, -354.6785, 4.9650), (201.5113, -350.0146, 5.0250), (202.7347, -349.6288, 5.0250), (206.4739, -348.3853, 5.0330), (219.5581, -343.4760, 5.0620), (221.3646, -342.7679, 5.0350), (269.7246, -323.7132, 5.2970), (271.5783, -323.0052, 5.3200), (318.7120, -306.3910, 5.4720), (319.7939, -306.0447, 5.4870), (335.0657, -301.2924, 5.5540), (168.3654, -364.5570, 4.8740), (169.5252, -364.3803, 4.8740), (171.5692, -363.9210, 4.8740), (173.5825, -363.3404, 4.8990), (175.5933, -362.6493, 4.9130), (184.8586, -358.8640, 4.9450), (185.4191, -358.6557, 4.9450), (187.2420, -358.0221, 4.9650), (202.5341, -353.3618, 5.0250), (203.8268, -352.9540, 5.0250), (207.6759, -351.6724, 5.0330), (220.7935, -346.7507, 5.0620), (222.6474, -346.0243, 5.0350), (271.0064, -326.9700, 5.2970), (272.7450, -326.3050, 5.3200), (319.8735, -309.6927, 5.4720), (320.8354, -309.3861, 5.4870), (336.1056, -304.6343, 5.5540)]
            int[] faceVertexCounts = [4, 4, 4, 4, 4, 4, 4, 4, 4, 4, 4, 4, 4, 4, 4, 4, 4]
            int[] faceVertexIndices = [0, 1, 19, 18, 1, 2, 20, 19, 2, 3, 21, 20, 3, 4, 22, 21, 4, 5, 23, 22, 5, 6, 24, 23, 6, 7, 25, 24, 7, 8, 26, 25, 8, 9, 27, 26, 9, 10, 28, 27, 10, 11, 29, 28, 11, 12, 30, 29, 12, 13, 31, 30, 13, 14, 32, 31, 14, 15, 33, 32, 15, 16, 34, 33, 16, 17, 35, 34]
            uniform token subdivisionScheme = "none"
        }

        def Mesh "Road_154"
        {
            point3f[] points = [(1785.8776, -247.0506, 7.3990), (1782.1917, -242.2929, 7.3720), (1780.9901, -240.5779, 7.3360), (1780.0224, -239.0782, 7.3360), (1778.9707, -237.2975, 7.3360), (1777.9767, -235.4411, 7.2990), (1775.4231, -229.9833, 7.2560), (1775.1195, -229.2956, 7.2560), (1771.9527, -221.9507, 7.1260), (1771.5788, -221.0762, 7.1690), (1788.6444, -244.9071, 7.3990), (1784.9842, -240.1830, 7.3720), (1783.8919, -238.6209, 7.3360), (1783.0030, -237.2435, 7.3360), (1782.0204, -235.5802, 7.3360), (1781.1264, -233.9148, 7.2990), (1778.5967, -228.5075, 7.2560), (1778.3325, -227.9077, 7.2560), (1775.1672, -220.5660, 7.1260), (1774.7970, -219.7003, 7.1690)]
            int[] faceVertexCounts = [4, 4, 4, 4, 4, 4, 4, 4, 4]
            int[] faceVertexIndices = [0, 1, 11, 10, 1, 2, 12, 11, 2, 3, 13, 12, 3, 4, 14, 13, 4, 5, 15, 14, 5, 6, 16, 15, 6, 7, 17, 16, 7, 8, 18, 17, 8, 9, 19, 18]
            uniform token subdivisionScheme = "none"
        }

        def Mesh "Road_155"
        {
            point3f[] points = [(268.5049, -776.5882, 5.7100), (267.7954, -774.8143, 5.7390), (266.9583, -773.2137, 5.7140), (265.9751, -771.7730, 5.7050), (264.5919, -770.3212, 5.7100), (263.2213, -769.3086, 5.6770), (261.6696, -768.4904, 5.6970), (259.9850, -767.8583, 5.6950), (258.3590, -767.4355, 5.7090), (256.5642, -767.1570, 5.7210), (254.7809, -767.0790, 5.7170), (252.9708, -767.2454, 5.7130), (252.1512, -767.4169, 5.7190), (271.7531, -775.2846, 5.7100), (270.9739, -773.3490, 5.7390), (269.9575, -771.4096, 5.7140), (268.6824, -769.5548, 5.7050), (266.9235, -767.7110, 5.7100), (265.0860, -766.3467, 5.6770), (263.1058, -765.2986, 5.6970), (261.0489, -764.5240, 5.6950), (259.0624, -764.0069, 5.7090), (256.9078, -763.6740, 5.7210), (254.6985, -763.5800, 5.7170), (252.5306, -763.7732, 5.7130), (251.4542, -763.9870, 5.7190)]
            int[] faceVertexCounts = [4, 4, 4, 4, 4, 4, 4, 4, 4, 4, 4, 4]
            int[] faceVertexIndices = [0, 1, 14, 13, 1, 2, 15, 14, 2, 3, 16, 15, 3, 4, 17, 16, 4, 5, 18, 17, 5, 6, 19, 18, 6, 7, 20, 19, 7, 8, 21, 20, 8, 9, 22, 21, 9, 10, 23, 22, 10, 11, 24, 23, 11, 12, 25, 24]
            uniform token subdivisionScheme = "none"
        }

        def Mesh "Road_156"
        {
            point3f[] points = [(775.7594, -115.2887, 6.2300), (776.4012, -115.1436, 6.2300), (793.7813, -110.7799, 5.8880), (809.1178, -105.5671, 5.6450), (810.4874, -105.0786, 5.6240), (819.8336, -101.6077, 5.4450), (823.4174, -100.0805, 5.3640), (826.9620, -98.3581, 5.3330), (828.0068, -97.8089, 5.3250), (831.4253, -95.8656, 5.2860), (838.1680, -91.6174, 5.2950), (776.5338, -118.7020, 6.2300), (777.2508, -118.5389, 6.2300), (794.7645, -114.1389, 5.8880), (810.2480, -108.8796, 5.6450), (811.7003, -108.3617, 5.6240), (821.0961, -104.8720, 5.4450), (824.8684, -103.2656, 5.3640), (828.5154, -101.4945, 5.3330), (829.7128, -100.8650, 5.3250), (833.2462, -98.8546, 5.2860), (840.0336, -94.5787, 5.2950)]
            int[] faceVertexCounts = [4, 4, 4, 4, 4, 4, 4, 4, 4, 4]
            int[] faceVertexIndices = [0, 1, 12, 11, 1, 2, 13, 12, 2, 3, 14, 13, 3, 4, 15, 14, 4, 5, 16, 15, 5, 6, 17, 16, 6, 7, 18, 17, 7, 8, 19, 18, 8, 9, 20, 19, 9, 10, 21, 20]
            uniform token subdivisionScheme = "none"
        }

        def Mesh "Road_157"
        {
            point3f[] points = [(1183.8980, -1043.5618, 6.7710), (1182.7049, -1043.3514, 6.7660), (1097.7008, -1027.3880, 6.8200), (1184.5053, -1040.1148, 6.7710), (1183.3504, -1039.9115, 6.7660), (1098.3468, -1023.9481, 6.8200)]
            int[] faceVertexCounts = [4, 4]
            int[] faceVertexIndices = [0, 1, 4, 3, 1, 2, 5, 4]
            uniform token subdivisionScheme = "none"
        }

        def Mesh "Road_158"
        {
            point3f[] points = [(924.8933, -570.0406, 7.4690), (915.3907, -562.3442, 7.4500), (914.4609, -561.5686, 7.4600), (890.0235, -540.9358, 7.3590), (889.1269, -540.2331, 7.3590), (882.8275, -535.2505, 7.4140), (879.7669, -532.5376, 7.4460), (878.2733, -531.0823, 7.4620), (876.8636, -529.6074, 7.4620), (876.4124, -529.1103, 7.5170), (875.0781, -527.5418, 7.5170), (873.8077, -525.8745, 7.5450), (872.6251, -524.1190, 7.5550), (871.5643, -522.2513, 7.6040), (870.6739, -520.2710, 7.6230), (869.9930, -518.2141, 7.6550), (869.5804, -516.3838, 7.6660), (869.3017, -514.2484, 7.7010), (869.2238, -512.1028, 7.7000), (869.3065, -510.0102, 7.6970), (869.4136, -508.6822, 7.6970), (927.0961, -567.3208, 7.4690), (917.5971, -559.6272, 7.4500), (916.7183, -558.8938, 7.4600), (892.2780, -538.2586, 7.3590), (891.2968, -537.4869, 7.3590), (885.0498, -532.5466, 7.4140), (882.1301, -529.9559, 7.4460), (880.7605, -528.6198, 7.4620), (879.4080, -527.2041, 7.4620), (879.0608, -526.8222, 7.5170), (877.8037, -525.3461, 7.5170), (876.6520, -523.8349, 7.5450), (875.5999, -522.2749, 7.5550), (874.6851, -520.6669, 7.6040), (873.9357, -519.0018, 7.6230), (873.3620, -517.2655, 7.6550), (873.0288, -515.7846, 7.6660), (872.7897, -513.9583, 7.7010), (872.7238, -512.1099, 7.7000), (872.8010, -510.2062, 7.6970), (872.9021, -508.9648, 7.6970)]
            int[] faceVertexCounts = [4, 4, 4, 4, 4, 4, 4, 4, 4, 4, 4, 4, 4, 4, 4, 4, 4, 4, 4, 4]
            int[] faceVertexIndices = [0, 1, 22, 21, 1, 2, 23, 22, 2, 3, 24, 23, 3, 4, 25, 24, 4, 5, 26, 25, 5, 6, 27, 26, 6, 7, 28, 27, 7, 8, 29, 28, 8, 9, 30, 29, 9, 10, 31, 30, 10, 11, 32, 31, 11, 12, 33, 32, 12, 13, 34, 33, 13, 14, 35, 34, 14, 15, 36, 35, 15, 16, 37, 36, 16, 17, 38, 37, 17, 18, 39, 38, 18, 19, 40, 39, 19, 20, 41, 40]
            uniform token subdivisionScheme = "none"
        }

        def Mesh "Road_159"
        {
            point3f[] points = [(1938.8504, -1687.4468, 7.4320), (1939.1887, -1685.0519, 7.4310), (1940.0555, -1682.3712, 7.4580), (1941.3769, -1679.8730, 7.4330), (1943.1109, -1677.6417, 7.4710), (1945.2073, -1675.7452, 7.4700), (1947.6009, -1674.2429, 7.4700), (1950.2197, -1673.1776, 7.4990), (1952.9830, -1672.5853, 7.4740), (1955.7656, -1672.4781, 7.4660), (1957.4032, -1672.6944, 7.4660), (1942.3175, -1687.9256, 7.4320), (1942.5967, -1685.8489, 7.4310), (1943.2798, -1683.7327, 7.4580), (1944.3169, -1681.7722, 7.4330), (1945.6765, -1680.0224, 7.4710), (1947.3197, -1678.5359, 7.4700), (1949.1967, -1677.3580, 7.4700), (1951.2498, -1676.5226, 7.4990), (1953.4168, -1676.0583, 7.4740), (1955.6721, -1675.9768, 7.4660), (1956.9222, -1676.1612, 7.4660)]
            int[] faceVertexCounts = [4, 4, 4, 4, 4, 4, 4, 4, 4, 4]
            int[] faceVertexIndices = [0, 1, 12, 11, 1, 2, 13, 12, 2, 3, 14, 13, 3, 4, 15, 14, 4, 5, 16, 15, 5, 6, 17, 16, 6, 7, 18, 17, 7, 8, 19, 18, 8, 9, 20, 19, 9, 10, 21, 20]
            uniform token subdivisionScheme = "none"
        }

        def Mesh "Road_160"
        {
            point3f[] points = [(2153.4266, -1098.5996, 4.1930), (2155.2495, -1098.3214, 4.1720), (2161.1228, -1097.3412, 0.3000), (2164.9669, -1096.4930, 0.3000), (2165.5983, -1096.3331, 0.3000), (2169.4416, -1095.2593, 0.3000), (2153.9547, -1102.0595, 4.1930), (2155.8145, -1101.7755, 4.1720), (2161.7702, -1100.7808, 0.3000), (2165.7366, -1099.9073, 0.3000), (2166.5271, -1099.7076, 0.3000), (2170.3834, -1098.6302, 0.3000)]
            int[] faceVertexCounts = [4, 4, 4, 4, 4]
            int[] faceVertexIndices = [0, 1, 7, 6, 1, 2, 8, 7, 2, 3, 9, 8, 3, 4, 10, 9, 4, 5, 11, 10]
            uniform token subdivisionScheme = "none"
        }

        def Mesh "Road_161"
        {
            point3f[] points = [(136.4706, -117.4449, 4.7290), (131.8045, -106.7427, 4.5940), (139.6789, -116.0461, 4.7290), (135.0128, -105.3439, 4.5940)]
            int[] faceVertexCounts = [4]
            int[] faceVertexIndices = [0, 1, 3, 2]
            uniform token subdivisionScheme = "none"
        }

        def Mesh "Road_162"
        {
            point3f[] points = [(820.4093, -1880.4535, 0.3000), (820.2191, -1880.5084, 0.3000), (818.2072, -1880.9902, 0.3000), (816.0572, -1881.3390, 0.3000), (813.7865, -1881.4048, 0.3000), (811.5968, -1881.0750, 0.3000), (810.6188, -1880.7899, 0.3000), (808.6640, -1879.9335, 0.3000), (806.9932, -1879.0027, 0.3000), (806.6080, -1878.7522, 0.3000), (804.9955, -1877.4173, 0.3000), (803.4734, -1875.9241, 0.3000), (802.0885, -1874.3678, 0.3000), (801.4377, -1873.5708, 0.3000), (800.1918, -1871.9428, 0.3000), (798.9996, -1870.2546, 0.3000), (797.8729, -1868.5181, 0.3000), (796.7896, -1866.6786, 0.3000), (792.2845, -1857.7275, 0.3000), (791.4442, -1855.9455, 0.3000), (779.3515, -1830.7036, 5.3810), (778.8348, -1829.6412, 5.3810), (819.3879, -1877.1058, 0.3000), (819.3926, -1877.1074, 0.3000), (817.5160, -1877.5592, 0.3000), (815.7206, -1877.8552, 0.3000), (813.9995, -1877.9113, 0.3000), (812.2433, -1877.6352, 0.3000), (811.9167, -1877.5395, 0.3000), (810.2138, -1876.7953, 0.3000), (808.7087, -1875.9520, 0.3000), (808.8072, -1876.0295, 0.3000), (807.3385, -1874.8172, 0.3000), (806.0085, -1873.5110, 0.3000), (804.7354, -1872.0778, 0.3000), (804.1956, -1871.4158, 0.3000), (803.0114, -1869.8692, 0.3000), (801.8976, -1868.2921, 0.3000), (800.8485, -1866.6754, 0.3000), (799.8982, -1865.0703, 0.3000), (795.4175, -1856.1672, 0.3000), (794.6013, -1854.4346, 0.3000), (782.5076, -1829.1907, 5.3810), (781.9823, -1828.1104, 5.3810)]
            int[] faceVertexCounts = [4, 4, 4, 4, 4, 4, 4, 4, 4, 4, 4, 4, 4, 4, 4, 4, 4, 4, 4, 4, 4]
            int[] faceVertexIndices = [0, 1, 23, 22, 1, 2, 24, 23, 2, 3, 25, 24, 3, 4, 26, 25, 4, 5, 27, 26, 5, 6, 28, 27, 6, 7, 29, 28, 7, 8, 30, 29, 8, 9, 31, 30, 9, 10, 32, 31, 10, 11, 33, 32, 11, 12, 34, 33, 12, 13, 35, 34, 13, 14, 36, 35, 14, 15, 37, 36, 15, 16, 38, 37, 16, 17, 39, 38, 17, 18, 40, 39, 18, 19, 41, 40, 19, 20, 42, 41, 20, 21, 43, 42]
            uniform token subdivisionScheme = "none"
        }

        def Mesh "Road_163"
        {
            point3f[] points = [(1757.9385, -431.2771, 5.6570), (1758.7082, -430.9207, 5.6570), (1765.9927, -427.6130, 5.6390), (1767.0553, -427.1477, 5.6480), (1772.5724, -424.7921, 5.6960), (1759.4094, -434.4531, 5.6570), (1760.1576, -434.1065, 5.6570), (1767.4344, -430.8022, 5.6390), (1768.4343, -430.3646, 5.6480), (1773.9468, -428.0110, 5.6960)]
            int[] faceVertexCounts = [4, 4, 4, 4]
            int[] faceVertexIndices = [0, 1, 6, 5, 1, 2, 7, 6, 2, 3, 8, 7, 3, 4, 9, 8]
            uniform token subdivisionScheme = "none"
        }

        def Mesh "Road_164"
        {
            point3f[] points = [(1644.4225, -1316.6045, 7.2320), (1751.7594, -1195.9722, 6.4430), (1647.0372, -1318.9311, 7.2320), (1754.3741, -1198.2988, 6.4430)]
            int[] faceVertexCounts = [4]
            int[] faceVertexIndices = [0, 1, 3, 2]
            uniform token subdivisionScheme = "none"
        }

        def Mesh "Road_165"
        {
            point3f[] points = [(944.5607, -1511.7047, 5.4160), (1008.6573, -1480.9122, 5.2090), (1017.4945, -1477.2056, 5.3000), (1026.5036, -1474.3534, 5.3640), (946.0764, -1514.8596, 5.4160), (1010.1541, -1484.0760, 5.2090), (1018.7009, -1480.4911, 5.3000), (1027.5594, -1477.6904, 5.3640)]
            int[] faceVertexCounts = [4, 4, 4]
            int[] faceVertexIndices = [0, 1, 5, 4, 1, 2, 6, 5, 2, 3, 7, 6]
            uniform token subdivisionScheme = "none"
        }

        def Mesh "Road_166"
        {
            point3f[] points = [(204.1760, -1131.6331, 5.8000), (223.4746, -1117.0738, 5.6470), (224.7126, -1116.0847, 5.6470), (245.0261, -1099.8110, 5.4330), (267.7851, -1083.1712, 5.1930), (268.9580, -1082.2393, 5.2120), (276.8585, -1076.0593, 5.1960), (280.2306, -1073.7570, 5.1580), (280.5646, -1073.5454, 5.1580), (282.3165, -1072.4955, 5.1500), (284.1480, -1071.5049, 5.1460), (286.0460, -1070.5991, 5.1060), (288.0180, -1069.8177, 5.1180), (290.0506, -1069.1777, 5.1260), (292.2186, -1068.6751, 5.1020), (294.3212, -1068.3418, 5.1070), (298.3503, -1067.9389, 5.1690), (300.4790, -1067.7905, 5.2060), (308.4989, -1067.5207, 5.2380), (310.5987, -1067.5446, 5.2460), (314.6258, -1067.7214, 5.3120), (315.7883, -1067.8131, 5.3120), (325.7326, -1068.8584, 5.4030), (326.3664, -1068.9196, 5.4490), (328.2602, -1069.0392, 5.5250), (329.9547, -1068.9883, 5.5980), (331.4837, -1068.5402, 5.7140), (332.3086, -1068.0446, 5.7140), (333.3834, -1067.1039, 5.7970), (336.7920, -1061.1090, 5.8620), (206.2839, -1134.4271, 5.8000), (225.5873, -1119.8642, 5.6470), (226.9007, -1118.8164, 5.6470), (247.1512, -1102.5920, 5.4330), (269.8566, -1085.9924, 5.1930), (271.1171, -1084.9941, 5.2120), (278.9633, -1078.8557, 5.1960), (282.1955, -1076.6534, 5.1580), (282.3735, -1076.5418, 5.1580), (284.0495, -1075.5364, 5.1500), (285.7352, -1074.6243, 5.1460), (287.4457, -1073.8071, 5.1060), (289.1893, -1073.1159, 5.1180), (290.9689, -1072.5551, 5.1260), (292.8912, -1072.1099, 5.1020), (294.7361, -1071.8171, 5.1070), (298.6632, -1071.4249, 5.1690), (300.6224, -1071.2875, 5.2060), (308.5848, -1071.0197, 5.2380), (310.4827, -1071.0427, 5.2460), (314.4462, -1071.2168, 5.3120), (315.4312, -1071.2949, 5.3120), (325.3688, -1072.3395, 5.4030), (326.1194, -1072.4108, 5.4490), (328.2156, -1072.5389, 5.5250), (330.5109, -1072.4438, 5.5980), (332.8094, -1071.7794, 5.7140), (334.4529, -1070.8108, 5.7140), (336.3022, -1069.0355, 5.7970), (339.8336, -1062.8407, 5.8620)]
            int[] faceVertexCounts = [4, 4, 4, 4, 4, 4, 4, 4, 4, 4, 4, 4, 4, 4, 4, 4, 4, 4, 4, 4, 4, 4, 4, 4, 4, 4, 4, 4, 4]
            int[] faceVertexIndices = [0, 1, 31, 30, 1, 2, 32, 31, 2, 3, 33, 32, 3, 4, 34, 33, 4, 5, 35, 34, 5, 6, 36, 35, 6, 7, 37, 36, 7, 8, 38, 37, 8, 9, 39, 38, 9, 10, 40, 39, 10, 11, 41, 40, 11, 12, 42, 41, 12, 13, 43, 42, 13, 14, 44, 43, 14, 15, 45, 44, 15, 16, 46, 45, 16, 17, 47, 46, 17, 18, 48, 47, 18, 19, 49, 48, 19, 20, 50, 49, 20, 21, 51, 50, 21, 22, 52, 51, 22, 23, 53, 52, 23, 24, 54, 53, 24, 25, 55, 54, 25, 26, 56, 55, 26, 27, 57, 56, 27, 28, 58, 57, 28, 29, 59, 58]
            uniform token subdivisionScheme = "none"
        }

        def Mesh "Road_167"
        {
            point3f[] points = [(1343.1772, -1388.5625, 12.6500), (1348.2118, -1379.8884, 12.7640), (1349.1413, -1378.1714, 12.8400), (1349.8971, -1376.7611, 12.9150), (1346.2043, -1390.3195, 12.6500), (1351.2475, -1381.6306, 12.7640), (1352.2221, -1379.8323, 12.8400), (1352.9821, -1378.4143, 12.9150)]
            int[] faceVertexCounts = [4, 4, 4]
            int[] faceVertexIndices = [0, 1, 5, 4, 1, 2, 6, 5, 2, 3, 7, 6]
            uniform token subdivisionScheme = "none"
        }

        def Mesh "Road_168"
        {
            point3f[] points = [(1155.3581, -1274.4247, 9.3810), (1154.8508, -1273.4738, 9.3920), (1124.6154, -1227.8815, 7.0840), (1092.3000, -1196.4719, 6.2680), (1158.4358, -1272.7581, 9.3810), (1157.7712, -1271.5447, 9.3920), (1127.3319, -1225.6746, 7.0840), (1094.7401, -1193.9627, 6.2680)]
            int[] faceVertexCounts = [4, 4, 4]
            int[] faceVertexIndices = [0, 1, 5, 4, 1, 2, 6, 5, 2, 3, 7, 6]
            uniform token subdivisionScheme = "none"
        }

        def Mesh "Road_169"
        {
            point3f[] points = [(1243.7811, -1165.9400, 8.8330), (1164.5491, -1154.1403, 7.5760), (1244.2966, -1162.4782, 8.8330), (1165.0647, -1150.6785, 7.5760)]
            int[] faceVertexCounts = [4]
            int[] faceVertexIndices = [0, 1, 3, 2]
            uniform token subdivisionScheme = "none"
        }

        def Mesh "Road_170"
        {
            point3f[] points = [(1651.4209, -374.0215, 6.5750), (1652.8021, -373.4946, 6.5750), (1684.4358, -361.0792, 6.4290), (1685.8891, -360.4771, 6.4300), (1704.2734, -352.6278, 6.1200), (1652.6685, -377.2916, 6.5750), (1654.0795, -376.7531, 6.5750), (1685.7172, -364.3362, 6.4290), (1687.2608, -363.6971, 6.4300), (1705.6477, -355.8467, 6.1200)]
            int[] faceVertexCounts = [4, 4, 4, 4]
            int[] faceVertexIndices = [0, 1, 6, 5, 1, 2, 7, 6, 2, 3, 8, 7, 3, 4, 9, 8]
            uniform token subdivisionScheme = "none"
        }

        def Mesh "Road_171"
        {
            point3f[] points = [(1447.4820, -559.9347, 6.5290), (1448.1435, -558.5232, 6.5470), (1451.4982, -551.3141, 6.4920), (1466.5699, -516.1498, 6.6630), (1467.1955, -514.6287, 6.6640), (1474.5446, -496.0793, 6.6460), (1478.9968, -482.8731, 6.7320), (1479.0665, -482.6395, 6.7320), (1482.7765, -469.1476, 6.6740), (1450.6513, -561.4199, 6.5290), (1451.3161, -560.0011, 6.5470), (1454.7078, -552.7099, 6.4920), (1469.7877, -517.5266, 6.6630), (1470.4481, -515.9211, 6.6640), (1477.8253, -497.2985, 6.6460), (1482.3142, -483.9888, 6.7320), (1482.4407, -483.5693, 6.7320), (1486.1512, -470.0756, 6.6740)]
            int[] faceVertexCounts = [4, 4, 4, 4, 4, 4, 4, 4]
            int[] faceVertexIndices = [0, 1, 10, 9, 1, 2, 11, 10, 2, 3, 12, 11, 3, 4, 13, 12, 4, 5, 14, 13, 5, 6, 15, 14, 6, 7, 16, 15, 7, 8, 17, 16]
            uniform token subdivisionScheme = "none"
        }

        def Mesh "Road_172"
        {
            point3f[] points = [(2094.6678, -1630.0955, 8.3320), (2109.1676, -1594.7520, 8.6820), (2097.9059, -1631.4239, 8.3320), (2112.4057, -1596.0805, 8.6820)]
            int[] faceVertexCounts = [4]
            int[] faceVertexIndices = [0, 1, 3, 2]
            uniform token subdivisionScheme = "none"
        }

        def Mesh "Road_173"
        {
            point3f[] points = [(335.0425, -301.2998, 5.5540), (352.1647, -295.7090, 5.5350), (336.1288, -304.6269, 5.5540), (353.2510, -299.0361, 5.5350)]
            int[] faceVertexCounts = [4]
            int[] faceVertexIndices = [0, 1, 3, 2]
            uniform token subdivisionScheme = "none"
        }

        def Mesh "Road_174"
        {
            point3f[] points = [(937.0497, -1291.0433, 5.1370), (933.6457, -1284.2169, 5.0610), (940.1819, -1289.4814, 5.1370), (936.7779, -1282.6550, 5.0610)]
            int[] faceVertexCounts = [4]
            int[] faceVertexIndices = [0, 1, 3, 2]
            uniform token subdivisionScheme = "none"
        }

        def Mesh "Road_175"
        {
            point3f[] points = [(1096.2866, -1025.4563, 6.8200), (1108.9661, -921.4248, 7.2790), (1110.4860, -910.9963, 7.3480), (1099.7609, -1025.8798, 6.8200), (1112.4395, -921.8557, 7.2790), (1113.9494, -911.5012, 7.3480)]
            int[] faceVertexCounts = [4, 4]
            int[] faceVertexIndices = [0, 1, 4, 3, 1, 2, 5, 4]
            uniform token subdivisionScheme = "none"
        }

        def Mesh "Road_176"
        {
            point3f[] points = [(2015.3915, -2470.0340, 0.3000), (2015.4644, -2469.3811, 0.3000), (2017.6411, -2449.5087, 0.3000), (2017.8249, -2447.7406, 0.3000), (2019.5196, -2429.8315, 0.3000), (2019.6297, -2428.5033, 0.3000), (2020.9467, -2410.5612, 0.3000), (2020.9856, -2409.9882, 0.3000), (2022.1254, -2392.0323, 0.3000), (2022.1752, -2391.1558, 0.3000), (2022.9858, -2375.1865, 0.3000), (2023.0671, -2373.3592, 0.3000), (2023.8659, -2351.3839, 0.3000), (2023.9172, -2349.5081, 0.3000), (2024.2690, -2333.5262, 0.3000), (2024.5121, -2317.5272, 0.3000), (2024.5317, -2315.8306, 0.3000), (2024.7049, -2297.8417, 0.3000), (2024.8568, -2274.8192, 0.3000), (2025.0708, -2239.4967, 0.3000), (2025.3657, -2190.8131, 0.3000), (2025.5236, -2164.6225, 0.3000), (2025.9156, -2100.0625, 0.3000), (2026.0647, -2075.3243, 0.3000), (2026.1978, -2053.3656, 0.3000), (2026.2086, -2051.4116, 0.3000), (2026.4937, -2011.4284, 0.3000), (2026.5139, -2009.5175, 0.3000), (2027.0600, -1977.5251, 0.3000), (2027.6616, -1959.2319, 0.3000), (2028.9454, -1935.1345, 0.3000), (2028.9816, -1934.5061, 0.3000), (2030.1789, -1916.5501, 0.3000), (2030.3450, -1914.6302, 0.3000), (2031.4520, -1902.6855, 0.3000), (2031.4989, -1902.1567, 0.3000), (2032.4162, -1892.1995, 0.3000), (2032.5540, -1890.8855, 0.3000), (2033.9233, -1878.9670, 0.3000), (2033.9961, -1878.3326, 0.3000), (2035.8996, -1862.4506, 0.3000), (2036.0881, -1861.0646, 0.3000), (2036.9417, -1855.1246, 0.3000), (2037.0885, -1854.1180, 0.3000), (2039.1337, -1840.2724, 0.3000), (2039.3276, -1839.0138, 0.3000), (2041.9184, -1823.2274, 8.8190), (2042.2281, -1821.4229, 8.8420), (2043.9656, -1811.5756, 8.9110), (2044.2568, -1809.9849, 8.9160), (2046.8985, -1796.2410, 8.9780), (2047.0523, -1795.4702, 8.9780), (2049.4542, -1783.7170, 9.0460), (2049.6667, -1782.7061, 9.0460), (2052.2160, -1770.9847, 9.0790), (2052.3163, -1770.5406, 9.0790), (2055.0394, -1758.8584, 9.1440), (2055.1626, -1758.3447, 9.1550), (2058.9518, -1742.8038, 9.1460), (2059.4119, -1740.9655, 9.1590), (2063.9934, -1723.5643, 9.1430), (2064.1352, -1723.0567, 9.1430), (2067.4518, -1711.5302, 9.1340), (2018.8699, -2470.4221, 0.3000), (2018.9435, -2469.7624, 0.3000), (2021.1205, -2449.8882, 0.3000), (2021.3090, -2448.0733, 0.3000), (2023.0043, -2430.1583, 0.3000), (2023.1202, -2428.7619, 0.3000), (2024.4373, -2410.8168, 0.3000), (2024.4785, -2410.2105, 0.3000), (2025.6185, -2392.2529, 0.3000), (2025.6706, -2391.3344, 0.3000), (2026.4814, -2375.3617, 0.3000), (2026.5647, -2373.4886, 0.3000), (2027.3637, -2351.5085, 0.3000), (2027.4163, -2349.5871, 0.3000), (2027.7684, -2333.5913, 0.3000), (2028.0117, -2317.5792, 0.3000), (2028.0315, -2315.8649, 0.3000), (2028.2048, -2297.8694, 0.3000), (2028.3568, -2274.8411, 0.3000), (2028.5707, -2239.5179, 0.3000), (2028.8656, -2190.8343, 0.3000), (2029.0235, -2164.6437, 0.3000), (2029.4155, -2100.0837, 0.3000), (2029.5646, -2075.3454, 0.3000), (2029.6977, -2053.3867, 0.3000), (2029.7085, -2051.4363, 0.3000), (2029.9936, -2011.4539, 0.3000), (2030.0134, -2009.5759, 0.3000), (2030.5591, -1977.6049, 0.3000), (2031.1581, -1959.3874, 0.3000), (2032.4404, -1935.3210, 0.3000), (2032.4740, -1934.7380, 0.3000), (2033.6707, -1916.7896, 0.3000), (2033.8303, -1914.9504, 0.3000), (2034.9371, -1903.0079, 0.3000), (2034.9842, -1902.4772, 0.3000), (2035.9010, -1892.5256, 0.3000), (2036.0315, -1891.2817, 0.3000), (2037.4004, -1879.3665, 0.3000), (2037.4714, -1878.7484, 0.3000), (2039.3742, -1862.8714, 0.3000), (2039.5532, -1861.5577, 0.3000), (2040.4059, -1855.6236, 0.3000), (2040.5510, -1854.6291, 0.3000), (2042.5959, -1840.7856, 0.3000), (2042.7818, -1839.5781, 0.3000), (2045.3717, -1823.7968, 8.8190), (2045.6753, -1822.0287, 8.8420), (2047.4118, -1812.1868, 8.9110), (2047.6945, -1810.6424, 8.9160), (2050.3354, -1796.9029, 8.9780), (2050.4816, -1796.1700, 8.9780), (2052.8831, -1784.4193, 9.0460), (2053.0872, -1783.4480, 9.0460), (2055.6358, -1771.7295, 9.0790), (2055.7251, -1771.3343, 9.0790), (2058.4478, -1759.6539, 9.1440), (2058.5631, -1759.1734, 9.1550), (2062.3517, -1743.6351, 9.1460), (2062.7976, -1741.8528, 9.1590), (2067.3777, -1724.4568, 9.1430), (2067.4990, -1724.0236, 9.1430), (2070.8153, -1712.4980, 9.1340)]
            int[] faceVertexCounts = [4, 4, 4, 4, 4, 4, 4, 4, 4, 4, 4, 4, 4, 4, 4, 4, 4, 4, 4, 4, 4, 4, 4, 4, 4, 4, 4, 4, 4, 4, 4, 4, 4, 4, 4, 4, 4, 4, 4, 4, 4, 4, 4, 4, 4, 4, 4, 4, 4, 4, 4, 4, 4, 4, 4, 4, 4, 4, 4, 4, 4, 4]
            int[] faceVertexIndices = [0, 1, 64, 63, 1, 2, 65, 64, 2, 3, 66, 65, 3, 4, 67, 66, 4, 5, 68, 67, 5, 6, 69, 68, 6, 7, 70, 69, 7, 8, 71, 70, 8, 9, 72, 71, 9, 10, 73, 72, 10, 11, 74, 73, 11, 12, 75, 74, 12, 13, 76, 75, 13, 14, 77, 76, 14, 15, 78, 77, 15, 16, 79, 78, 16, 17, 80, 79, 17, 18, 81, 80, 18, 19, 82, 81, 19, 20, 83, 82, 20, 21, 84, 83, 21, 22, 85, 84, 22, 23, 86, 85, 23, 24, 87, 86, 24, 25, 88, 87, 25, 26, 89, 88, 26, 27, 90, 89, 27, 28, 91, 90, 28, 29, 92, 91, 29, 30, 93, 92, 30, 31, 94, 93, 31, 32, 95, 94, 32, 33, 96, 95, 33, 34, 97, 96, 34, 35, 98, 97, 35, 36, 99, 98, 36, 37, 100, 99, 37, 38, 101, 100, 38, 39, 102, 101, 39, 40, 103, 102, 40, 41, 104, 103, 41, 42, 105, 104, 42, 43, 106, 105, 43, 44, 107, 106, 44, 45, 108, 107, 45, 46, 109, 108, 46, 47, 110, 109, 47, 48, 111, 110, 48, 49, 112, 111, 49, 50, 113, 112, 50, 51, 114, 113, 51, 52, 115, 114, 52, 53, 116, 115, 53, 54, 117, 116, 54, 55, 118, 117, 55, 56, 119, 118, 56, 57, 120, 119, 57, 58, 121, 120, 58, 59, 122, 121, 59, 60, 123, 122, 60, 61, 124, 123, 61, 62, 125, 124]
            uniform token subdivisionScheme = "none"
        }

        def Mesh "Road_177"
        {
            point3f[] points = [(1113.5128, -243.6033, 6.3920), (1111.4275, -243.0535, 6.4110), (1109.3306, -242.0925, 6.4110), (1107.4315, -240.7839, 6.4070), (1105.7869, -239.1629, 6.4010), (1104.4512, -237.2823, 6.4010), (1103.4604, -235.1980, 6.3900), (1102.8478, -232.9736, 6.4490), (1102.6374, -230.8287, 6.4710), (1114.3947, -240.2163, 6.3920), (1112.6020, -239.7564, 6.4110), (1111.0592, -239.0491, 6.4110), (1109.6615, -238.0862, 6.4070), (1108.4522, -236.8944, 6.4010), (1107.4700, -235.5111, 6.4010), (1106.7406, -233.9772, 6.3900), (1106.2902, -232.3412, 6.4490), (1106.1218, -230.4977, 6.4710)]
            int[] faceVertexCounts = [4, 4, 4, 4, 4, 4, 4, 4]
            int[] faceVertexIndices = [0, 1, 10, 9, 1, 2, 11, 10, 2, 3, 12, 11, 3, 4, 13, 12, 4, 5, 14, 13, 5, 6, 15, 14, 6, 7, 16, 15, 7, 8, 17, 16]
            uniform token subdivisionScheme = "none"
        }

        def Mesh "Road_178"
        {
            point3f[] points = [(745.8280, -1156.7587, 5.1280), (754.2013, -1152.3539, 4.2320), (747.4574, -1159.8563, 5.1280), (755.8307, -1155.4515, 4.2320)]
            int[] faceVertexCounts = [4]
            int[] faceVertexIndices = [0, 1, 3, 2]
            uniform token subdivisionScheme = "none"
        }

        def Mesh "Road_179"
        {
            point3f[] points = [(1110.2372, -220.4650, 6.5310), (1105.8526, -209.4807, 6.4120), (1113.4878, -219.1675, 6.5310), (1109.1032, -208.1832, 6.4120)]
            int[] faceVertexCounts = [4]
            int[] faceVertexIndices = [0, 1, 3, 2]
            uniform token subdivisionScheme = "none"
        }

        def Mesh "Road_180"
        {
            point3f[] points = [(1813.3949, -1092.2151, 7.5240), (1824.7978, -1041.0728, 7.7480), (1816.8111, -1092.9768, 7.5240), (1828.2139, -1041.8345, 7.7480)]
            int[] faceVertexCounts = [4]
            int[] faceVertexIndices = [0, 1, 3, 2]
            uniform token subdivisionScheme = "none"
        }

        def Mesh "Road_181"
        {
            point3f[] points = [(937.6189, -1288.8240, 5.1370), (948.2177, -1281.4780, 5.3040), (939.6127, -1291.7006, 5.1370), (950.2115, -1284.3546, 5.3040)]
            int[] faceVertexCounts = [4]
            int[] faceVertexIndices = [0, 1, 3, 2]
            uniform token subdivisionScheme = "none"
        }

        def Mesh "Road_182"
        {
            point3f[] points = [(2067.4515, -1711.5310, 9.1340), (2069.0518, -1705.9588, 9.1150), (2069.2760, -1705.1910, 9.1150), (2075.0812, -1686.0586, 9.1340), (2075.3595, -1685.1672, 9.1340), (2082.1603, -1664.2503, 9.0650), (2082.7990, -1662.4143, 9.0690), (2088.1178, -1647.3315, 9.0080), (2088.4812, -1646.2741, 9.0080), (2091.1674, -1638.7331, 8.9970), (2091.5873, -1637.6641, 9.0090), (2093.0957, -1633.9557, 8.9800), (2094.6661, -1630.0997, 8.3320), (2070.8156, -1712.4971, 9.1340), (2072.4153, -1706.9266, 9.1150), (2072.6257, -1706.2059, 9.1150), (2078.4301, -1687.0760, 9.1340), (2078.6885, -1686.2478, 9.1340), (2085.4870, -1665.3380, 9.0650), (2086.1002, -1663.5768, 9.0690), (2091.4192, -1648.4938, 9.0080), (2091.7799, -1647.4440, 9.0080), (2094.4599, -1639.9204, 8.9970), (2094.8326, -1638.9749, 9.0090), (2096.3375, -1635.2751, 8.9800), (2097.9076, -1631.4198, 8.3320)]
            int[] faceVertexCounts = [4, 4, 4, 4, 4, 4, 4, 4, 4, 4, 4, 4]
            int[] faceVertexIndices = [0, 1, 14, 13, 1, 2, 15, 14, 2, 3, 16, 15, 3, 4, 17, 16, 4, 5, 18, 17, 5, 6, 19, 18, 6, 7, 20, 19, 7, 8, 21, 20, 8, 9, 22, 21, 9, 10, 23, 22, 10, 11, 24, 23, 11, 12, 25, 24]
            uniform token subdivisionScheme = "none"
        }

        def Mesh "Road_183"
        {
            point3f[] points = [(1212.5690, -7.4551, 4.8880), (1213.2891, -6.8724, 4.8880), (1225.5678, 3.3666, 0.3000), (1226.2250, 3.9503, 0.3000), (1229.1502, 6.5924, 0.3000), (1242.0293, 19.1366, 0.3000), (1242.2809, 19.3925, 0.3000), (1261.8739, 39.3809, 0.3000), (1263.1034, 40.6114, 0.3000), (1284.5271, 61.5950, 0.3000), (1285.0475, 62.1076, 0.3000), (1297.7894, 74.8111, 0.3000), (1214.7710, -10.1756, 4.8880), (1215.5285, -9.5623, 4.8880), (1227.8139, 0.6823, 0.3000), (1228.5669, 1.3492, 0.3000), (1231.5752, 4.0685, 0.3000), (1244.4725, 16.6305, 0.3000), (1244.7803, 16.9424, 0.3000), (1264.3721, 36.9295, 0.3000), (1265.5539, 38.1124, 0.3000), (1286.9763, 59.0948, 0.3000), (1287.5180, 59.6284, 0.3000), (1300.2606, 72.3325, 0.3000)]
            int[] faceVertexCounts = [4, 4, 4, 4, 4, 4, 4, 4, 4, 4, 4]
            int[] faceVertexIndices = [0, 1, 13, 12, 1, 2, 14, 13, 2, 3, 15, 14, 3, 4, 16, 15, 4, 5, 17, 16, 5, 6, 18, 17, 6, 7, 19, 18, 7, 8, 20, 19, 8, 9, 21, 20, 9, 10, 22, 21, 10, 11, 23, 22]
            uniform token subdivisionScheme = "none"
        }

        def Mesh "Road_184"
        {
            point3f[] points = [(1420.7389, -619.4758, 6.9660), (1425.1210, -610.3463, 6.8590), (1423.8942, -620.9903, 6.9660), (1428.2763, -611.8608, 6.8590)]
            int[] faceVertexCounts = [4]
            int[] faceVertexIndices = [0, 1, 3, 2]
            uniform token subdivisionScheme = "none"
        }

        def Mesh "Road_185"
        {
            point3f[] points = [(1669.7331, -1786.6210, 5.4630), (1694.5188, -1763.4382, 5.5870), (1695.7884, -1762.3095, 5.5870), (1715.5357, -1745.4096, 5.7350), (1716.9905, -1744.1897, 5.7370), (1672.1239, -1789.1771, 5.4630), (1696.9066, -1765.9971, 5.5870), (1698.0670, -1764.9661, 5.5870), (1717.8096, -1748.0703, 5.7350), (1719.2392, -1746.8718, 5.7370)]
            int[] faceVertexCounts = [4, 4, 4, 4]
            int[] faceVertexIndices = [0, 1, 6, 5, 1, 2, 7, 6, 2, 3, 8, 7, 3, 4, 9, 8]
            uniform token subdivisionScheme = "none"
        }

        def Mesh "Road_186"
        {
            point3f[] points = [(66.2204, -1207.6799, 6.0530), (67.7368, -1207.6811, 6.0530), (69.7146, -1207.6835, 6.0420), (87.7006, -1207.4645, 5.8240), (89.0228, -1207.4158, 5.7990), (94.9648, -1207.0975, 5.7350), (102.8419, -1206.3413, 5.6560), (108.6876, -1205.3849, 5.5960), (109.2873, -1205.2634, 5.5960), (113.1318, -1204.4010, 5.5990), (118.8013, -1202.8315, 5.5940), (133.8879, -1197.6180, 5.7420), (66.2176, -1211.1799, 6.0530), (67.7333, -1211.1811, 6.0530), (69.7526, -1211.1833, 6.0420), (87.7493, -1210.9641, 5.8240), (89.1991, -1210.9113, 5.7990), (95.2364, -1210.5870, 5.7350), (103.2752, -1209.8144, 5.6560), (109.2654, -1208.8369, 5.5960), (110.0428, -1208.6809, 5.5960), (113.9995, -1207.7917, 5.5990), (119.8880, -1206.1585, 5.5940), (135.0310, -1200.9260, 5.7420)]
            int[] faceVertexCounts = [4, 4, 4, 4, 4, 4, 4, 4, 4, 4, 4]
            int[] faceVertexIndices = [0, 1, 13, 12, 1, 2, 14, 13, 2, 3, 15, 14, 3, 4, 16, 15, 4, 5, 17, 16, 5, 6, 18, 17, 6, 7, 19, 18, 7, 8, 20, 19, 8, 9, 21, 20, 9, 10, 22, 21, 10, 11, 23, 22]
            uniform token subdivisionScheme = "none"
        }

        def Mesh "Road_187"
        {
            point3f[] points = [(347.6566, -138.2593, 4.2910), (355.0612, -132.3877, 4.2870), (349.8312, -141.0017, 4.2910), (357.2359, -135.1301, 4.2870)]
            int[] faceVertexCounts = [4]
            int[] faceVertexIndices = [0, 1, 3, 2]
            uniform token subdivisionScheme = "none"
        }

        def Mesh "Road_188"
        {
            point3f[] points = [(1043.9667, -1714.8520, 4.8740), (1012.9878, -1647.6856, 5.1920), (1012.6691, -1647.0206, 5.2190), (980.8638, -1580.2307, 5.3650), (975.3533, -1567.2984, 5.3650), (975.1037, -1566.6933, 5.3650), (973.5213, -1563.0601, 5.3490), (972.6986, -1561.4166, 5.3350), (971.7250, -1559.9168, 5.3280), (970.7035, -1558.7272, 5.3420), (969.3872, -1557.5685, 5.3450), (967.9124, -1556.6141, 5.3390), (966.2462, -1555.8233, 5.3300), (965.8170, -1555.6664, 5.3300), (963.7740, -1555.0605, 5.3100), (1047.1450, -1713.3861, 4.8740), (1016.1658, -1646.2193, 5.1920), (1015.8290, -1645.5157, 5.2190), (984.0337, -1578.7469, 5.3650), (978.5740, -1565.9283, 5.3650), (978.3163, -1565.3044, 5.3650), (976.7043, -1561.6047, 5.3490), (975.7350, -1559.6757, 5.3350), (974.5325, -1557.8269, 5.3280), (973.1845, -1556.2585, 5.3420), (971.5001, -1554.7782, 5.3450), (969.6207, -1553.5594, 5.3390), (967.6809, -1552.6309, 5.3300), (966.8645, -1552.3268, 5.3300), (964.7695, -1551.7050, 5.3100)]
            int[] faceVertexCounts = [4, 4, 4, 4, 4, 4, 4, 4, 4, 4, 4, 4, 4, 4]
            int[] faceVertexIndices = [0, 1, 16, 15, 1, 2, 17, 16, 2, 3, 18, 17, 3, 4, 19, 18, 4, 5, 20, 19, 5, 6, 21, 20, 6, 7, 22, 21, 7, 8, 23, 22, 8, 9, 24, 23, 9, 10, 25, 24, 10, 11, 26, 25, 11, 12, 27, 26, 12, 13, 28, 27, 13, 14, 29, 28]
            uniform token subdivisionScheme = "none"
        }

        def Mesh "Road_189"
        {
            point3f[] points = [(1502.8314, -376.6988, 6.4990), (1509.5542, -351.5964, 5.9390), (1509.7977, -350.6309, 5.9390), (1520.8010, -301.6514, 5.1850), (1533.9690, -241.0976, 4.6840), (1534.2652, -239.8050, 4.6840), (1543.6955, -198.8944, 4.2320), (1544.0562, -197.2573, 4.2760), (1549.7680, -167.8272, 4.1130), (1550.0754, -165.9100, 4.1670), (1550.3463, -164.1757, 4.1450), (1552.3751, -148.3622, 4.0710), (1553.2094, -136.4605, 3.9790), (1553.2545, -135.1863, 3.9650), (1553.2756, -125.2458, 3.8590), (1552.8160, -117.3634, 3.7980), (1552.1364, -111.4711, 3.8460), (1551.9974, -110.5152, 3.8460), (1550.9550, -104.6687, 3.7620), (1549.6019, -98.9277, 3.6430), (1547.9177, -93.2805, 3.7060), (1545.8747, -87.7037, 3.4890), (1545.7959, -87.5084, 3.4890), (1543.3964, -82.0693, 3.4740), (1540.7209, -76.8320, 3.4940), (1535.6711, -68.2783, 3.4170), (1533.5295, -64.9641, 3.5020), (1533.2905, -64.6039, 3.5020), (1524.0956, -51.5231, 3.4980), (1523.0479, -50.0794, 3.5390), (1514.5220, -38.9905, 3.5730), (1513.3388, -37.4612, 3.5210), (1510.9223, -34.3642, 3.5240), (1498.9529, -20.0115, 3.3830), (1506.2122, -377.6043, 6.4990), (1512.9356, -352.4999, 5.9390), (1513.2121, -351.3999, 5.9390), (1524.2188, -302.4056, 5.1850), (1537.3889, -241.8421, 4.6840), (1537.6758, -240.5910, 4.6840), (1547.1064, -199.6792, 4.2320), (1547.4912, -197.9288, 4.2760), (1553.2052, -168.4871, 4.1130), (1553.5323, -166.4577, 4.1670), (1553.8166, -164.6304, 4.1450), (1555.8565, -148.7218, 4.0710), (1556.7017, -136.6930, 3.9790), (1556.7545, -135.2077, 3.9650), (1556.7745, -125.1593, 3.8590), (1556.3041, -117.0753, 3.7980), (1555.6116, -111.0551, 3.8460), (1555.4459, -109.9170, 3.8460), (1554.3824, -103.9595, 3.7620), (1552.9837, -98.0256, 3.6430), (1551.2396, -92.1781, 3.7060), (1549.1593, -86.4948, 3.4890), (1549.0002, -86.1005, 3.4890), (1546.5570, -80.5659, 3.4740), (1543.7747, -75.1221, 3.4940), (1538.6645, -66.4645, 3.4170), (1536.4666, -63.0607, 3.5020), (1536.1554, -62.5934, 3.5020), (1526.9558, -49.5059, 3.4980), (1525.8294, -47.9549, 3.5390), (1517.2959, -36.8561, 3.5730), (1516.1008, -35.3115, 3.5210), (1513.6230, -32.1379, 3.5240), (1501.6408, -17.7699, 3.3830)]
            int[] faceVertexCounts = [4, 4, 4, 4, 4, 4, 4, 4, 4, 4, 4, 4, 4, 4, 4, 4, 4, 4, 4, 4, 4, 4, 4, 4, 4, 4, 4, 4, 4, 4, 4, 4, 4]
            int[] faceVertexIndices = [0, 1, 35, 34, 1, 2, 36, 35, 2, 3, 37, 36, 3, 4, 38, 37, 4, 5, 39, 38, 5, 6, 40, 39, 6, 7, 41, 40, 7, 8, 42, 41, 8, 9, 43, 42, 9, 10, 44, 43, 10, 11, 45, 44, 11, 12, 46, 45, 12, 13, 47, 46, 13, 14, 48, 47, 14, 15, 49, 48, 15, 16, 50, 49, 16, 17, 51, 50, 17, 18, 52, 51, 18, 19, 53, 52, 19, 20, 54, 53, 20, 21, 55, 54, 21, 22, 56, 55, 22, 23, 57, 56, 23, 24, 58, 57, 24, 25, 59, 58, 25, 26, 60, 59, 26, 27, 61, 60, 27, 28, 62, 61, 28, 29, 63, 62, 29, 30, 64, 63, 30, 31, 65, 64, 31, 32, 66, 65, 32, 33, 67, 66]
            uniform token subdivisionScheme = "none"
        }

        def Mesh "Road_190"
        {
            point3f[] points = [(1954.2037, -1701.3694, 7.4840), (1956.5704, -1701.2895, 7.4570), (1958.7362, -1700.8243, 7.4870), (1960.7898, -1699.9888, 7.4420), (1962.6667, -1698.8108, 7.4580), (1964.3101, -1697.3241, 7.4550), (1965.6710, -1695.5740, 7.4940), (1966.7073, -1693.6166, 7.4750), (1967.3922, -1691.4872, 7.4840), (1967.6270, -1689.7282, 7.4920), (1954.3316, -1704.8670, 7.4840), (1957.0035, -1704.7626, 7.4570), (1959.7671, -1704.1690, 7.4870), (1962.3855, -1703.1038, 7.4420), (1964.7791, -1701.6015, 7.4580), (1966.8754, -1699.7052, 7.4550), (1968.6102, -1697.4743, 7.4940), (1969.9319, -1694.9775, 7.4750), (1970.7952, -1692.3054, 7.4840), (1971.0940, -1690.2079, 7.4920)]
            int[] faceVertexCounts = [4, 4, 4, 4, 4, 4, 4, 4, 4]
            int[] faceVertexIndices = [0, 1, 11, 10, 1, 2, 12, 11, 2, 3, 13, 12, 3, 4, 14, 13, 4, 5, 15, 14, 5, 6, 16, 15, 6, 7, 17, 16, 7, 8, 18, 17, 8, 9, 19, 18]
            uniform token subdivisionScheme = "none"
        }

        def Mesh "Road_191"
        {
            point3f[] points = [(1195.3442, -246.2941, 6.8410), (1181.6965, -243.2112, 6.7750), (1180.8551, -243.0438, 6.7660), (1179.1428, -242.7098, 6.7500), (1196.1154, -242.8801, 6.8410), (1182.4625, -239.7960, 6.7750), (1181.5302, -239.6096, 6.7660), (1179.8129, -239.2745, 6.7500)]
            int[] faceVertexCounts = [4, 4, 4]
            int[] faceVertexIndices = [0, 1, 5, 4, 1, 2, 6, 5, 2, 3, 7, 6]
            uniform token subdivisionScheme = "none"
        }

        def Mesh "Road_192"
        {
            point3f[] points = [(1125.4505, -232.3578, 6.4220), (1125.6050, -230.5131, 6.4120), (1125.4448, -228.8237, 6.3940), (1124.9936, -227.1869, 6.4270), (1124.2666, -225.6538, 6.4660), (1123.2824, -224.2706, 6.3990), (1122.0748, -223.0796, 6.3370), (1120.6767, -222.1159, 6.3420), (1119.1323, -221.4094, 6.3640), (1117.4910, -220.9806, 6.3720), (1115.7999, -220.8457, 6.3970), (1114.1089, -221.0058, 6.4340), (1112.3273, -221.5034, 6.5310), (1128.9393, -232.6374, 6.4220), (1129.1049, -230.4877, 6.4120), (1128.8871, -228.1910, 6.3940), (1128.2742, -225.9673, 6.4270), (1127.2853, -223.8826, 6.4660), (1125.9473, -222.0016, 6.3990), (1124.3051, -220.3823, 6.3370), (1122.4046, -219.0721, 6.3420), (1120.3070, -218.1124, 6.3640), (1118.0747, -217.5296, 6.3720), (1115.7741, -217.3458, 6.3970), (1113.4769, -217.5633, 6.4340), (1111.3978, -218.1291, 6.5310)]
            int[] faceVertexCounts = [4, 4, 4, 4, 4, 4, 4, 4, 4, 4, 4, 4]
            int[] faceVertexIndices = [0, 1, 14, 13, 1, 2, 15, 14, 2, 3, 16, 15, 3, 4, 17, 16, 4, 5, 18, 17, 5, 6, 19, 18, 6, 7, 20, 19, 7, 8, 21, 20, 8, 9, 22, 21, 9, 10, 23, 22, 10, 11, 24, 23, 11, 12, 25, 24]
            uniform token subdivisionScheme = "none"
        }

        def Mesh "Road_193"
        {
            point3f[] points = [(837.3877, -93.4552, 5.2950), (837.0953, -92.0523, 5.3240), (834.0784, -76.3409, 4.9960), (833.8269, -74.7404, 5.0030), (831.1048, -52.9151, 4.8700), (830.9632, -51.6509, 4.8530), (828.7325, -29.7691, 4.7100), (828.6004, -27.9378, 4.6970), (828.3508, -23.8875, 4.6710), (827.8081, -1.8936, 4.5350), (827.8066, -0.7009, 4.5350), (827.8886, 13.2933, 0.3000), (840.8140, -92.7408, 5.2950), (840.5317, -91.3878, 5.3240), (837.5175, -75.6909, 4.9960), (837.2991, -74.3001, 5.0030), (834.5782, -52.4842, 4.8700), (834.4449, -51.2941, 4.8530), (832.2152, -29.4219, 4.7100), (832.0931, -27.7111, 4.6970), (831.8492, -23.7812, 4.6710), (831.3071, -1.8114, 4.5350), (831.3065, -0.7196, 4.5350), (831.3885, 13.2728, 0.3000)]
            int[] faceVertexCounts = [4, 4, 4, 4, 4, 4, 4, 4, 4, 4, 4]
            int[] faceVertexIndices = [0, 1, 13, 12, 1, 2, 14, 13, 2, 3, 15, 14, 3, 4, 16, 15, 4, 5, 17, 16, 5, 6, 18, 17, 6, 7, 19, 18, 7, 8, 20, 19, 8, 9, 21, 20, 9, 10, 22, 21, 10, 11, 23, 22]
            uniform token subdivisionScheme = "none"
        }

        def Mesh "Road_194"
        {
            point3f[] points = [(2087.2502, -1147.8815, 6.3830), (2086.4555, -1147.8536, 6.3830), (2082.4202, -1147.5957, 6.4580), (2080.2581, -1147.3137, 6.4920), (2078.1001, -1146.7643, 6.5270), (2076.0164, -1145.9037, 6.5090), (2074.0519, -1144.7214, 6.5520), (2072.3204, -1143.2853, 6.5510), (2070.8149, -1141.6456, 6.5990), (2069.5298, -1139.8366, 6.6260), (2068.4931, -1137.8891, 6.5670), (2067.7928, -1136.0825, 6.5500), (2067.2481, -1133.9463, 6.5750), (2066.9731, -1131.7468, 6.5090), (2066.9717, -1129.5874, 6.4960), (2067.0794, -1128.3799, 6.4960), (2067.4395, -1126.2887, 6.4720), (2067.9591, -1124.3238, 6.3960), (2087.3709, -1144.3836, 6.3830), (2086.6623, -1144.3597, 6.3830), (2082.7191, -1144.1084, 6.4580), (2080.9150, -1143.8759, 6.4920), (2079.2013, -1143.4420, 6.5270), (2077.5928, -1142.7788, 6.5090), (2076.0760, -1141.8661, 6.5520), (2074.7332, -1140.7499, 6.5510), (2073.5361, -1139.4445, 6.5990), (2072.5077, -1137.9975, 6.6260), (2071.6688, -1136.4178, 6.5670), (2071.1310, -1135.0305, 6.5500), (2070.6870, -1133.2949, 6.5750), (2070.4664, -1131.5303, 6.5090), (2070.4701, -1129.6942, 6.4960), (2070.5438, -1128.8782, 6.4960), (2070.8595, -1127.0327, 6.4720), (2071.3420, -1125.2215, 6.3960)]
            int[] faceVertexCounts = [4, 4, 4, 4, 4, 4, 4, 4, 4, 4, 4, 4, 4, 4, 4, 4, 4]
            int[] faceVertexIndices = [0, 1, 19, 18, 1, 2, 20, 19, 2, 3, 21, 20, 3, 4, 22, 21, 4, 5, 23, 22, 5, 6, 24, 23, 6, 7, 25, 24, 7, 8, 26, 25, 8, 9, 27, 26, 9, 10, 28, 27, 10, 11, 29, 28, 11, 12, 30, 29, 12, 13, 31, 30, 13, 14, 32, 31, 14, 15, 33, 32, 15, 16, 34, 33, 16, 17, 35, 34]
            uniform token subdivisionScheme = "none"
        }

        def Mesh "Road_195"
        {
            point3f[] points = [(1550.0739, -1832.5123, 5.1630), (1520.5173, -1803.0268, 5.1250), (1507.7095, -1787.9106, 5.2420), (1505.6008, -1782.3807, 5.2990), (1552.5457, -1830.0344, 5.1630), (1523.0544, -1800.6158, 5.1250), (1510.5425, -1785.8553, 5.2420), (1508.8847, -1781.1699, 5.2990)]
            int[] faceVertexCounts = [4, 4, 4]
            int[] faceVertexIndices = [0, 1, 5, 4, 1, 2, 6, 5, 2, 3, 7, 6]
            uniform token subdivisionScheme = "none"
        }

        def Mesh "Road_196"
        {
            point3f[] points = [(1179.1979, -242.7196, 6.7500), (1153.5366, -238.5606, 6.5150), (1133.8251, -235.1906, 6.4320), (1132.1322, -234.9418, 6.4420), (1128.1786, -234.3940, 6.4310), (1126.9639, -234.2323, 6.4220), (1179.7578, -239.2647, 6.7500), (1154.1095, -235.1078, 6.5150), (1134.4084, -231.7395, 6.4320), (1132.6215, -231.4762, 6.4420), (1128.6546, -230.9265, 6.4310), (1127.4258, -230.7629, 6.4220)]
            int[] faceVertexCounts = [4, 4, 4, 4, 4]
            int[] faceVertexIndices = [0, 1, 7, 6, 1, 2, 8, 7, 2, 3, 9, 8, 3, 4, 10, 9, 4, 5, 11, 10]
            uniform token subdivisionScheme = "none"
        }

        def Mesh "Road_197"
        {
            point3f[] points = [(774.4829, -117.5382, 6.2300), (769.4308, -102.0546, 5.7390), (769.3056, -101.6630, 5.7390), (757.8293, -65.4542, 5.0360), (747.5718, -32.9937, 4.7270), (747.3653, -32.2071, 4.6950), (745.9949, -26.3274, 4.6380), (745.2737, -22.3128, 4.6180), (745.0018, -20.2469, 4.6170), (744.8055, -18.2222, 4.6140), (744.7780, -17.8651, 4.6050), (777.8103, -116.4525, 6.2300), (772.7583, -100.9694, 5.7390), (772.6420, -100.6054, 5.7390), (761.1661, -64.3981, 5.0360), (750.9102, -31.9425, 4.7270), (750.7718, -31.4035, 4.6950), (749.4192, -25.6030, 4.6380), (748.7279, -21.7486, 4.6180), (748.4793, -19.8503, 4.6170), (748.2901, -17.8949, 4.6140), (748.2679, -17.5991, 4.6050)]
            int[] faceVertexCounts = [4, 4, 4, 4, 4, 4, 4, 4, 4, 4]
            int[] faceVertexIndices = [0, 1, 12, 11, 1, 2, 13, 12, 2, 3, 14, 13, 3, 4, 15, 14, 4, 5, 16, 15, 5, 6, 17, 16, 6, 7, 18, 17, 7, 8, 19, 18, 8, 9, 20, 19, 9, 10, 21, 20]
            uniform token subdivisionScheme = "none"
        }

        def Mesh "Road_198"
        {
            point3f[] points = [(1695.3348, -570.5412, 6.5950), (1772.8891, -550.6072, 6.1150), (1783.8911, -547.9861, 6.1420), (1789.6316, -542.5936, 6.1320), (1792.3343, -535.9370, 6.0760), (1791.7007, -528.5203, 6.0280), (1764.8642, -453.5999, 5.7020), (1757.6420, -435.0369, 5.6800), (1757.0433, -433.5004, 5.6570), (1696.2061, -573.9310, 6.5950), (1773.7544, -553.9985, 6.1150), (1785.4324, -551.1284, 6.1420), (1792.4941, -544.6076, 6.1320), (1795.7970, -536.4463, 6.0760), (1795.0231, -527.4198, 6.0280), (1768.1528, -452.4018, 5.7020), (1760.9038, -433.7678, 5.6800), (1760.3046, -432.2298, 5.6570)]
            int[] faceVertexCounts = [4, 4, 4, 4, 4, 4, 4, 4]
            int[] faceVertexIndices = [0, 1, 10, 9, 1, 2, 11, 10, 2, 3, 12, 11, 3, 4, 13, 12, 4, 5, 14, 13, 5, 6, 15, 14, 6, 7, 16, 15, 7, 8, 17, 16]
            uniform token subdivisionScheme = "none"
        }

        def Mesh "Road_199"
        {
            point3f[] points = [(352.2098, -295.6949, 5.5350), (356.4832, -294.4274, 5.5250), (390.3051, -285.9091, 5.4600), (353.2059, -299.0501, 5.5350), (357.3539, -297.8174, 5.5250), (391.1599, -289.3031, 5.4600)]
            int[] faceVertexCounts = [4, 4]
            int[] faceVertexIndices = [0, 1, 4, 3, 1, 2, 5, 4]
            uniform token subdivisionScheme = "none"
        }

        def Mesh "Road_200"
        {
            point3f[] points = [(-1.8258, -904.5680, 0.3000), (8.7614, -903.0415, 11.8490), (18.7924, -901.6228, 11.8450), (19.4538, -901.5346, 11.8450), (35.3002, -899.3857, 11.6840), (36.8187, -899.1660, 11.6760), (38.7445, -898.8727, 11.6460), (46.5511, -897.4245, 11.5400), (50.3191, -896.4210, 11.4470), (50.8306, -896.2638, 11.4470), (52.6811, -895.6644, 11.4280), (56.3436, -894.3156, 11.4020), (65.4764, -890.3292, 11.2750), (66.0683, -890.0689, 11.2750), (80.6000, -883.4033, 10.9000), (80.9004, -883.2480, 10.9000), (84.3697, -881.3855, 10.7940), (92.9260, -876.2715, 10.5650), (93.8899, -875.6621, 10.4380), (105.4811, -867.8374, 9.8260), (106.4307, -867.1512, 9.8260), (114.4997, -861.2491, 9.3790), (115.8112, -860.3111, 9.2410), (120.7241, -856.8653, 9.0190), (-1.3263, -908.0321, 0.3000), (9.2563, -906.5063, 11.8490), (19.2808, -905.0885, 11.8450), (19.9238, -905.0029, 11.8450), (35.7733, -902.8536, 11.6840), (37.3349, -902.6277, 11.6760), (39.3610, -902.3180, 11.6460), (47.2769, -900.8484, 11.5400), (51.2345, -899.7991, 11.4470), (51.8969, -899.5974, 11.4470), (53.8483, -898.9641, 11.4280), (57.6901, -897.5463, 11.4020), (66.8771, -893.5367, 11.2750), (67.5256, -893.2511, 11.2750), (82.0630, -886.5828, 10.9000), (82.5506, -886.3345, 10.9000), (86.1258, -884.4130, 10.7940), (94.7299, -879.2709, 10.5650), (95.8412, -878.5677, 10.4380), (107.4467, -870.7333, 9.8260), (108.4951, -869.9776, 9.8260), (116.5619, -864.0771, 9.3790), (117.8265, -863.1727, 9.2410), (122.7338, -859.7307, 9.0190)]
            int[] faceVertexCounts = [4, 4, 4, 4, 4, 4, 4, 4, 4, 4, 4, 4, 4, 4, 4, 4, 4, 4, 4, 4, 4, 4, 4]
            int[] faceVertexIndices = [0, 1, 25, 24, 1, 2, 26, 25, 2, 3, 27, 26, 3, 4, 28, 27, 4, 5, 29, 28, 5, 6, 30, 29, 6, 7, 31, 30, 7, 8, 32, 31, 8, 9, 33, 32, 9, 10, 34, 33, 10, 11, 35, 34, 11, 12, 36, 35, 12, 13, 37, 36, 13, 14, 38, 37, 14, 15, 39, 38, 15, 16, 40, 39, 16, 17, 41, 40, 17, 18, 42, 41, 18, 19, 43, 42, 19, 20, 44, 43, 20, 21, 45, 44, 21, 22, 46, 45, 22, 23, 47, 46]
            uniform token subdivisionScheme = "none"
        }

        def Mesh "Road_201"
        {
            point3f[] points = [(455.0948, -49.9638, 4.3380), (475.2507, -33.5565, 4.3530), (476.3745, -32.6332, 4.3680), (506.9901, -6.9183, 4.2960), (507.1968, -6.7412, 4.2960), (532.6424, 15.7821, 0.3000), (533.0228, 16.1366, 0.3000), (548.6892, 31.5431, 0.3000), (552.7583, 35.8691, 0.3000), (553.6669, 36.8581, 0.3000), (566.8153, 51.9088, 0.3000), (568.0771, 53.3909, 0.3000), (457.3043, -52.6782, 4.3380), (477.4609, -36.2703, 4.3530), (478.6245, -35.3141, 4.3680), (509.2413, -9.5982, 4.2960), (509.5162, -9.3624, 4.2960), (534.9634, 13.1623, 0.3000), (535.4751, 13.6393, 0.3000), (551.1640, 29.0681, 0.3000), (555.3129, 33.4767, 0.3000), (556.2990, 34.5512, 0.3000), (569.4538, 49.6091, 0.3000), (570.7420, 51.1218, 0.3000)]
            int[] faceVertexCounts = [4, 4, 4, 4, 4, 4, 4, 4, 4, 4, 4]
            int[] faceVertexIndices = [0, 1, 13, 12, 1, 2, 14, 13, 2, 3, 15, 14, 3, 4, 16, 15, 4, 5, 17, 16, 5, 6, 18, 17, 6, 7, 19, 18, 7, 8, 20, 19, 8, 9, 21, 20, 9, 10, 22, 21, 10, 11, 23, 22]
            uniform token subdivisionScheme = "none"
        }

        def Mesh "Road_202"
        {
            point3f[] points = [(1533.3592, -1437.6660, 7.2210), (1532.3489, -1436.1414, 7.2210), (1524.4108, -1424.6328, 7.1100), (1523.3183, -1423.1725, 7.1230), (1520.9042, -1420.0615, 7.1400), (1514.5129, -1412.4883, 7.0970), (1503.5298, -1400.9215, 7.1030), (1503.1160, -1400.5116, 7.1030), (1494.4820, -1392.2636, 7.1770), (1479.4049, -1379.1951, 7.4990), (1478.1147, -1378.1477, 7.5400), (1454.2564, -1360.0010, 8.5720), (1444.2714, -1352.6375, 9.1750), (1536.2765, -1435.7323, 7.2210), (1535.2343, -1434.1603, 7.2210), (1527.2828, -1422.6324, 7.1100), (1526.0956, -1421.0426, 7.1230), (1523.6050, -1417.8354, 7.1400), (1517.1046, -1410.1360, 7.0970), (1506.0651, -1398.5085, 7.1030), (1505.5360, -1397.9830, 7.1030), (1496.8220, -1389.6608, 7.1770), (1481.6904, -1376.5444, 7.4990), (1480.2385, -1375.3657, 7.5400), (1456.3631, -1357.2061, 8.5720), (1446.3487, -1349.8206, 9.1750)]
            int[] faceVertexCounts = [4, 4, 4, 4, 4, 4, 4, 4, 4, 4, 4, 4]
            int[] faceVertexIndices = [0, 1, 14, 13, 1, 2, 15, 14, 2, 3, 16, 15, 3, 4, 17, 16, 4, 5, 18, 17, 5, 6, 19, 18, 6, 7, 20, 19, 7, 8, 21, 20, 8, 9, 22, 21, 9, 10, 23, 22, 10, 11, 24, 23, 11, 12, 25, 24]
            uniform token subdivisionScheme = "none"
        }

        def Mesh "Road_203"
        {
            point3f[] points = [(102.0592, -1405.0849, 6.5230), (105.7297, -1404.7150, 6.5770), (129.5668, -1402.0309, 6.6000), (130.1542, -1401.9610, 6.5500), (102.4102, -1408.5672, 6.5230), (106.1159, -1408.1936, 6.5770), (129.9590, -1405.5089, 6.6000), (130.5677, -1405.4365, 6.5500)]
            int[] faceVertexCounts = [4, 4, 4]
            int[] faceVertexIndices = [0, 1, 5, 4, 1, 2, 6, 5, 2, 3, 7, 6]
            uniform token subdivisionScheme = "none"
        }

        def Mesh "Road_204"
        {
            point3f[] points = [(418.5755, -1016.6346, 6.0740), (418.5006, -1015.5152, 6.0330), (418.4035, -1013.4753, 6.0050), (418.3790, -1011.3902, 5.9850), (418.4947, -1009.2071, 6.0210), (418.9586, -1006.9673, 6.0350), (419.8003, -1004.8728, 6.0650), (420.5965, -1003.5322, 6.0470), (422.0037, -1001.8057, 6.0730), (423.6658, -1000.2983, 6.0650), (425.4363, -999.0673, 6.0840), (426.3031, -998.5733, 6.1260), (428.2124, -997.6741, 6.1050), (430.2679, -996.9134, 6.0740), (437.9784, -994.7694, 6.1350), (439.6839, -994.1755, 6.1430), (445.3353, -992.1074, 6.1700), (447.3920, -991.4978, 6.1700), (449.4655, -991.0458, 6.1700), (450.9816, -990.8467, 6.1670), (453.1241, -990.7467, 6.1380), (455.3021, -990.8627, 6.1180), (457.4696, -991.2162, 6.1290), (459.5239, -991.8058, 6.1140), (460.3093, -992.1016, 6.1140), (462.2393, -993.0018, 6.0720), (464.1111, -994.1462, 6.0650), (465.8138, -995.4644, 6.0660), (467.3748, -996.8504, 6.0040), (468.8724, -998.2737, 6.0450), (471.6933, -1001.1324, 5.9970), (422.0677, -1016.4005, 6.0740), (421.9954, -1015.3244, 6.0330), (421.9019, -1013.3708, 6.0050), (421.8783, -1011.4584, 5.9850), (421.9665, -1009.6510, 6.0210), (422.3088, -1007.9804, 6.0350), (422.9637, -1006.3705, 6.0650), (423.4312, -1005.5852, 6.0470), (424.5435, -1004.2139, 6.0730), (425.8422, -1003.0394, 6.0650), (427.3570, -1001.9932, 6.0840), (427.8642, -1001.7059, 6.1260), (429.5693, -1000.9004, 6.1050), (431.2622, -1000.2692, 6.0740), (438.9569, -998.1299, 6.1350), (440.8733, -997.4672, 6.1430), (446.4863, -995.4127, 6.1700), (448.2619, -994.8879, 6.1700), (450.0942, -994.4888, 6.1700), (451.2643, -994.3353, 6.1670), (453.1139, -994.2467, 6.1380), (454.9276, -994.3426, 6.1180), (456.7019, -994.6310, 6.1290), (458.4896, -995.1495, 6.1140), (458.8908, -995.3013, 6.1140), (460.5859, -996.0867, 6.0720), (462.1227, -997.0265, 6.0650), (463.5777, -998.1570, 6.0660), (465.0066, -999.4276, 6.0040), (466.4076, -1000.7586, 6.0450), (469.2020, -1003.5907, 5.9970)]
            int[] faceVertexCounts = [4, 4, 4, 4, 4, 4, 4, 4, 4, 4, 4, 4, 4, 4, 4, 4, 4, 4, 4, 4, 4, 4, 4, 4, 4, 4, 4, 4, 4, 4]
            int[] faceVertexIndices = [0, 1, 32, 31, 1, 2, 33, 32, 2, 3, 34, 33, 3, 4, 35, 34, 4, 5, 36, 35, 5, 6, 37, 36, 6, 7, 38, 37, 7, 8, 39, 38, 8, 9, 40, 39, 9, 10, 41, 40, 10, 11, 42, 41, 11, 12, 43, 42, 12, 13, 44, 43, 13, 14, 45, 44, 14, 15, 46, 45, 15, 16, 47, 46, 16, 17, 48, 47, 17, 18, 49, 48, 18, 19, 50, 49, 19, 20, 51, 50, 20, 21, 52, 51, 21, 22, 53, 52, 22, 23, 54, 53, 23, 24, 55, 54, 24, 25, 56, 55, 25, 26, 57, 56, 26, 27, 58, 57, 27, 28, 59, 58, 28, 29, 60, 59, 29, 30, 61, 60]
            uniform token subdivisionScheme = "none"
        }

        def Mesh "Road_205"
        {
            point3f[] points = [(802.9505, -1130.1025, 5.6260), (802.0045, -1128.7021, 5.5610), (800.8895, -1127.0969, 5.5240), (799.7233, -1125.5509, 5.5050), (798.9218, -1124.5719, 5.5050), (797.6291, -1123.0700, 5.5180), (805.8507, -1128.1432, 5.6260), (804.8908, -1126.7223, 5.5610), (803.7243, -1125.0441, 5.5240), (802.4838, -1123.3993, 5.5050), (801.5972, -1122.3153, 5.5050), (800.2819, -1120.7869, 5.5180)]
            int[] faceVertexCounts = [4, 4, 4, 4, 4]
            int[] faceVertexIndices = [0, 1, 7, 6, 1, 2, 8, 7, 2, 3, 9, 8, 3, 4, 10, 9, 4, 5, 11, 10]
            uniform token subdivisionScheme = "none"
        }

        def Mesh "Road_206"
        {
            point3f[] points = [(522.4404, -478.7310, 6.0980), (522.9002, -478.1598, 6.1110), (532.8055, -465.6053, 6.0250), (533.0113, -465.3339, 6.0250), (552.3423, -439.8525, 6.0520), (552.7458, -439.3667, 6.0910), (559.4034, -431.8195, 6.0580), (573.4910, -417.5883, 6.1140), (573.8796, -417.2128, 6.1140), (581.2367, -410.4045, 6.1310), (584.3956, -407.7767, 6.1470), (587.6485, -405.3406, 6.1560), (589.0643, -404.3711, 6.1910), (597.4383, -398.9402, 6.1460), (600.6320, -396.6741, 6.0730), (602.1243, -395.4954, 6.0730), (603.4067, -394.3844, 6.0590), (604.8018, -393.0651, 6.0680), (606.1328, -391.6821, 6.0150), (607.3985, -390.2408, 5.9930), (608.5964, -388.7423, 5.9790), (609.7214, -387.1910, 5.9790), (610.7753, -385.5850, 5.9950), (611.7215, -383.9942, 5.9970), (612.6433, -382.2990, 5.9740), (613.4791, -380.6006, 5.9780), (616.6402, -373.2743, 5.9840), (525.1670, -480.9254, 6.0980), (525.6470, -480.3289, 6.1110), (535.5541, -467.7721, 6.0250), (535.7997, -467.4493, 6.0250), (555.1292, -441.9698, 6.0520), (555.3739, -441.6782, 6.0910), (561.9376, -434.2336, 6.0580), (575.9771, -420.0519, 6.1140), (576.2593, -419.7793, 6.1140), (583.5748, -413.0089, 6.1310), (586.5641, -410.5240, 6.1470), (589.7117, -408.1678, 6.1560), (590.9789, -407.3010, 6.1910), (599.3775, -401.8538, 6.1460), (602.7054, -399.4939, 6.0730), (604.3514, -398.1953, 6.0730), (605.7589, -396.9762, 6.0590), (607.2659, -395.5507, 6.0680), (608.7093, -394.0510, 6.0150), (610.0811, -392.4888, 5.9930), (611.3808, -390.8630, 5.9790), (612.6019, -389.1791, 5.9790), (613.7423, -387.4416, 5.9950), (614.7642, -385.7241, 5.9970), (615.7520, -383.9072, 5.9740), (616.6789, -382.0189, 5.9780), (619.8538, -374.6608, 5.9840)]
            int[] faceVertexCounts = [4, 4, 4, 4, 4, 4, 4, 4, 4, 4, 4, 4, 4, 4, 4, 4, 4, 4, 4, 4, 4, 4, 4, 4, 4, 4]
            int[] faceVertexIndices = [0, 1, 28, 27, 1, 2, 29, 28, 2, 3, 30, 29, 3, 4, 31, 30, 4, 5, 32, 31, 5, 6, 33, 32, 6, 7, 34, 33, 7, 8, 35, 34, 8, 9, 36, 35, 9, 10, 37, 36, 10, 11, 38, 37, 11, 12, 39, 38, 12, 13, 40, 39, 13, 14, 41, 40, 14, 15, 42, 41, 15, 16, 43, 42, 16, 17, 44, 43, 17, 18, 45, 44, 18, 19, 46, 45, 19, 20, 47, 46, 20, 21, 48, 47, 21, 22, 49, 48, 22, 23, 50, 49, 23, 24, 51, 50, 24, 25, 52, 51, 25, 26, 53, 52]
            uniform token subdivisionScheme = "none"
        }

        def Mesh "Road_207"
        {
            point3f[] points = [(355.1238, -132.3403, 4.2870), (364.3843, -125.6506, 4.3010), (357.1733, -135.1775, 4.2870), (366.4338, -128.4877, 4.3010)]
            int[] faceVertexCounts = [4]
            int[] faceVertexIndices = [0, 1, 3, 2]
            uniform token subdivisionScheme = "none"
        }

        def Mesh "Road_208"
        {
            point3f[] points = [(31.8143, -68.1986, 3.7030), (40.3116, -59.7307, 3.7230), (41.0772, -58.9808, 3.7060), (48.1878, -51.9055, 3.7420), (50.8823, -49.0111, 3.7380), (51.7887, -48.0543, 3.7500), (58.9258, -41.0488, 3.8230), (59.3228, -40.6464, 3.8480), (62.1207, -37.6408, 3.8640), (71.5983, -29.0612, 3.8060), (34.2849, -70.6778, 3.7030), (42.7804, -62.2116, 3.7230), (43.5441, -61.4637, 3.7060), (50.6833, -54.3597, 3.7420), (53.4392, -51.4011, 3.7380), (54.2507, -50.5420, 3.7500), (61.3800, -43.5441, 3.8230), (61.8771, -43.0392, 3.8480), (64.5225, -40.1866, 3.8640), (73.9471, -31.6560, 3.8060)]
            int[] faceVertexCounts = [4, 4, 4, 4, 4, 4, 4, 4, 4]
            int[] faceVertexIndices = [0, 1, 11, 10, 1, 2, 12, 11, 2, 3, 13, 12, 3, 4, 14, 13, 4, 5, 15, 14, 5, 6, 16, 15, 6, 7, 17, 16, 7, 8, 18, 17, 8, 9, 19, 18]
            uniform token subdivisionScheme = "none"
        }

        def Mesh "Road_209"
        {
            point3f[] points = [(846.3454, -306.4528, 7.0510), (856.6681, -302.1634, 6.9730), (847.6884, -309.6849, 7.0510), (858.0111, -305.3955, 6.9730)]
            int[] faceVertexCounts = [4]
            int[] faceVertexIndices = [0, 1, 3, 2]
            uniform token subdivisionScheme = "none"
        }

        def Mesh "Road_210"
        {
            point3f[] points = [(173.7687, -99.9174, 5.1860), (190.3237, -94.7200, 5.3240), (174.8171, -103.2567, 5.1860), (191.3720, -98.0593, 5.3240)]
            int[] faceVertexCounts = [4]
            int[] faceVertexIndices = [0, 1, 3, 2]
            uniform token subdivisionScheme = "none"
        }

        def Mesh "Road_211"
        {
            point3f[] points = [(452.4152, -483.1616, 6.0470), (441.8161, -446.6857, 6.3370), (441.7247, -446.3676, 6.3370), (430.2235, -405.9902, 7.2110), (429.7634, -404.3697, 7.1950), (455.7762, -482.1850, 6.0470), (445.1771, -445.7091, 6.3370), (445.0908, -445.4087, 6.3370), (433.5896, -405.0315, 7.2110), (433.1304, -403.4138, 7.1950)]
            int[] faceVertexCounts = [4, 4, 4, 4]
            int[] faceVertexIndices = [0, 1, 6, 5, 1, 2, 7, 6, 2, 3, 8, 7, 3, 4, 9, 8]
            uniform token subdivisionScheme = "none"
        }

        def Mesh "Road_212"
        {
            point3f[] points = [(1163.5002, -345.1080, 6.3330), (1154.4471, -341.8114, 6.2680), (1154.0235, -341.6574, 6.2790), (1133.2527, -334.4455, 6.1480), (1131.5426, -333.8927, 6.1230), (1114.3389, -328.6349, 6.1300), (1113.6467, -328.4274, 6.1300), (1111.6918, -327.8134, 6.1290), (1107.8733, -326.4549, 6.1380), (1105.8867, -325.6138, 6.1400), (1103.9576, -324.5525, 6.1480), (1102.1594, -323.2312, 6.1300), (1100.6138, -321.7400, 6.1300), (1100.1187, -321.1749, 6.1060), (1098.8864, -319.5724, 6.1060), (1164.6977, -341.8192, 6.3330), (1155.6446, -338.5226, 6.2680), (1155.1725, -338.3514, 6.2790), (1134.3952, -331.1373, 6.1480), (1132.5706, -330.5471, 6.1230), (1115.3612, -325.2875, 6.1300), (1114.6832, -325.0844, 6.1300), (1112.8233, -324.5013, 6.1290), (1109.1101, -323.1807, 6.1380), (1107.4127, -322.4640, 6.1400), (1105.8403, -321.6020, 6.1480), (1104.4179, -320.5574, 6.1300), (1103.0938, -319.2702, 6.1300), (1102.8647, -319.0048, 6.1060), (1101.6611, -317.4391, 6.1060)]
            int[] faceVertexCounts = [4, 4, 4, 4, 4, 4, 4, 4, 4, 4, 4, 4, 4, 4]
            int[] faceVertexIndices = [0, 1, 16, 15, 1, 2, 17, 16, 2, 3, 18, 17, 3, 4, 19, 18, 4, 5, 20, 19, 5, 6, 21, 20, 6, 7, 22, 21, 7, 8, 23, 22, 8, 9, 24, 23, 9, 10, 25, 24, 10, 11, 26, 25, 11, 12, 27, 26, 12, 13, 28, 27, 13, 14, 29, 28]
            uniform token subdivisionScheme = "none"
        }

        def Mesh "Road_213"
        {
            point3f[] points = [(506.2087, -120.2781, 4.6050), (454.8043, -52.3773, 4.3380), (508.9992, -118.1655, 4.6050), (457.5948, -50.2647, 4.3380)]
            int[] faceVertexCounts = [4]
            int[] faceVertexIndices = [0, 1, 3, 2]
            uniform token subdivisionScheme = "none"
        }

        def Mesh "Road_214"
        {
            point3f[] points = [(2117.9614, -683.1566, 6.8180), (2109.7952, -680.0606, 6.8350), (2119.2022, -679.8839, 6.8180), (2111.0359, -676.7879, 6.8350)]
            int[] faceVertexCounts = [4]
            int[] faceVertexIndices = [0, 1, 3, 2]
            uniform token subdivisionScheme = "none"
        }

        def Mesh "Road_215"
        {
            point3f[] points = [(742.5692, -1753.0281, 4.8280), (733.2324, -1733.1174, 4.8690), (732.7898, -1732.1825, 4.8690), (708.3227, -1681.8370, 5.2670), (708.1706, -1681.5265, 5.2630), (745.7381, -1751.5421, 4.8280), (736.4010, -1731.6309, 4.8690), (735.9380, -1730.6533, 4.8690), (711.4706, -1680.3071, 5.2670), (711.3133, -1679.9861, 5.2630)]
            int[] faceVertexCounts = [4, 4, 4, 4]
            int[] faceVertexIndices = [0, 1, 6, 5, 1, 2, 7, 6, 2, 3, 8, 7, 3, 4, 9, 8]
            uniform token subdivisionScheme = "none"
        }

        def Mesh "Road_216"
        {
            point3f[] points = [(1694.0576, -572.5945, 6.5950), (1684.7220, -527.9804, 6.3690), (1697.4834, -571.8777, 6.5950), (1688.1478, -527.2636, 6.3690)]
            int[] faceVertexCounts = [4]
            int[] faceVertexIndices = [0, 1, 3, 2]
            uniform token subdivisionScheme = "none"
        }

        def Mesh "Road_217"
        {
            point3f[] points = [(27.6123, -66.4565, 3.7150), (23.3454, -62.1693, 3.6930), (22.4137, -61.2178, 3.7030), (12.6764, -51.1671, 3.7660), (12.0261, -50.5049, 3.7660), (-4.9518, -33.5554, 0.3000), (-5.3751, -33.1213, 0.3000), (-8.1500, -30.2390, 0.3000), (-9.1310, -29.2116, 0.3000), (30.0930, -63.9876, 3.7150), (25.8298, -59.7039, 3.6930), (24.9264, -58.7813, 3.7030), (15.1891, -48.7307, 3.7660), (14.4998, -48.0289, 3.7660), (-2.4782, -31.0792, 0.3000), (-2.8556, -30.6919, 0.3000), (-5.6260, -27.8143, 0.3000), (-6.5996, -26.7945, 0.3000)]
            int[] faceVertexCounts = [4, 4, 4, 4, 4, 4, 4, 4]
            int[] faceVertexIndices = [0, 1, 10, 9, 1, 2, 11, 10, 2, 3, 12, 11, 3, 4, 13, 12, 4, 5, 14, 13, 5, 6, 15, 14, 6, 7, 16, 15, 7, 8, 17, 16]
            uniform token subdivisionScheme = "none"
        }

        def Mesh "Road_218"
        {
            point3f[] points = [(797.5736, -1123.0021, 5.5180), (796.4618, -1121.5711, 5.5120), (746.4432, -1056.6348, 5.7870), (745.9651, -1056.0010, 5.7780), (727.8913, -1032.0719, 5.9760), (727.1629, -1031.1142, 5.9820), (715.1202, -1015.1565, 5.9390), (714.5970, -1014.4475, 5.9390), (707.6325, -1004.6312, 5.8520), (703.3391, -997.8029, 5.8630), (702.4519, -996.2658, 5.8750), (699.5675, -990.9189, 5.8900), (690.0623, -971.0690, 5.9760), (689.8745, -970.6797, 5.9760), (676.8344, -945.8871, 5.8370), (664.5662, -920.6752, 5.8960), (660.6166, -911.4205, 5.9130), (660.0731, -910.0642, 5.9600), (653.3734, -891.2043, 6.0070), (650.3749, -881.6198, 6.0450), (649.8386, -879.8553, 6.0160), (647.6965, -872.1273, 6.0120), (647.2221, -870.0929, 6.0040), (646.8266, -868.0533, 5.9580), (646.5380, -865.9767, 5.9600), (646.3673, -863.8868, 5.9690), (646.3132, -861.8295, 5.9590), (646.3171, -861.2997, 5.9590), (646.4146, -859.2339, 5.9420), (646.6523, -857.1335, 5.9340), (647.0299, -855.0493, 5.9220), (647.5547, -852.9865, 5.9260), (648.2216, -851.0065, 5.9570), (648.5458, -850.1898, 5.9570), (649.4104, -848.2947, 5.9880), (650.4197, -846.4331, 5.9830), (651.5667, -844.6235, 5.9960), (653.9875, -841.3446, 6.0290), (656.5190, -838.1968, 6.0360), (657.0441, -837.5656, 6.0360), (676.6877, -814.9086, 6.1620), (677.0332, -814.5257, 6.1620), (698.8248, -791.1105, 6.3490), (699.2594, -790.6503, 6.3490), (800.3374, -1120.8548, 5.5180), (799.2344, -1119.4351, 5.5120), (749.2161, -1054.4993, 5.7870), (748.7580, -1053.8916, 5.7780), (730.6839, -1029.9621, 5.9760), (729.9562, -1029.0053, 5.9820), (717.9148, -1013.0494, 5.9390), (717.4489, -1012.4187, 5.9390), (710.5315, -1002.6702, 5.8520), (706.3145, -995.9599, 5.8630), (705.5216, -994.5844, 5.8750), (702.7085, -989.3747, 5.8900), (693.2189, -969.5571, 5.9760), (692.9731, -969.0521, 5.9760), (679.9572, -944.3065, 5.8370), (667.7331, -919.1850, 5.8960), (663.8394, -910.0554, 5.9130), (663.3681, -908.8841, 5.9600), (656.6861, -890.0748, 6.0070), (653.7165, -880.5790, 6.0450), (653.2071, -878.9050, 6.0160), (651.0770, -871.2205, 6.0120), (650.6451, -869.3625, 6.0040), (650.2791, -867.4787, 5.9580), (650.0170, -865.5931, 5.9600), (649.8623, -863.6988, 5.9690), (649.8125, -861.7586, 5.9590), (649.8144, -861.4387, 5.9590), (649.9035, -859.5125, 5.9420), (650.1150, -857.6424, 5.9340), (650.4500, -855.7930, 5.9220), (650.9113, -853.9779, 5.9260), (651.5216, -852.1729, 5.9570), (651.7500, -851.5981, 5.9570), (652.5431, -849.8555, 5.9880), (653.4383, -848.2045, 5.9830), (654.4311, -846.6347, 5.9960), (656.7596, -843.4814, 6.0290), (659.2405, -840.3975, 6.0360), (659.6897, -839.8570, 6.0360), (679.3314, -817.2022, 6.1620), (679.5959, -816.9096, 6.1620), (701.3865, -793.4953, 6.3490), (701.8038, -793.0536, 6.3490)]
            int[] faceVertexCounts = [4, 4, 4, 4, 4, 4, 4, 4, 4, 4, 4, 4, 4, 4, 4, 4, 4, 4, 4, 4, 4, 4, 4, 4, 4, 4, 4, 4, 4, 4, 4, 4, 4, 4, 4, 4, 4, 4, 4, 4, 4, 4, 4]
            int[] faceVertexIndices = [0, 1, 45, 44, 1, 2, 46, 45, 2, 3, 47, 46, 3, 4, 48, 47, 4, 5, 49, 48, 5, 6, 50, 49, 6, 7, 51, 50, 7, 8, 52, 51, 8, 9, 53, 52, 9, 10, 54, 53, 10, 11, 55, 54, 11, 12, 56, 55, 12, 13, 57, 56, 13, 14, 58, 57, 14, 15, 59, 58, 15, 16, 60, 59, 16, 17, 61, 60, 17, 18, 62, 61, 18, 19, 63, 62, 19, 20, 64, 63, 20, 21, 65, 64, 21, 22, 66, 65, 22, 23, 67, 66, 23, 24, 68, 67, 24, 25, 69, 68, 25, 26, 70, 69, 26, 27, 71, 70, 27, 28, 72, 71, 28, 29, 73, 72, 29, 30, 74, 73, 30, 31, 75, 74, 31, 32, 76, 75, 32, 33, 77, 76, 33, 34, 78, 77, 34, 35, 79, 78, 35, 36, 80, 79, 36, 37, 81, 80, 37, 38, 82, 81, 38, 39, 83, 82, 39, 40, 84, 83, 40, 41, 85, 84, 41, 42, 86, 85, 42, 43, 87, 86]
            uniform token subdivisionScheme = "none"
        }

        def Mesh "Road_219"
        {
            point3f[] points = [(2051.2253, -1325.5426, 6.7140), (2035.2321, -1325.5673, 6.7610), (2033.2271, -1325.5659, 6.7600), (2032.7702, -1325.5636, 6.7600), (2010.7788, -1325.3784, 6.8600), (2009.3601, -1325.3609, 6.8710), (1969.3811, -1324.7718, 7.0960), (1968.0538, -1324.7499, 7.0960), (2051.2199, -1322.0426, 6.7140), (2035.2276, -1322.0673, 6.7610), (2033.2324, -1322.0659, 6.7600), (2032.7995, -1322.0637, 6.7600), (2010.8091, -1321.8786, 6.8600), (2009.4114, -1321.8613, 6.8710), (1969.4329, -1321.2722, 7.0960), (1968.1114, -1321.2504, 7.0960)]
            int[] faceVertexCounts = [4, 4, 4, 4, 4, 4, 4]
            int[] faceVertexIndices = [0, 1, 9, 8, 1, 2, 10, 9, 2, 3, 11, 10, 3, 4, 12, 11, 4, 5, 13, 12, 5, 6, 14, 13, 6, 7, 15, 14]
            uniform token subdivisionScheme = "none"
        }

        def Mesh "Road_220"
        {
            point3f[] points = [(125.0529, -356.1099, 4.7130), (130.1374, -345.0599, 4.7240), (133.9310, -337.8785, 4.7520), (141.2232, -325.8886, 4.6990), (141.7437, -325.0877, 4.6770), (155.4840, -305.3653, 4.5940), (163.8900, -294.1024, 4.5620), (167.7398, -289.4200, 4.5830), (168.6007, -288.4223, 4.5330), (172.6866, -283.9745, 4.5670), (175.5730, -281.1128, 4.5500), (177.0896, -279.7067, 4.5220), (187.8396, -270.7317, 4.4880), (189.1287, -269.6614, 4.4770), (209.7977, -250.8003, 4.3440), (210.5565, -250.1372, 4.3440), (238.8967, -227.9690, 4.1420), (239.8414, -227.2386, 4.1420), (270.8170, -201.7666, 3.8720), (287.9534, -187.9660, 3.8880), (288.3564, -187.6436, 3.8880), (128.2325, -357.5729, 4.7130), (133.2845, -346.5916, 4.7240), (136.9606, -339.6311, 4.7520), (144.2104, -327.7125, 4.6990), (144.6177, -327.0852, 4.6770), (158.3315, -307.4004, 4.5940), (166.6651, -296.2353, 4.5620), (170.4340, -291.6541, 4.5830), (171.1909, -290.7762, 4.5330), (175.2194, -286.3900, 4.5670), (178.0101, -283.6249, 4.5500), (179.3499, -282.3790, 4.5220), (190.0822, -273.4189, 4.4880), (191.4809, -272.2531, 4.4770), (212.1554, -253.3871, 4.3440), (212.7166, -252.8911, 4.3440), (241.0526, -230.7261, 4.1420), (242.0620, -229.9439, 4.1420), (273.0302, -204.4780, 3.8720), (290.1485, -190.6921, 3.8880), (290.5427, -190.3767, 3.8880)]
            int[] faceVertexCounts = [4, 4, 4, 4, 4, 4, 4, 4, 4, 4, 4, 4, 4, 4, 4, 4, 4, 4, 4, 4]
            int[] faceVertexIndices = [0, 1, 22, 21, 1, 2, 23, 22, 2, 3, 24, 23, 3, 4, 25, 24, 4, 5, 26, 25, 5, 6, 27, 26, 6, 7, 28, 27, 7, 8, 29, 28, 8, 9, 30, 29, 9, 10, 31, 30, 10, 11, 32, 31, 11, 12, 33, 32, 12, 13, 34, 33, 13, 14, 35, 34, 14, 15, 36, 35, 15, 16, 37, 36, 16, 17, 38, 37, 17, 18, 39, 38, 18, 19, 40, 39, 19, 20, 41, 40]
            uniform token subdivisionScheme = "none"
        }

        def Mesh "Road_221"
        {
            point3f[] points = [(56.2030, -488.5770, 4.9210), (36.9366, -474.2865, 4.7720), (36.0275, -473.6378, 4.8350), (22.7993, -464.7283, 4.8090), (14.2504, -459.6758, 4.8450), (14.0656, -459.5728, 4.8450), (-2.0449, -451.5788, 0.3000), (-2.8929, -451.1865, 0.3000), (-19.2870, -443.7758, 0.3000), (-19.6872, -443.5973, 0.3000), (58.2881, -485.7659, 4.9210), (39.0192, -471.4735, 4.7720), (37.9880, -470.7384, 4.8350), (24.6882, -461.7818, 4.8090), (16.0286, -456.6612, 4.8450), (15.6238, -456.4388, 4.8450), (-0.4936, -448.4414, 0.3000), (-1.4497, -447.9979, 0.3000), (-17.8457, -440.5863, 0.3000), (-18.2612, -440.4009, 0.3000)]
            int[] faceVertexCounts = [4, 4, 4, 4, 4, 4, 4, 4, 4]
            int[] faceVertexIndices = [0, 1, 11, 10, 1, 2, 12, 11, 2, 3, 13, 12, 3, 4, 14, 13, 4, 5, 15, 14, 5, 6, 16, 15, 6, 7, 17, 16, 7, 8, 18, 17, 8, 9, 19, 18]
            uniform token subdivisionScheme = "none"
        }

        def Mesh "Road_222"
        {
            point3f[] points = [(1182.4846, -221.5056, 6.3790), (1187.2965, -204.2979, 6.0330), (1191.1764, -190.9596, 5.8610), (1196.5424, -179.1906, 5.7780), (1201.8275, -169.5848, 5.7530), (1217.3111, -153.5452, 5.6130), (1227.6836, -147.0804, 5.5450), (1237.0794, -143.0366, 5.5210), (1257.5200, -137.1750, 5.4660), (1282.3682, -130.5551, 5.3630), (1317.9990, -120.9874, 5.1660), (1185.8552, -222.4481, 6.3790), (1190.6630, -205.2553, 6.0330), (1194.4610, -192.1684, 5.8610), (1199.6771, -180.7474, 5.7780), (1204.5463, -171.7888, 5.7530), (1219.6104, -156.1839, 5.6130), (1229.3236, -150.1724, 5.5450), (1238.1798, -146.3591, 5.5210), (1258.4497, -140.5493, 5.4660), (1283.2731, -133.9361, 5.3630), (1318.9067, -124.3677, 5.1660)]
            int[] faceVertexCounts = [4, 4, 4, 4, 4, 4, 4, 4, 4, 4]
            int[] faceVertexIndices = [0, 1, 12, 11, 1, 2, 13, 12, 2, 3, 14, 13, 3, 4, 15, 14, 4, 5, 16, 15, 5, 6, 17, 16, 6, 7, 18, 17, 7, 8, 19, 18, 8, 9, 20, 19, 9, 10, 21, 20]
            uniform token subdivisionScheme = "none"
        }

        def Mesh "Road_223"
        {
            point3f[] points = [(1196.2788, -1969.3166, 0.3000), (1162.3361, -1986.5191, 0.3000), (1142.5408, -1996.1367, 0.3000), (1140.7909, -1997.0115, 0.3000), (1137.1285, -1998.7496, 0.3000), (1135.0646, -1999.5426, 0.3000), (1132.9497, -2000.0291, 0.3000), (1131.9606, -2000.1494, 0.3000), (1129.7691, -2000.1636, 0.3000), (1127.5250, -1999.8163, 0.3000), (1125.3897, -1999.1466, 0.3000), (1123.7051, -1998.3468, 0.3000), (1121.8427, -1997.1307, 0.3000), (1120.1740, -1995.6732, 0.3000), (1118.7106, -1994.0893, 0.3000), (1117.4214, -1992.4634, 0.3000), (1117.1790, -1992.1335, 0.3000), (1116.0185, -1990.4511, 0.3000), (1114.9131, -1988.6914, 0.3000), (1113.8608, -1986.8190, 0.3000), (1109.5938, -1977.7552, 0.3000), (1109.3774, -1977.2707, 0.3000), (1094.8448, -1946.5516, 0.3000), (1094.5647, -1945.9785, 0.3000), (1080.5845, -1917.2075, 0.3000), (1079.9545, -1915.8773, 0.3000), (1067.3394, -1888.6711, 0.3000), (1066.5406, -1886.9551, 0.3000), (1054.6728, -1861.6075, 0.3000), (1054.5372, -1861.3117, 0.3000), (1046.9406, -1845.0047, 0.3000), (1046.5711, -1844.2689, 0.3000), (1044.8252, -1840.6125, 0.3000), (1044.0373, -1838.5298, 0.3000), (1043.5820, -1836.4265, 0.3000), (1043.5109, -1835.8304, 0.3000), (1043.4694, -1833.6614, 5.1000), (1043.8105, -1831.3909, 5.1010), (1044.5103, -1829.2658, 5.0920), (1045.1572, -1827.9748, 5.0920), (1046.4341, -1826.1419, 5.0410), (1048.0026, -1824.5369, 5.0410), (1049.6758, -1823.1773, 5.0210), (1051.1590, -1822.1398, 5.0170), (1052.9179, -1821.0350, 4.9860), (1054.7582, -1819.9908, 4.9860), (1060.1728, -1817.3338, 4.9040), (1061.6839, -1816.6299, 4.9120), (1083.3749, -1806.3845, 4.7630), (1084.2167, -1805.9826, 4.7630), (1108.8668, -1794.2678, 4.8970), (1194.6966, -1966.1946, 0.3000), (1160.7732, -1983.3874, 0.3000), (1141.0084, -1992.9900, 0.3000), (1139.2687, -1993.8598, 0.3000), (1135.7073, -1995.5511, 0.3000), (1134.0432, -1996.1949, 0.3000), (1132.2636, -1996.5970, 0.3000), (1131.8249, -1996.6521, 0.3000), (1130.0229, -1996.6728, 0.3000), (1128.3206, -1996.4079, 0.3000), (1126.6435, -1995.8788, 0.3000), (1125.4384, -1995.3061, 0.3000), (1123.9564, -1994.3410, 0.3000), (1122.6158, -1993.1657, 0.3000), (1121.3705, -1991.8144, 0.3000), (1120.1759, -1990.3041, 0.3000), (1120.0520, -1990.1346, 0.3000), (1118.9414, -1988.5257, 0.3000), (1117.9202, -1986.9006, 0.3000), (1117.0091, -1985.2897, 0.3000), (1112.7620, -1976.2677, 0.3000), (1112.5417, -1975.7750, 0.3000), (1098.0082, -1945.0541, 0.3000), (1097.7127, -1944.4487, 0.3000), (1083.7332, -1915.6792, 0.3000), (1083.1292, -1914.4038, 0.3000), (1070.5145, -1887.1985, 0.3000), (1069.7105, -1885.4715, 0.3000), (1057.8428, -1860.1238, 0.3000), (1057.7100, -1859.8341, 0.3000), (1050.1113, -1843.5226, 0.3000), (1049.7243, -1842.7497, 0.3000), (1048.0238, -1839.1916, 0.3000), (1047.3943, -1837.5397, 0.3000), (1047.0132, -1835.7361, 0.3000), (1047.0087, -1835.7065, 0.3000), (1046.9623, -1833.8838, 5.1000), (1047.2147, -1832.2042, 5.1010), (1047.7709, -1830.5380, 5.0920), (1048.1307, -1829.8210, 5.0920), (1049.1311, -1828.3726, 5.0410), (1050.3585, -1827.1253, 5.0410), (1051.7902, -1825.9664, 5.0210), (1053.0870, -1825.0609, 5.0170), (1054.7138, -1824.0391, 4.9860), (1056.3473, -1823.1092, 4.9860), (1061.7007, -1820.4827, 4.9040), (1063.1776, -1819.7951, 4.9120), (1084.8702, -1809.5490, 4.7630), (1085.7192, -1809.1436, 4.7630), (1110.3691, -1797.4290, 4.8970)]
            int[] faceVertexCounts = [4, 4, 4, 4, 4, 4, 4, 4, 4, 4, 4, 4, 4, 4, 4, 4, 4, 4, 4, 4, 4, 4, 4, 4, 4, 4, 4, 4, 4, 4, 4, 4, 4, 4, 4, 4, 4, 4, 4, 4, 4, 4, 4, 4, 4, 4, 4, 4, 4, 4]
            int[] faceVertexIndices = [0, 1, 52, 51, 1, 2, 53, 52, 2, 3, 54, 53, 3, 4, 55, 54, 4, 5, 56, 55, 5, 6, 57, 56, 6, 7, 58, 57, 7, 8, 59, 58, 8, 9, 60, 59, 9, 10, 61, 60, 10, 11, 62, 61, 11, 12, 63, 62, 12, 13, 64, 63, 13, 14, 65, 64, 14, 15, 66, 65, 15, 16, 67, 66, 16, 17, 68, 67, 17, 18, 69, 68, 18, 19, 70, 69, 19, 20, 71, 70, 20, 21, 72, 71, 21, 22, 73, 72, 22, 23, 74, 73, 23, 24, 75, 74, 24, 25, 76, 75, 25, 26, 77, 76, 26, 27, 78, 77, 27, 28, 79, 78, 28, 29, 80, 79, 29, 30, 81, 80, 30, 31, 82, 81, 31, 32, 83, 82, 32, 33, 84, 83, 33, 34, 85, 84, 34, 35, 86, 85, 35, 36, 87, 86, 36, 37, 88, 87, 37, 38, 89, 88, 38, 39, 90, 89, 39, 40, 91, 90, 40, 41, 92, 91, 41, 42, 93, 92, 42, 43, 94, 93, 43, 44, 95, 94, 44, 45, 96, 95, 45, 46, 97, 96, 46, 47, 98, 97, 47, 48, 99, 98, 48, 49, 100, 99, 49, 50, 101, 100]
            uniform token subdivisionScheme = "none"
        }

        def Mesh "Road_224"
        {
            point3f[] points = [(2086.4988, -1144.5822, 6.3830), (2090.0101, -1142.7440, 6.2700), (2091.5856, -1141.7990, 6.2510), (2093.0453, -1140.6916, 6.1990), (2093.8924, -1139.9064, 6.1990), (2095.0695, -1138.5532, 6.1150), (2096.0003, -1137.1048, 6.0170), (2096.6706, -1135.5060, 5.9670), (2096.8760, -1134.6395, 5.9670), (2096.9859, -1132.9054, 5.9150), (2096.7962, -1131.1131, 5.8940), (2096.5709, -1129.8401, 5.8610), (2096.1639, -1127.9621, 5.7990), (2095.1602, -1124.1245, 5.7430), (2094.7977, -1122.8212, 5.7160), (2088.1223, -1147.6829, 6.3830), (2091.6939, -1145.8124, 6.2700), (2093.5464, -1144.6982, 6.2510), (2095.2703, -1143.3933, 6.1990), (2096.4330, -1142.3137, 6.1990), (2097.8722, -1140.6495, 6.1150), (2099.0976, -1138.7347, 6.0170), (2099.9766, -1136.6552, 5.9670), (2100.3475, -1135.0848, 5.9670), (2100.4851, -1132.8343, 5.9150), (2100.2657, -1130.6517, 5.8940), (2100.0029, -1129.1536, 5.8610), (2099.5621, -1127.1242, 5.7990), (2098.5428, -1123.2257, 5.7430), (2098.1697, -1121.8835, 5.7160)]
            int[] faceVertexCounts = [4, 4, 4, 4, 4, 4, 4, 4, 4, 4, 4, 4, 4, 4]
            int[] faceVertexIndices = [0, 1, 16, 15, 1, 2, 17, 16, 2, 3, 18, 17, 3, 4, 19, 18, 4, 5, 20, 19, 5, 6, 21, 20, 6, 7, 22, 21, 7, 8, 23, 22, 8, 9, 24, 23, 9, 10, 25, 24, 10, 11, 26, 25, 11, 12, 27, 26, 12, 13, 28, 27, 13, 14, 29, 28]
            uniform token subdivisionScheme = "none"
        }

        def Mesh "Road_225"
        {
            point3f[] points = [(2162.3559, -1113.8341, 0.3000), (2145.0689, -1084.9273, 9.7100), (2165.3598, -1112.0377, 0.3000), (2148.0727, -1083.1309, 9.7100)]
            int[] faceVertexCounts = [4]
            int[] faceVertexIndices = [0, 1, 3, 2]
            uniform token subdivisionScheme = "none"
        }

        def Mesh "Road_226"
        {
            point3f[] points = [(133.3818, -1197.8933, 5.7420), (134.6436, -1196.9069, 5.7700), (159.8698, -1177.2393, 5.8890), (160.3927, -1176.8342, 5.9010), (188.9017, -1154.8747, 5.8550), (135.5372, -1200.6508, 5.7420), (136.7957, -1199.6670, 5.7700), (162.0217, -1179.9997, 5.8890), (162.5287, -1179.6069, 5.9010), (191.0375, -1157.6474, 5.8550)]
            int[] faceVertexCounts = [4, 4, 4, 4]
            int[] faceVertexIndices = [0, 1, 6, 5, 1, 2, 7, 6, 2, 3, 8, 7, 3, 4, 9, 8]
            uniform token subdivisionScheme = "none"
        }

        def Mesh "Road_227"
        {
            point3f[] points = [(1169.9447, -347.4551, 6.3700), (1163.5001, -345.1079, 6.3330), (1171.1424, -344.1664, 6.3700), (1164.6978, -341.8193, 6.3330)]
            int[] faceVertexCounts = [4]
            int[] faceVertexIndices = [0, 1, 3, 2]
            uniform token subdivisionScheme = "none"
        }

        def Mesh "Road_228"
        {
            point3f[] points = [(-76.9985, -1423.6346, 0.3000), (-56.9279, -1421.7555, 0.3000), (-31.1052, -1418.9200, 0.3000), (-30.6144, -1418.8696, 0.3000), (-4.7341, -1416.4702, 0.3000), (-2.7835, -1416.2990, 0.3000), (23.0896, -1413.8647, 6.6060), (24.6564, -1413.6971, 6.5920), (54.4372, -1410.1938, 6.4890), (55.3590, -1410.0820, 6.4890), (83.1760, -1406.9891, 6.3880), (84.1322, -1406.8901, 6.3760), (102.0593, -1405.0848, 6.5230), (-76.6722, -1427.1193, 0.3000), (-56.5702, -1425.2371, 0.3000), (-30.7236, -1422.3991, 0.3000), (-30.2907, -1422.3545, 0.3000), (-4.4122, -1419.9554, 0.3000), (-2.4572, -1419.7838, 0.3000), (23.4200, -1417.3491, 6.6060), (25.0634, -1417.1734, 6.5920), (54.8465, -1413.6698, 6.4890), (55.7469, -1413.5604, 6.4890), (83.5619, -1410.4677, 6.3880), (84.4833, -1410.3724, 6.3760), (102.4100, -1408.5672, 6.5230)]
            int[] faceVertexCounts = [4, 4, 4, 4, 4, 4, 4, 4, 4, 4, 4, 4]
            int[] faceVertexIndices = [0, 1, 14, 13, 1, 2, 15, 14, 2, 3, 16, 15, 3, 4, 17, 16, 4, 5, 18, 17, 5, 6, 19, 18, 6, 7, 20, 19, 7, 8, 21, 20, 8, 9, 22, 21, 9, 10, 23, 22, 10, 11, 24, 23, 11, 12, 25, 24]
            uniform token subdivisionScheme = "none"
        }

        def Mesh "Road_229"
        {
            point3f[] points = [(1441.3857, -1354.8031, 8.9550), (1443.7710, -1350.3961, 9.1750), (1444.4637, -1356.4691, 8.9550), (1446.8490, -1352.0621, 9.1750)]
            int[] faceVertexCounts = [4]
            int[] faceVertexIndices = [0, 1, 3, 2]
            uniform token subdivisionScheme = "none"
        }

        def Mesh "Road_230"
        {
            point3f[] points = [(137.3991, -115.1312, 4.7290), (173.6173, -99.9728, 5.1860), (138.7504, -118.3598, 4.7290), (174.9686, -103.2014, 5.1860)]
            int[] faceVertexCounts = [4]
            int[] faceVertexIndices = [0, 1, 3, 2]
            uniform token subdivisionScheme = "none"
        }

        def Mesh "Road_231"
        {
            point3f[] points = [(458.6914, -273.6988, 5.1200), (471.7396, -272.5566, 5.0690), (472.9528, -272.4717, 5.0690), (509.1646, -271.1620, 4.9740), (543.1774, -270.9706, 5.1560), (544.0420, -270.9691, 5.1480), (572.0182, -270.4173, 5.2710), (573.9629, -270.3116, 5.2750), (589.8416, -268.9442, 5.2980), (603.6051, -266.9477, 5.2260), (611.3964, -265.4299, 5.1980), (612.5354, -265.1840, 5.1890), (626.0523, -261.8141, 5.1160), (648.9563, -254.8030, 5.1350), (650.5813, -254.2818, 5.1730), (458.9966, -277.1855, 5.1200), (472.0401, -276.0437, 5.0690), (473.0830, -275.9693, 5.0690), (509.2394, -274.6612, 4.9740), (543.1967, -274.4705, 5.1560), (544.1091, -274.4684, 5.1480), (572.0955, -273.9164, 5.2710), (574.2507, -273.7998, 5.2750), (590.2364, -272.4219, 5.2980), (604.1682, -270.4021, 5.2260), (612.0749, -268.8635, 5.1980), (613.3736, -268.5822, 5.1890), (627.0116, -265.1801, 5.1160), (649.9837, -258.1488, 5.1350), (651.6500, -257.6146, 5.1730)]
            int[] faceVertexCounts = [4, 4, 4, 4, 4, 4, 4, 4, 4, 4, 4, 4, 4, 4]
            int[] faceVertexIndices = [0, 1, 16, 15, 1, 2, 17, 16, 2, 3, 18, 17, 3, 4, 19, 18, 4, 5, 20, 19, 5, 6, 21, 20, 6, 7, 22, 21, 7, 8, 23, 22, 8, 9, 24, 23, 9, 10, 25, 24, 10, 11, 26, 25, 11, 12, 27, 26, 12, 13, 28, 27, 13, 14, 29, 28]
            uniform token subdivisionScheme = "none"
        }

        def Mesh "Road_232"
        {
            point3f[] points = [(390.3049, -285.9091, 5.4600), (393.3237, -285.1485, 5.4880), (393.6906, -285.0631, 5.5230), (398.1666, -284.0313, 5.5490), (391.1601, -289.3030, 5.4600), (394.1725, -288.5440, 5.4880), (394.4771, -288.4736, 5.5230), (398.9528, -287.4418, 5.5490)]
            int[] faceVertexCounts = [4, 4, 4]
            int[] faceVertexIndices = [0, 1, 5, 4, 1, 2, 6, 5, 2, 3, 7, 6]
            uniform token subdivisionScheme = "none"
        }

        def Mesh "Road_233"
        {
            point3f[] points = [(885.9883, -1373.7059, 5.1990), (920.5387, -1357.6038, 5.3240), (921.5605, -1357.1321, 5.3100), (961.6136, -1338.9604, 5.1970), (887.4668, -1376.8783, 5.1990), (922.0169, -1360.7763, 5.3240), (923.0070, -1360.3191, 5.3100), (963.0596, -1342.1477, 5.1970)]
            int[] faceVertexCounts = [4, 4, 4]
            int[] faceVertexIndices = [0, 1, 5, 4, 1, 2, 6, 5, 2, 3, 7, 6]
            uniform token subdivisionScheme = "none"
        }

        def Mesh "Road_234"
        {
            point3f[] points = [(188.8314, -1154.9318, 5.8550), (207.9235, -1138.5841, 5.9970), (191.1078, -1157.5903, 5.8550), (210.1999, -1141.2426, 5.9970)]
            int[] faceVertexCounts = [4]
            int[] faceVertexIndices = [0, 1, 3, 2]
            uniform token subdivisionScheme = "none"
        }

        def Mesh "Road_235"
        {
            point3f[] points = [(1748.7531, -90.1847, 5.6320), (1744.3263, -55.9165, 5.3280), (1741.3265, -42.3683, 5.1620), (1740.8798, -40.5829, 5.1620), (1735.9451, -23.3499, 4.9700), (1726.8103, 3.0653, 0.3000), (1726.2706, 4.5599, 0.3000), (1713.4998, 38.1803, 0.3000), (1709.5529, 47.2926, 0.3000), (1709.1184, 48.2579, 0.3000), (1696.8435, 73.4074, 0.3000), (1696.5855, 73.9212, 0.3000), (1679.9669, 105.8285, 0.3000), (1677.9856, 109.3063, 0.3000), (1666.2626, 127.8754, 0.3000), (1662.9059, 132.7817, 0.3000), (1662.2785, 133.6825, 0.3000), (1643.4253, 159.5200, 0.3000), (1642.8299, 160.3206, 0.3000), (1625.8182, 182.5358, 0.3000), (1624.4954, 184.1464, 0.3000), (1603.1338, 207.9373, 0.3000), (1601.8162, 209.3453, 0.3000), (1576.8432, 235.2496, 0.3000), (1576.6201, 235.4698, 0.3000), (1548.5940, 261.0975, 0.3000), (1547.4675, 262.0855, 0.3000), (1520.5643, 285.9863, 0.3000), (1519.2934, 287.1526, 0.3000), (1519.1889, 287.2488, 0.3000), (1496.0822, 309.3679, 0.3000), (1495.3456, 310.0865, 0.3000), (1752.2243, -89.7363, 5.6320), (1747.7848, -55.3791, 5.3280), (1744.7413, -41.6011, 5.1620), (1744.2476, -39.6302, 5.1620), (1739.2763, -22.2762, 4.9700), (1730.1172, 4.2116, 0.3000), (1729.5434, 5.8004, 0.3000), (1716.7593, 39.4555, 0.3000), (1712.7626, 48.6882, 0.3000), (1712.2656, 49.7893, 0.3000), (1699.9885, 74.9433, 0.3000), (1699.6900, 75.5372, 0.3000), (1683.0648, 107.4574, 0.3000), (1680.9585, 111.1536, 0.3000), (1669.2073, 129.7670, 0.3000), (1665.7920, 134.7617, 0.3000), (1665.1074, 135.7434, 0.3000), (1646.2521, 161.5839, 0.3000), (1645.6098, 162.4471, 0.3000), (1628.5916, 184.6707, 0.3000), (1627.1062, 186.4774, 0.3000), (1605.7353, 210.2787, 0.3000), (1604.3379, 211.7725, 0.3000), (1579.3622, 237.6795, 0.3000), (1578.9830, 238.0517, 0.3000), (1550.9538, 263.6823, 0.3000), (1549.7914, 264.7027, 0.3000), (1522.8908, 288.6012, 0.3000), (1521.6599, 289.7312, 0.3000), (1521.6090, 289.7773, 0.3000), (1498.5032, 311.8955, 0.3000), (1497.7897, 312.5917, 0.3000)]
            int[] faceVertexCounts = [4, 4, 4, 4, 4, 4, 4, 4, 4, 4, 4, 4, 4, 4, 4, 4, 4, 4, 4, 4, 4, 4, 4, 4, 4, 4, 4, 4, 4, 4, 4]
            int[] faceVertexIndices = [0, 1, 33, 32, 1, 2, 34, 33, 2, 3, 35, 34, 3, 4, 36, 35, 4, 5, 37, 36, 5, 6, 38, 37, 6, 7, 39, 38, 7, 8, 40, 39, 8, 9, 41, 40, 9, 10, 42, 41, 10, 11, 43, 42, 11, 12, 44, 43, 12, 13, 45, 44, 13, 14, 46, 45, 14, 15, 47, 46, 15, 16, 48, 47, 16, 17, 49, 48, 17, 18, 50, 49, 18, 19, 51, 50, 19, 20, 52, 51, 20, 21, 53, 52, 21, 22, 54, 53, 22, 23, 55, 54, 23, 24, 56, 55, 24, 25, 57, 56, 25, 26, 58, 57, 26, 27, 59, 58, 27, 28, 60, 59, 28, 29, 61, 60, 29, 30, 62, 61, 30, 31, 63, 62]
            uniform token subdivisionScheme = "none"
        }

        def Mesh "Road_236"
        {
            point3f[] points = [(719.1625, -364.0663, 7.1440), (714.6428, -360.1616, 6.9260), (713.1863, -359.0402, 6.8790), (711.6361, -358.0751, 6.8300), (710.6462, -357.6103, 6.7200), (708.9617, -357.1021, 6.6780), (707.2189, -356.8603, 6.6300), (705.3972, -356.8254, 6.5490), (703.5094, -356.9454, 6.4850), (702.5440, -357.0633, 6.4850), (700.6473, -357.3817, 6.4460), (698.8013, -357.7952, 6.4170), (694.9836, -358.8570, 6.3690), (693.6416, -359.2532, 6.3480), (692.0823, -359.7083, 6.3410), (721.4505, -361.4177, 7.1440), (716.8931, -357.4809, 6.9260), (715.1809, -356.1641, 6.8790), (713.3391, -355.0174, 6.8300), (711.8493, -354.3236, 6.7200), (709.7098, -353.6829, 6.6780), (707.4968, -353.3714, 6.6300), (705.3222, -353.3262, 6.5490), (703.2179, -353.4576, 6.4850), (702.0194, -353.6028, 6.4850), (699.9741, -353.9471, 6.4460), (697.9207, -354.4078, 6.4170), (694.0320, -355.4888, 6.3690), (692.6562, -355.8948, 6.3480), (691.1017, -356.3484, 6.3410)]
            int[] faceVertexCounts = [4, 4, 4, 4, 4, 4, 4, 4, 4, 4, 4, 4, 4, 4]
            int[] faceVertexIndices = [0, 1, 16, 15, 1, 2, 17, 16, 2, 3, 18, 17, 3, 4, 19, 18, 4, 5, 20, 19, 5, 6, 21, 20, 6, 7, 22, 21, 7, 8, 23, 22, 8, 9, 24, 23, 9, 10, 25, 24, 10, 11, 26, 25, 11, 12, 27, 26, 12, 13, 28, 27, 13, 14, 29, 28]
            uniform token subdivisionScheme = "none"
        }

        def Mesh "Road_237"
        {
            point3f[] points = [(1109.5831, -251.9488, 6.3340), (1112.2582, -241.4767, 6.3920), (1112.9742, -252.8150, 6.3340), (1115.6493, -242.3429, 6.3920)]
            int[] faceVertexCounts = [4]
            int[] faceVertexIndices = [0, 1, 3, 2]
            uniform token subdivisionScheme = "none"
        }

        def Mesh "Road_238"
        {
            point3f[] points = [(1693.8157, -739.6020, 7.2480), (1421.6217, -621.8392, 6.9660), (1695.2055, -736.3897, 7.2480), (1423.0114, -618.6269, 6.9660)]
            int[] faceVertexCounts = [4]
            int[] faceVertexIndices = [0, 1, 3, 2]
            uniform token subdivisionScheme = "none"
        }

        def Mesh "Road_239"
        {
            point3f[] points = [(638.8221, -1534.6708, 5.0900), (619.2541, -1493.0616, 5.3180), (618.9504, -1492.4047, 5.3180), (610.5128, -1474.2831, 5.3570), (610.0360, -1473.2846, 5.3500), (602.9920, -1458.9280, 5.3730), (602.3450, -1457.6283, 5.3730), (641.9893, -1533.1814, 5.0900), (622.4215, -1491.5724, 5.3180), (622.1235, -1490.9277, 5.3180), (613.6849, -1472.8041, 5.3570), (613.1792, -1471.7451, 5.3500), (606.1334, -1457.3848, 5.3730), (605.4783, -1456.0687, 5.3730)]
            int[] faceVertexCounts = [4, 4, 4, 4, 4, 4]
            int[] faceVertexIndices = [0, 1, 8, 7, 1, 2, 9, 8, 2, 3, 10, 9, 3, 4, 11, 10, 4, 5, 12, 11, 5, 6, 13, 12]
            uniform token subdivisionScheme = "none"
        }

        def Mesh "Road_240"
        {
            point3f[] points = [(852.3322, -1101.5102, 5.5230), (859.9812, -1096.3217, 5.4590), (854.2970, -1104.4067, 5.5230), (861.9460, -1099.2182, 5.4590)]
            int[] faceVertexCounts = [4]
            int[] faceVertexIndices = [0, 1, 3, 2]
            uniform token subdivisionScheme = "none"
        }

        def Mesh "Road_241"
        {
            point3f[] points = [(193.1522, -822.9378, 6.4810), (187.7623, -811.7117, 6.3220), (196.3074, -821.4230, 6.4810), (190.9174, -810.1969, 6.3220)]
            int[] faceVertexCounts = [4]
            int[] faceVertexIndices = [0, 1, 3, 2]
            uniform token subdivisionScheme = "none"
        }

        def Mesh "Road_242"
        {
            point3f[] points = [(906.7610, -781.6102, 7.2790), (964.7039, -779.6632, 7.5280), (966.0935, -779.6097, 7.5490), (1000.0484, -778.1651, 7.5220), (1000.8401, -778.1309, 7.5220), (906.8786, -785.1082, 7.2790), (964.8218, -783.1612, 7.5280), (966.2417, -783.1065, 7.5490), (1000.1973, -781.6619, 7.5220), (1000.9912, -781.6276, 7.5220)]
            int[] faceVertexCounts = [4, 4, 4, 4]
            int[] faceVertexIndices = [0, 1, 6, 5, 1, 2, 7, 6, 2, 3, 8, 7, 3, 4, 9, 8]
            uniform token subdivisionScheme = "none"
        }

        def Mesh "Road_243"
        {
            point3f[] points = [(351.0548, -297.9469, 5.5350), (350.8061, -297.2307, 5.5350), (348.2701, -289.6331, 5.4690), (347.6808, -287.6575, 5.5410), (342.5920, -268.3217, 5.6700), (342.2304, -267.0546, 5.6700), (341.6743, -265.1868, 5.6940), (339.7923, -259.5487, 5.7800), (338.3586, -255.9348, 5.8730), (336.7053, -252.3807, 6.0550), (335.7217, -250.4965, 6.2050), (333.7703, -247.1205, 6.3630), (328.2913, -238.7996, 6.2750), (327.7318, -237.9770, 6.2750), (317.3502, -223.2876, 5.0830), (317.1688, -223.0516, 4.9900), (313.4911, -218.3901, 4.7140), (303.0487, -206.3112, 4.0900), (301.7451, -204.8684, 4.0890), (288.1654, -190.1990, 3.8880), (354.3609, -296.7982, 5.5350), (354.1249, -296.1191, 5.5350), (351.5970, -288.5460, 5.4690), (351.0629, -286.7568, 5.5410), (345.9756, -267.4265, 5.6700), (345.5894, -266.0712, 5.6700), (345.0031, -264.1055, 5.6940), (343.0868, -258.3671, 5.7800), (341.5734, -254.5510, 5.8730), (339.8543, -250.8531, 6.0550), (338.7781, -248.7912, 6.2050), (336.7250, -245.2443, 6.3630), (331.2118, -236.8707, 6.2750), (330.5920, -235.9598, 6.2750), (320.2069, -221.2653, 5.0830), (319.9184, -220.8859, 4.9900), (316.1666, -216.1336, 4.7140), (305.6909, -204.0158, 4.0900), (304.3161, -202.4937, 4.0890), (290.7338, -187.8214, 3.8880)]
            int[] faceVertexCounts = [4, 4, 4, 4, 4, 4, 4, 4, 4, 4, 4, 4, 4, 4, 4, 4, 4, 4, 4]
            int[] faceVertexIndices = [0, 1, 21, 20, 1, 2, 22, 21, 2, 3, 23, 22, 3, 4, 24, 23, 4, 5, 25, 24, 5, 6, 26, 25, 6, 7, 27, 26, 7, 8, 28, 27, 8, 9, 29, 28, 9, 10, 30, 29, 10, 11, 31, 30, 11, 12, 32, 31, 12, 13, 33, 32, 13, 14, 34, 33, 14, 15, 35, 34, 15, 16, 36, 35, 16, 17, 37, 36, 17, 18, 38, 37, 18, 19, 39, 38]
            uniform token subdivisionScheme = "none"
        }

        def Mesh "Road_244"
        {
            point3f[] points = [(342.6494, -1558.4728, 6.3200), (336.5310, -1541.4709, 6.2600), (334.0135, -1531.2578, 6.2480), (332.0735, -1520.2895, 6.1500), (331.4340, -1507.1583, 6.0280), (330.4588, -1492.8058, 6.0780), (330.6501, -1484.4710, 6.1920), (345.9425, -1557.2875, 6.3200), (339.8668, -1540.4114, 6.2600), (337.4385, -1530.5370, 6.2480), (335.5537, -1519.9180, 6.1500), (334.9280, -1506.9533, 6.0280), (333.9567, -1492.6846, 6.0780), (334.1491, -1484.5525, 6.1920)]
            int[] faceVertexCounts = [4, 4, 4, 4, 4, 4]
            int[] faceVertexIndices = [0, 1, 8, 7, 1, 2, 9, 8, 2, 3, 10, 9, 3, 4, 11, 10, 4, 5, 12, 11, 5, 6, 13, 12]
            uniform token subdivisionScheme = "none"
        }

        def Mesh "Road_245"
        {
            point3f[] points = [(650.5098, -254.3064, 5.1730), (657.9731, -251.5522, 5.1820), (651.7215, -257.5900, 5.1730), (659.1848, -254.8357, 5.1820)]
            int[] faceVertexCounts = [4]
            int[] faceVertexIndices = [0, 1, 3, 2]
            uniform token subdivisionScheme = "none"
        }

        def Mesh "Road_246"
        {
            point3f[] points = [(1040.8081, -676.6352, 7.0240), (1035.6254, -670.5433, 6.9790), (1035.2705, -670.1169, 6.9790), (1021.3790, -653.0778, 6.9970), (1020.0994, -651.6287, 6.9860), (1019.8750, -651.3764, 7.0090), (1012.9112, -644.3070, 7.0620), (996.6523, -629.5504, 7.1730), (995.3169, -628.3843, 7.1490), (968.2279, -604.6980, 7.3110), (966.9409, -603.6089, 7.3300), (941.8718, -583.4000, 7.3300), (924.9126, -570.0560, 7.4690), (1043.4739, -674.3673, 7.0240), (1038.2927, -668.2771, 6.9790), (1037.9827, -667.9047, 6.9790), (1024.0845, -650.8574, 6.9970), (1022.7206, -649.3094, 6.9860), (1022.3728, -648.9247, 7.0090), (1015.3083, -641.7567, 7.0620), (999.0008, -626.9554, 7.1730), (997.6207, -625.7494, 7.1490), (970.5298, -602.0614, 7.3110), (969.1408, -600.8867, 7.3300), (944.0555, -580.6647, 7.3300), (927.0768, -567.3054, 7.4690)]
            int[] faceVertexCounts = [4, 4, 4, 4, 4, 4, 4, 4, 4, 4, 4, 4]
            int[] faceVertexIndices = [0, 1, 14, 13, 1, 2, 15, 14, 2, 3, 16, 15, 3, 4, 17, 16, 4, 5, 18, 17, 5, 6, 19, 18, 6, 7, 20, 19, 7, 8, 21, 20, 8, 9, 22, 21, 9, 10, 23, 22, 10, 11, 24, 23, 11, 12, 25, 24]
            uniform token subdivisionScheme = "none"
        }

        def Mesh "Road_247"
        {
            point3f[] points = [(1242.3120, -1163.9252, 8.8330), (1244.7975, -1148.8070, 8.0540), (1246.7221, -1137.3738, 7.3900), (1248.2609, -1125.7549, 6.9070), (1251.1588, -1102.7397, 6.5690), (1253.6520, -1085.0856, 6.5950), (1258.1437, -1054.9778, 7.0630), (1245.7657, -1164.4930, 8.8330), (1248.2502, -1149.3805, 8.0540), (1250.1832, -1137.8938, 7.3900), (1251.7325, -1126.1996, 6.9070), (1254.6285, -1103.1996, 6.5690), (1257.1152, -1085.5921, 6.5950), (1261.6053, -1055.4943, 7.0630)]
            int[] faceVertexCounts = [4, 4, 4, 4, 4, 4]
            int[] faceVertexIndices = [0, 1, 8, 7, 1, 2, 9, 8, 2, 3, 10, 9, 3, 4, 11, 10, 4, 5, 12, 11, 5, 6, 13, 12]
            uniform token subdivisionScheme = "none"
        }

        def Mesh "Road_248"
        {
            point3f[] points = [(960.7539, -1341.3008, 5.1970), (960.3353, -1340.4137, 5.1970), (940.7062, -1298.8325, 5.1450), (937.0317, -1291.0061, 5.1370), (963.9193, -1339.8073, 5.1970), (963.5004, -1338.9196, 5.1970), (943.8718, -1297.3394, 5.1450), (940.1999, -1289.5186, 5.1370)]
            int[] faceVertexCounts = [4, 4, 4]
            int[] faceVertexIndices = [0, 1, 5, 4, 1, 2, 6, 5, 2, 3, 7, 6]
            uniform token subdivisionScheme = "none"
        }

        def Mesh "Road_249"
        {
            point3f[] points = [(1444.2715, -1352.6376, 9.1750), (1431.9329, -1343.5404, 9.8660), (1430.8279, -1342.7237, 9.8660), (1413.3200, -1329.3534, 10.6350), (1404.1887, -1321.4538, 10.9160), (1402.0660, -1319.4788, 10.9790), (1400.8734, -1318.2324, 10.9790), (1387.2788, -1303.5249, 11.0070), (1380.9079, -1295.7211, 10.9060), (1379.9081, -1294.4076, 10.8780), (1378.6847, -1292.7577, 10.8160), (1374.1017, -1286.1370, 10.7160), (1369.8426, -1279.2544, 10.5920), (1365.0297, -1270.4379, 10.4940), (1364.2680, -1268.9208, 10.4410), (1359.2453, -1257.9510, 10.2850), (1352.7503, -1241.1259, 9.8710), (1352.3955, -1240.1258, 9.8710), (1347.4078, -1224.8877, 9.4410), (1344.8381, -1215.1585, 9.1920), (1344.5463, -1213.8975, 9.1340), (1343.6889, -1209.9321, 9.0640), (1340.8870, -1194.1653, 8.5890), (1340.6409, -1192.2316, 8.5210), (1339.9441, -1186.2642, 8.4030), (1339.8091, -1184.9053, 8.4200), (1339.4519, -1180.9179, 8.2870), (1446.3485, -1349.8205, 9.1750), (1434.0102, -1340.7235, 9.8660), (1432.9495, -1339.9400, 9.8660), (1415.5037, -1326.6182, 10.6350), (1406.4970, -1318.8229, 10.9160), (1404.5050, -1316.9685, 10.9790), (1403.4405, -1315.8534, 10.9790), (1389.8972, -1301.2024, 11.0070), (1383.6299, -1293.5208, 10.9060), (1382.7080, -1292.3074, 10.8780), (1381.5492, -1290.7467, 10.8160), (1377.0296, -1284.2193, 10.7160), (1372.8732, -1277.5036, 10.5920), (1368.1097, -1268.7755, 10.4940), (1367.4440, -1267.4500, 10.4410), (1362.4787, -1256.6112, 10.2850), (1356.0172, -1239.8702, 9.8710), (1355.7203, -1239.0323, 9.8710), (1350.7576, -1223.8736, 9.4410), (1348.2252, -1214.2766, 9.1920), (1347.9647, -1213.1460, 9.1340), (1347.1303, -1209.2941, 9.0640), (1344.3361, -1193.5709, 8.5890), (1344.1163, -1191.8179, 8.5210), (1343.4217, -1185.8691, 8.4030), (1343.2943, -1184.5847, 8.4200), (1342.9379, -1180.6056, 8.2870)]
            int[] faceVertexCounts = [4, 4, 4, 4, 4, 4, 4, 4, 4, 4, 4, 4, 4, 4, 4, 4, 4, 4, 4, 4, 4, 4, 4, 4, 4, 4]
            int[] faceVertexIndices = [0, 1, 28, 27, 1, 2, 29, 28, 2, 3, 30, 29, 3, 4, 31, 30, 4, 5, 32, 31, 5, 6, 33, 32, 6, 7, 34, 33, 7, 8, 35, 34, 8, 9, 36, 35, 9, 10, 37, 36, 10, 11, 38, 37, 11, 12, 39, 38, 12, 13, 40, 39, 13, 14, 41, 40, 14, 15, 42, 41, 15, 16, 43, 42, 16, 17, 44, 43, 17, 18, 45, 44, 18, 19, 46, 45, 19, 20, 47, 46, 20, 21, 48, 47, 21, 22, 49, 48, 22, 23, 50, 49, 23, 24, 51, 50, 24, 25, 52, 51, 25, 26, 53, 52]
            uniform token subdivisionScheme = "none"
        }

        def Mesh "Road_250"
        {
            point3f[] points = [(1075.4523, -1191.6758, 6.3720), (1075.3048, -1192.4061, 6.3720), (1077.1284, -1178.6522, 6.2670), (1096.2873, -1025.4509, 6.8200), (1077.4968, -1194.5167, 6.3720), (1078.7565, -1192.9860, 6.3720), (1080.6011, -1179.0886, 6.2670), (1099.7603, -1025.8852, 6.8200)]
            int[] faceVertexCounts = [4, 4, 4]
            int[] faceVertexIndices = [0, 1, 5, 4, 1, 2, 6, 5, 2, 3, 7, 6]
            uniform token subdivisionScheme = "none"
        }

        def Mesh "Road_251"
        {
            point3f[] points = [(357.5466, -13.8404, 4.1260), (368.0135, -5.8570, 4.1960), (359.6692, -16.6233, 4.1260), (370.1361, -8.6399, 4.1960)]
            int[] faceVertexCounts = [4]
            int[] faceVertexIndices = [0, 1, 3, 2]
            uniform token subdivisionScheme = "none"
        }

        def Mesh "Road_252"
        {
            point3f[] points = [(851.8700, -1125.7309, 5.5340), (851.3916, -1126.0324, 5.5340), (849.5756, -1126.9862, 5.5430), (848.9370, -1127.2544, 5.5430), (846.9806, -1127.8792, 5.5360), (846.3040, -1128.0312, 5.5360), (844.2697, -1128.3055, 5.5330), (843.5789, -1128.3386, 5.5160), (841.5263, -1128.2551, 5.5340), (840.8408, -1128.1678, 5.5340), (838.8332, -1127.7303, 5.4990), (838.1741, -1127.5235, 5.4990), (836.2747, -1126.7456, 5.4650), (835.6590, -1126.4276, 5.4650), (833.9246, -1125.3308, 5.4990), (833.3736, -1124.9115, 5.4990), (831.8547, -1123.5290, 5.5160), (831.3858, -1123.0194, 5.5160), (830.1304, -1121.3958, 5.4980), (829.7575, -1120.8139, 5.4980), (828.8028, -1118.9966, 5.5120), (828.5353, -1118.3580, 5.5120), (827.9195, -1116.4287, 5.5230), (849.9812, -1122.7843, 5.5340), (849.7159, -1122.9596, 5.5340), (847.9964, -1123.8627, 5.5430), (847.8186, -1123.9379, 5.5430), (845.9693, -1124.5284, 5.5360), (845.7818, -1124.5704, 5.5360), (843.8559, -1124.8300, 5.5330), (843.6648, -1124.8396, 5.5160), (841.7227, -1124.7606, 5.5340), (841.5313, -1124.7366, 5.5340), (839.6342, -1124.3232, 5.4990), (839.4513, -1124.2649, 5.4990), (837.6527, -1123.5283, 5.4650), (837.4828, -1123.4404, 5.4650), (835.8413, -1122.4023, 5.4990), (835.6878, -1122.2858, 5.4990), (834.2522, -1120.9791, 5.5160), (834.1213, -1120.8361, 5.5160), (832.9333, -1119.2996, 5.4980), (832.8304, -1119.1383, 5.4980), (831.9265, -1117.4177, 5.5120), (831.8524, -1117.2411, 5.5120), (831.2539, -1115.3648, 5.5230)]
            int[] faceVertexCounts = [4, 4, 4, 4, 4, 4, 4, 4, 4, 4, 4, 4, 4, 4, 4, 4, 4, 4, 4, 4, 4, 4]
            int[] faceVertexIndices = [0, 1, 24, 23, 1, 2, 25, 24, 2, 3, 26, 25, 3, 4, 27, 26, 4, 5, 28, 27, 5, 6, 29, 28, 6, 7, 30, 29, 7, 8, 31, 30, 8, 9, 32, 31, 9, 10, 33, 32, 10, 11, 34, 33, 11, 12, 35, 34, 12, 13, 36, 35, 13, 14, 37, 36, 14, 15, 38, 37, 15, 16, 39, 38, 16, 17, 40, 39, 17, 18, 41, 40, 18, 19, 42, 41, 19, 20, 43, 42, 20, 21, 44, 43, 21, 22, 45, 44]
            uniform token subdivisionScheme = "none"
        }

        def Mesh "Road_253"
        {
            point3f[] points = [(1771.8146, -221.4729, 7.1690), (1770.6769, -220.0318, 7.1430), (1767.0630, -215.1919, 7.1180), (1765.9084, -213.3909, 7.0240), (1764.8768, -211.5737, 7.0540), (1764.0216, -209.8622, 7.0500), (1763.1863, -207.9589, 6.9640), (1762.4381, -206.0271, 6.9980), (1761.7536, -204.0340, 6.8520), (1758.9943, -194.4130, 6.8280), (1758.6320, -193.2106, 6.8280), (1758.0519, -191.3647, 6.8180), (1752.0521, -174.4093, 6.5470), (1751.5446, -172.9608, 6.4020), (1749.6124, -167.2180, 6.2870), (1743.4521, -146.0927, 6.0510), (1743.2259, -145.2258, 6.0510), (1738.6400, -125.7644, 5.9430), (1738.3962, -124.5905, 5.9430), (1734.6748, -106.9870, 5.7100), (1734.5918, -106.6244, 5.7100), (1734.1535, -104.7299, 5.6940), (1726.9499, -77.6915, 5.2910), (1726.6447, -76.6045, 5.2910), (1723.2618, -65.1302, 5.1280), (1721.2959, -59.5427, 4.9960), (1720.6627, -57.9109, 4.9980), (1719.9324, -56.1147, 4.9930), (1716.6764, -48.8339, 4.8590), (1715.9535, -47.3188, 4.8460), (1713.2708, -42.0012, 4.6870), (1711.3396, -38.5728, 4.6400), (1710.5202, -37.2179, 4.6400), (1708.3917, -33.9152, 4.6200), (1702.6246, -25.7801, 4.5050), (1702.1309, -25.0957, 4.5050), (1694.8674, -15.5810, 4.3980), (1693.6319, -14.2008, 4.3660), (1692.2916, -12.8017, 4.4040), (1690.8925, -11.4416, 4.3160), (1690.1738, -10.7803, 4.2880), (1688.6949, -9.4703, 4.2880), (1686.4093, -7.4930, 4.2440), (1686.0748, -7.2083, 4.2170), (1681.4749, -3.4433, 4.1190), (1673.4855, 2.5008, 0.3000), (1672.5919, 3.1220, 0.3000), (1670.9918, 4.2166, 0.3000), (1660.9106, 10.5836, 0.3000), (1645.2046, 19.2701, 0.3000), (1644.5380, 19.6173, 0.3000), (1626.5652, 28.3523, 0.3000), (1625.8629, 28.6612, 0.3000), (1609.3654, 35.8412, 0.3000), (1774.5613, -219.3036, 7.1690), (1773.4681, -217.9201, 7.1430), (1769.9047, -213.1487, 7.1180), (1768.9054, -211.5832, 7.0240), (1767.9632, -209.9232, 7.0540), (1767.1923, -208.3801, 7.0500), (1766.4215, -206.6234, 6.9640), (1765.7253, -204.8254, 6.9980), (1765.1095, -203.0399, 6.8520), (1762.3572, -193.4431, 6.8280), (1761.9756, -192.1759, 6.8280), (1761.3555, -190.2088, 6.8180), (1755.3519, -173.2425, 6.5470), (1754.8589, -171.8359, 6.4020), (1752.9637, -166.2087, 6.2870), (1746.8131, -145.1163, 6.0510), (1746.6319, -144.4200, 6.0510), (1742.0479, -124.9667, 5.9430), (1741.8207, -123.8675, 5.9430), (1738.0989, -106.2619, 5.7100), (1738.0018, -105.8359, 5.7100), (1737.5375, -103.8362, 5.6940), (1730.3315, -76.7887, 5.2910), (1730.0030, -75.6185, 5.2910), (1726.6015, -64.0829, 5.1280), (1724.5891, -58.3574, 4.9960), (1723.9149, -56.6172, 4.9980), (1723.1371, -54.7076, 4.9930), (1719.8651, -47.3910, 4.8590), (1719.0861, -45.7578, 4.8460), (1716.3663, -40.3679, 4.6870), (1714.3736, -36.8279, 4.6400), (1713.4777, -35.3462, 4.6400), (1711.2722, -31.9271, 4.6200), (1705.4784, -23.7539, 4.5050), (1704.9169, -22.9771, 4.5050), (1697.6262, -13.4271, 4.3980), (1696.2021, -11.8250, 4.3660), (1694.7757, -10.3360, 4.4040), (1693.3089, -8.9096, 4.3160), (1692.5115, -8.1754, 4.2880), (1690.9971, -6.8341, 4.2880), (1688.6962, -4.8434, 4.2440), (1688.2951, -4.5027, 4.2170), (1683.6124, -0.6718, 4.1190), (1675.5657, 5.3156, 0.3000), (1674.5759, 6.0054, 0.3000), (1672.8758, 7.1663, 0.3000), (1662.6752, 13.6062, 0.3000), (1646.8952, 22.3347, 0.3000), (1646.0715, 22.7635, 0.3000), (1628.0905, 31.5025, 0.3000), (1627.2603, 31.8701, 0.3000), (1610.7621, 39.0505, 0.3000)]
            int[] faceVertexCounts = [4, 4, 4, 4, 4, 4, 4, 4, 4, 4, 4, 4, 4, 4, 4, 4, 4, 4, 4, 4, 4, 4, 4, 4, 4, 4, 4, 4, 4, 4, 4, 4, 4, 4, 4, 4, 4, 4, 4, 4, 4, 4, 4, 4, 4, 4, 4, 4, 4, 4, 4, 4, 4]
            int[] faceVertexIndices = [0, 1, 55, 54, 1, 2, 56, 55, 2, 3, 57, 56, 3, 4, 58, 57, 4, 5, 59, 58, 5, 6, 60, 59, 6, 7, 61, 60, 7, 8, 62, 61, 8, 9, 63, 62, 9, 10, 64, 63, 10, 11, 65, 64, 11, 12, 66, 65, 12, 13, 67, 66, 13, 14, 68, 67, 14, 15, 69, 68, 15, 16, 70, 69, 16, 17, 71, 70, 17, 18, 72, 71, 18, 19, 73, 72, 19, 20, 74, 73, 20, 21, 75, 74, 21, 22, 76, 75, 22, 23, 77, 76, 23, 24, 78, 77, 24, 25, 79, 78, 25, 26, 80, 79, 26, 27, 81, 80, 27, 28, 82, 81, 28, 29, 83, 82, 29, 30, 84, 83, 30, 31, 85, 84, 31, 32, 86, 85, 32, 33, 87, 86, 33, 34, 88, 87, 34, 35, 89, 88, 35, 36, 90, 89, 36, 37, 91, 90, 37, 38, 92, 91, 38, 39, 93, 92, 39, 40, 94, 93, 40, 41, 95, 94, 41, 42, 96, 95, 42, 43, 97, 96, 43, 44, 98, 97, 44, 45, 99, 98, 45, 46, 100, 99, 46, 47, 101, 100, 47, 48, 102, 101, 48, 49, 103, 102, 49, 50, 104, 103, 50, 51, 105, 104, 51, 52, 106, 105, 52, 53, 107, 106]
            uniform token subdivisionScheme = "none"
        }

        def Mesh "Road_254"
        {
            point3f[] points = [(1824.2029, -364.0321, 8.0100), (1809.2490, -318.5129, 7.6030), (1827.5281, -362.9398, 8.0100), (1812.5742, -317.4205, 7.6030)]
            int[] faceVertexCounts = [4]
            int[] faceVertexIndices = [0, 1, 3, 2]
            uniform token subdivisionScheme = "none"
        }

        def Mesh "Road_255"
        {
            point3f[] points = [(1063.1279, -1754.5816, 4.8770), (1045.2326, -1717.5136, 4.8890), (1044.5525, -1716.0853, 4.8890), (1043.9751, -1714.8699, 4.8740), (1066.2798, -1753.0599, 4.8770), (1048.3848, -1715.9925, 4.8890), (1047.7131, -1714.5819, 4.8890), (1047.1366, -1713.3682, 4.8740)]
            int[] faceVertexCounts = [4, 4, 4]
            int[] faceVertexIndices = [0, 1, 5, 4, 1, 2, 6, 5, 2, 3, 7, 6]
            uniform token subdivisionScheme = "none"
        }

        def Mesh "Road_256"
        {
            point3f[] points = [(2095.4184, -1120.9640, 5.7160), (2096.3575, -1120.2438, 5.6880), (2104.4428, -1114.3043, 5.4810), (2107.8913, -1112.1056, 5.3390), (2108.6344, -1111.6634, 5.3540), (2110.4308, -1110.6490, 5.2100), (2114.0440, -1108.8169, 5.0680), (2115.9453, -1107.9628, 5.0530), (2117.8469, -1107.1819, 5.0280), (2119.7542, -1106.4708, 4.9020), (2120.3698, -1106.2563, 4.9020), (2124.2726, -1105.0384, 4.8370), (2134.0267, -1102.6969, 4.5420), (2134.8153, -1102.5225, 4.5420), (2152.4188, -1098.7933, 4.2350), (2153.3585, -1098.6114, 4.1930), (2097.5490, -1123.7407, 5.7160), (2098.4357, -1123.0600, 5.6880), (2106.4611, -1117.1638, 5.4810), (2109.7565, -1115.0672, 5.3390), (2110.3754, -1114.6997, 5.3540), (2112.0605, -1113.7464, 5.2100), (2115.5773, -1111.9631, 5.0680), (2117.3268, -1111.1786, 5.0530), (2119.1230, -1110.4410, 5.0280), (2120.9614, -1109.7561, 4.9020), (2121.4279, -1109.5925, 4.9020), (2125.1549, -1108.4254, 4.8370), (2134.8392, -1106.1013, 4.5420), (2135.5418, -1105.9463, 4.5420), (2153.1411, -1102.2179, 4.2350), (2154.0228, -1102.0477, 4.1930)]
            int[] faceVertexCounts = [4, 4, 4, 4, 4, 4, 4, 4, 4, 4, 4, 4, 4, 4, 4]
            int[] faceVertexIndices = [0, 1, 17, 16, 1, 2, 18, 17, 2, 3, 19, 18, 3, 4, 20, 19, 4, 5, 21, 20, 5, 6, 22, 21, 6, 7, 23, 22, 7, 8, 24, 23, 8, 9, 25, 24, 9, 10, 26, 25, 10, 11, 27, 26, 11, 12, 28, 27, 12, 13, 29, 28, 13, 14, 30, 29, 14, 15, 31, 30]
            uniform token subdivisionScheme = "none"
        }

        def Mesh "Road_257"
        {
            point3f[] points = [(673.7688, -1611.0297, 5.6830), (639.6439, -1536.5027, 5.0770), (639.3983, -1535.9544, 5.0770), (638.8094, -1534.6431, 5.0900), (676.9510, -1609.5726, 5.6830), (642.8262, -1535.0457, 5.0770), (642.5916, -1534.5215, 5.0770), (642.0021, -1533.2091, 5.0900)]
            int[] faceVertexCounts = [4, 4, 4]
            int[] faceVertexIndices = [0, 1, 5, 4, 1, 2, 6, 5, 2, 3, 7, 6]
            uniform token subdivisionScheme = "none"
        }

        def Mesh "Road_258"
        {
            point3f[] points = [(419.7983, -1014.8476, 6.0740), (420.1918, -1014.7244, 6.0330), (431.6025, -1011.0323, 6.0140), (432.5287, -1010.7145, 5.9760), (445.6159, -1005.7873, 6.0630), (447.2066, -1005.1343, 6.0630), (456.5279, -1001.4754, 6.0870), (458.3544, -1000.8776, 6.0650), (460.4141, -1000.3230, 6.0730), (462.5694, -999.9771, 6.0520), (464.5250, -999.8899, 6.0270), (466.7044, -1000.0340, 6.0470), (470.7061, -1000.6307, 5.9970), (420.8448, -1018.1875, 6.0740), (421.2682, -1018.0548, 6.0330), (432.6849, -1014.3607, 6.0140), (433.7552, -1013.9925, 5.9760), (446.8597, -1009.0589, 6.0630), (448.4929, -1008.3894, 6.0630), (457.7779, -1004.7446, 6.0870), (459.3495, -1004.2332, 6.0650), (461.1490, -1003.7450, 6.0730), (462.9384, -1003.4576, 6.0520), (464.4746, -1003.3896, 6.0270), (466.2828, -1003.5085, 6.0470), (470.1893, -1004.0924, 5.9970)]
            int[] faceVertexCounts = [4, 4, 4, 4, 4, 4, 4, 4, 4, 4, 4, 4]
            int[] faceVertexIndices = [0, 1, 14, 13, 1, 2, 15, 14, 2, 3, 16, 15, 3, 4, 17, 16, 4, 5, 18, 17, 5, 6, 19, 18, 6, 7, 20, 19, 7, 8, 21, 20, 8, 9, 22, 21, 9, 10, 23, 22, 10, 11, 24, 23, 11, 12, 25, 24]
            uniform token subdivisionScheme = "none"
        }

        def Mesh "Road_259"
        {
            point3f[] points = [(1771.5404, -220.9782, 7.1690), (1762.7787, -196.5111, 6.8300), (1762.4849, -195.6165, 6.8300), (1748.7042, -145.5106, 6.2200), (1748.5227, -144.7807, 6.2200), (1739.0416, -105.9378, 5.7080), (1738.7547, -104.7343, 5.7080), (1729.8281, -67.8158, 5.3090), (1729.3966, -66.1264, 5.2540), (1720.6514, -35.3681, 4.8570), (1720.0583, -33.5191, 4.8320), (1719.6229, -32.1769, 4.7720), (1710.8563, -7.7795, 4.5030), (1699.0338, 19.7060, 0.3000), (1695.6153, 26.8728, 0.3000), (1694.9236, 28.2907, 0.3000), (1683.7685, 49.4831, 0.3000), (1676.6282, 61.3865, 0.3000), (1668.8077, 72.8843, 0.3000), (1651.6179, 94.9214, 0.3000), (1651.2276, 95.4174, 0.3000), (1774.8355, -219.7983, 7.1690), (1766.0747, -195.3336, 6.8300), (1765.8588, -194.6858, 6.8300), (1752.0793, -144.5836, 6.2200), (1751.9228, -143.9505, 6.2200), (1742.4419, -105.1084, 5.7080), (1742.1568, -103.9121, 5.7080), (1733.2296, -66.9912, 5.3090), (1732.7646, -65.1740, 5.2540), (1724.0161, -34.4044, 4.8570), (1723.3896, -32.4456, 4.8320), (1722.9186, -30.9986, 4.7720), (1714.1095, -6.4885, 4.5030), (1702.2376, 21.1151, 0.3000), (1698.7721, 28.3843, 0.3000), (1698.0239, 29.9150, 0.3000), (1686.8314, 51.1766, 0.3000), (1679.5770, 63.2718, 0.3000), (1671.6135, 74.9765, 0.3000), (1654.3775, 97.0743, 0.3000), (1653.9783, 97.5816, 0.3000)]
            int[] faceVertexCounts = [4, 4, 4, 4, 4, 4, 4, 4, 4, 4, 4, 4, 4, 4, 4, 4, 4, 4, 4, 4]
            int[] faceVertexIndices = [0, 1, 22, 21, 1, 2, 23, 22, 2, 3, 24, 23, 3, 4, 25, 24, 4, 5, 26, 25, 5, 6, 27, 26, 6, 7, 28, 27, 7, 8, 29, 28, 8, 9, 30, 29, 9, 10, 31, 30, 10, 11, 32, 31, 11, 12, 33, 32, 12, 13, 34, 33, 13, 14, 35, 34, 14, 15, 36, 35, 15, 16, 37, 36, 16, 17, 38, 37, 17, 18, 39, 38, 18, 19, 40, 39, 19, 20, 41, 40]
            uniform token subdivisionScheme = "none"
        }

        def Mesh "Road_260"
        {
            point3f[] points = [(245.6318, -986.9462, 6.1990), (245.4636, -986.7359, 6.1990), (241.9552, -981.8568, 6.2560), (241.2088, -980.7453, 6.2910), (237.8887, -975.7759, 6.3010), (236.7631, -974.2593, 6.3590), (235.5516, -972.7935, 6.3850), (234.2639, -971.4099, 6.4310), (232.8624, -970.0906, 6.4310), (232.5883, -969.8562, 6.4230), (231.0841, -968.7004, 6.4640), (229.5490, -967.7383, 6.4670), (227.9529, -966.9844, 6.4700), (226.2737, -966.4776, 6.4500), (224.8041, -966.2530, 6.4540), (223.0242, -966.2171, 6.4820), (219.1054, -966.5077, 6.5370), (217.2424, -966.6932, 6.5660), (209.3349, -967.6596, 6.6430), (207.5678, -967.9906, 6.6300), (197.8008, -970.0946, 6.7430), (196.2945, -970.4013, 6.7610), (194.2778, -970.7765, 6.8010), (190.2808, -971.3842, 6.8880), (188.2072, -971.6049, 6.9160), (186.1437, -971.7441, 6.9880), (184.0946, -971.7981, 7.0260), (183.3059, -971.7967, 7.0760), (181.2608, -971.7391, 7.1820), (179.1555, -971.5963, 7.2600), (171.1996, -970.6242, 7.5330), (248.3380, -984.7267, 6.1990), (248.3018, -984.6878, 6.1990), (244.8085, -979.8299, 6.2560), (244.1184, -978.8000, 6.2910), (240.7748, -973.7959, 6.3010), (239.5185, -972.1010, 6.3590), (238.1824, -970.4850, 6.3850), (236.7462, -968.9425, 6.4310), (235.2375, -967.5198, 6.4310), (234.7473, -967.1015, 6.4230), (233.0797, -965.8251, 6.4640), (231.2264, -964.6664, 6.4670), (229.2086, -963.7174, 6.4700), (227.0637, -963.0680, 6.4500), (225.0894, -962.7647, 6.4540), (222.8754, -962.7203, 6.4820), (218.8183, -963.0195, 6.5370), (216.8329, -963.2173, 6.5660), (208.8681, -964.1909, 6.6430), (206.8462, -964.5658, 6.6300), (197.0688, -966.6720, 6.7430), (195.6291, -966.9652, 6.7610), (193.7133, -967.3223, 6.8010), (189.8067, -967.9165, 6.8880), (187.9045, -968.1180, 6.9160), (185.9800, -968.2479, 6.9880), (184.0288, -968.2987, 7.0260), (183.3798, -968.2975, 7.0760), (181.4272, -968.2431, 7.1820), (179.5421, -968.1178, 7.2600), (171.6241, -967.1500, 7.5330)]
            int[] faceVertexCounts = [4, 4, 4, 4, 4, 4, 4, 4, 4, 4, 4, 4, 4, 4, 4, 4, 4, 4, 4, 4, 4, 4, 4, 4, 4, 4, 4, 4, 4, 4]
            int[] faceVertexIndices = [0, 1, 32, 31, 1, 2, 33, 32, 2, 3, 34, 33, 3, 4, 35, 34, 4, 5, 36, 35, 5, 6, 37, 36, 6, 7, 38, 37, 7, 8, 39, 38, 8, 9, 40, 39, 9, 10, 41, 40, 10, 11, 42, 41, 11, 12, 43, 42, 12, 13, 44, 43, 13, 14, 45, 44, 14, 15, 46, 45, 15, 16, 47, 46, 16, 17, 48, 47, 17, 18, 49, 48, 18, 19, 50, 49, 19, 20, 51, 50, 20, 21, 52, 51, 21, 22, 53, 52, 22, 23, 54, 53, 23, 24, 55, 54, 24, 25, 56, 55, 25, 26, 57, 56, 26, 27, 58, 57, 27, 28, 59, 58, 28, 29, 60, 59, 29, 30, 61, 60]
            uniform token subdivisionScheme = "none"
        }

        def Mesh "Road_261"
        {
            point3f[] points = [(710.5049, -1682.3313, 5.2630), (663.6630, -1705.0218, 5.4600), (625.5332, -1722.6348, 5.6960), (623.9398, -1723.3666, 5.7020), (587.9534, -1740.7789, 5.9380), (586.7665, -1741.3951, 5.9380), (579.5980, -1744.9758, 5.9900), (577.7092, -1745.8406, 6.0120), (575.7833, -1746.6392, 6.0070), (573.7907, -1747.3257, 6.0350), (571.7530, -1747.8871, 6.0400), (569.4577, -1748.3595, 6.0370), (567.3607, -1748.6460, 6.0680), (565.2567, -1748.7964, 6.0760), (563.1289, -1748.8184, 6.0700), (559.0753, -1748.5991, 6.0820), (557.0206, -1748.4009, 6.0580), (555.3678, -1748.2063, 6.0740), (547.4211, -1746.9585, 6.1600), (541.4984, -1745.7287, 6.2070), (540.8618, -1745.5821, 6.2180), (533.0812, -1743.5491, 6.2390), (527.2835, -1741.6833, 6.2640), (523.2411, -1740.1454, 6.2820), (519.4972, -1738.5197, 6.2780), (515.8349, -1736.7201, 6.3720), (512.2600, -1734.7472, 6.4080), (508.8070, -1732.6096, 6.3980), (507.2741, -1731.5814, 6.4360), (505.6031, -1730.3935, 6.4330), (503.9615, -1729.1414, 6.4520), (502.3572, -1727.8118, 6.4640), (500.8160, -1726.3781, 6.4640), (499.3942, -1724.8773, 6.4520), (499.0376, -1724.4669, 6.4520), (497.7443, -1722.8388, 6.4700), (496.5481, -1721.0702, 6.4800), (495.4914, -1719.2081, 6.4900), (494.5911, -1717.2522, 6.5020), (493.8783, -1715.2345, 6.4680), (493.4598, -1713.6407, 6.4680), (493.0913, -1711.5252, 6.4710), (492.9302, -1709.3609, 6.4750), (492.9838, -1707.1873, 6.4660), (493.2624, -1705.0150, 6.4660), (493.7817, -1702.9044, 6.4590), (494.3423, -1701.3473, 6.4530), (495.2857, -1699.3894, 6.4120), (496.4552, -1697.5352, 6.4010), (497.7977, -1695.8357, 6.4010), (499.2578, -1694.2857, 6.3810), (500.7902, -1692.8485, 6.3900), (502.3821, -1691.5116, 6.3900), (503.5825, -1690.5890, 6.3530), (505.2572, -1689.3917, 6.3720), (506.9787, -1688.2567, 6.4200), (508.7741, -1687.1633, 6.4120), (514.0952, -1684.3082, 6.4700), (515.9389, -1683.4072, 6.4790), (516.3592, -1683.2080, 6.4790), (532.7854, -1675.8688, 6.9010), (533.5838, -1675.5048, 6.9590), (551.5891, -1666.8175, 8.3740), (552.3863, -1666.4429, 8.3740), (565.1492, -1660.6990, 8.5290), (566.0827, -1660.2744, 8.5290), (582.2803, -1652.4508, 7.3810), (583.6939, -1651.7513, 7.2130), (608.8571, -1639.4960, 5.5530), (609.9756, -1638.9614, 5.4890), (635.2971, -1627.0357, 5.4800), (636.0020, -1626.7067, 5.4800), (674.6209, -1608.7148, 5.6830), (708.9790, -1679.1814, 5.2630), (662.1630, -1701.8595, 5.4600), (624.0658, -1719.4573, 5.6960), (622.4181, -1720.2147, 5.7020), (586.4261, -1737.6297, 5.9380), (585.1956, -1738.2674, 5.9380), (578.0553, -1741.8341, 5.9900), (576.3100, -1742.6324, 6.0120), (574.5418, -1743.3667, 6.0070), (572.7551, -1743.9825, 6.0350), (570.9410, -1744.4826, 6.0400), (568.8614, -1744.9107, 6.0370), (566.9991, -1745.1647, 6.0680), (565.1131, -1745.2994, 6.0760), (563.2426, -1745.3202, 6.0700), (559.3139, -1745.1073, 6.0820), (557.3890, -1744.9203, 6.0580), (555.8882, -1744.7452, 6.0740), (548.0366, -1743.5131, 6.1600), (542.2167, -1742.3032, 6.2070), (541.7397, -1742.1940, 6.2180), (534.0467, -1740.1849, 6.2390), (528.4277, -1738.3756, 6.2640), (524.5588, -1736.9029, 6.2820), (520.9664, -1735.3430, 6.2780), (517.4526, -1733.6164, 6.3720), (514.0275, -1731.7263, 6.4080), (510.6830, -1729.6548, 6.3980), (509.2656, -1728.7032, 6.4360), (507.6785, -1727.5753, 6.4330), (506.1396, -1726.4017, 6.4520), (504.6664, -1725.1817, 6.4640), (503.2800, -1723.8924, 6.4640), (501.9537, -1722.4901, 6.4520), (501.7603, -1722.2676, 6.4520), (500.5656, -1720.7675, 6.4700), (499.5219, -1719.2245, 6.4800), (498.6057, -1717.6109, 6.4900), (497.8345, -1715.9366, 6.5020), (497.2177, -1714.1863, 6.4680), (496.8839, -1712.9158, 6.4680), (496.5646, -1711.0937, 6.4710), (496.4292, -1709.2739, 6.4750), (496.4737, -1707.4529, 6.4660), (496.7030, -1705.6571, 6.4660), (497.1402, -1703.8897, 6.4590), (497.5588, -1702.7273, 6.4530), (498.3476, -1701.0849, 6.4120), (499.3122, -1699.5570, 6.4010), (500.4463, -1698.1237, 6.4010), (501.7294, -1696.7638, 6.3810), (503.1133, -1695.4663, 6.3900), (504.5837, -1694.2325, 6.3900), (505.6589, -1693.4065, 6.3530), (507.2387, -1692.2768, 6.3720), (508.8534, -1691.2124, 6.4200), (510.4713, -1690.2243, 6.4120), (515.7204, -1687.4080, 6.4700), (517.4687, -1686.5552, 6.4790), (517.7886, -1686.4028, 6.4790), (534.2144, -1679.0638, 6.9010), (535.1018, -1678.6585, 6.9590), (553.1087, -1669.9704, 8.3740), (553.8256, -1669.6332, 8.3740), (566.5866, -1663.8902, 8.5290), (567.6009, -1663.4279, 8.5290), (583.8050, -1655.6012, 7.3810), (585.2275, -1654.8974, 7.2130), (610.3887, -1642.6431, 5.5530), (611.4676, -1642.1275, 5.4890), (636.7881, -1630.2022, 5.4800), (637.4800, -1629.8793, 5.4800), (676.0989, -1611.8874, 5.6830)]
            int[] faceVertexCounts = [4, 4, 4, 4, 4, 4, 4, 4, 4, 4, 4, 4, 4, 4, 4, 4, 4, 4, 4, 4, 4, 4, 4, 4, 4, 4, 4, 4, 4, 4, 4, 4, 4, 4, 4, 4, 4, 4, 4, 4, 4, 4, 4, 4, 4, 4, 4, 4, 4, 4, 4, 4, 4, 4, 4, 4, 4, 4, 4, 4, 4, 4, 4, 4, 4, 4, 4, 4, 4, 4, 4, 4]
            int[] faceVertexIndices = [0, 1, 74, 73, 1, 2, 75, 74, 2, 3, 76, 75, 3, 4, 77, 76, 4, 5, 78, 77, 5, 6, 79, 78, 6, 7, 80, 79, 7, 8, 81, 80, 8, 9, 82, 81, 9, 10, 83, 82, 10, 11, 84, 83, 11, 12, 85, 84, 12, 13, 86, 85, 13, 14, 87, 86, 14, 15, 88, 87, 15, 16, 89, 88, 16, 17, 90, 89, 17, 18, 91, 90, 18, 19, 92, 91, 19, 20, 93, 92, 20, 21, 94, 93, 21, 22, 95, 94, 22, 23, 96, 95, 23, 24, 97, 96, 24, 25, 98, 97, 25, 26, 99, 98, 26, 27, 100, 99, 27, 28, 101, 100, 28, 29, 102, 101, 29, 30, 103, 102, 30, 31, 104, 103, 31, 32, 105, 104, 32, 33, 106, 105, 33, 34, 107, 106, 34, 35, 108, 107, 35, 36, 109, 108, 36, 37, 110, 109, 37, 38, 111, 110, 38, 39, 112, 111, 39, 40, 113, 112, 40, 41, 114, 113, 41, 42, 115, 114, 42, 43, 116, 115, 43, 44, 117, 116, 44, 45, 118, 117, 45, 46, 119, 118, 46, 47, 120, 119, 47, 48, 121, 120, 48, 49, 122, 121, 49, 50, 123, 122, 50, 51, 124, 123, 51, 52, 125, 124, 52, 53, 126, 125, 53, 54, 127, 126, 54, 55, 128, 127, 55, 56, 129, 128, 56, 57, 130, 129, 57, 58, 131, 130, 58, 59, 132, 131, 59, 60, 133, 132, 60, 61, 134, 133, 61, 62, 135, 134, 62, 63, 136, 135, 63, 64, 137, 136, 64, 65, 138, 137, 65, 66, 139, 138, 66, 67, 140, 139, 67, 68, 141, 140, 68, 69, 142, 141, 69, 70, 143, 142, 70, 71, 144, 143, 71, 72, 145, 144]
            uniform token subdivisionScheme = "none"
        }

        def Mesh "Road_262"
        {
            point3f[] points = [(2067.9588, -1124.3248, 6.3960), (2068.6317, -1121.9693, 6.3700), (2070.1045, -1120.4041, 6.3190), (2071.5970, -1118.9963, 6.2410), (2073.2002, -1117.6019, 6.1850), (2075.0109, -1116.3309, 6.0950), (2077.0210, -1115.3077, 6.0510), (2079.1956, -1114.5888, 5.9420), (2081.4026, -1114.2095, 5.9090), (2083.6098, -1114.1147, 5.8790), (2085.7424, -1114.2675, 5.8370), (2086.7290, -1114.4171, 5.8370), (2088.8183, -1114.9130, 5.8010), (2090.9088, -1115.6910, 5.7480), (2092.8907, -1116.7702, 5.7010), (2094.7828, -1118.1975, 5.7260), (2096.3285, -1119.6745, 5.7570), (2097.7418, -1121.1360, 5.7160), (2071.3423, -1125.2205, 6.3960), (2071.7156, -1123.6244, 6.3700), (2072.5330, -1122.9245, 6.3190), (2073.9481, -1121.5891, 6.2410), (2075.3597, -1120.3563, 6.1850), (2076.8166, -1119.3292, 6.0950), (2078.3666, -1118.5387, 6.0510), (2080.0445, -1117.9843, 5.9420), (2081.7732, -1117.6899, 5.9090), (2083.5573, -1117.6143, 5.8790), (2085.4111, -1117.7517, 5.8370), (2086.0047, -1117.8413, 5.8370), (2087.8050, -1118.2631, 5.8010), (2089.4591, -1118.8766, 5.7480), (2090.9864, -1119.7068, 5.7010), (2092.5189, -1120.8667, 5.7260), (2093.8591, -1122.1549, 5.7570), (2095.2255, -1123.5687, 5.7160)]
            int[] faceVertexCounts = [4, 4, 4, 4, 4, 4, 4, 4, 4, 4, 4, 4, 4, 4, 4, 4, 4]
            int[] faceVertexIndices = [0, 1, 19, 18, 1, 2, 20, 19, 2, 3, 21, 20, 3, 4, 22, 21, 4, 5, 23, 22, 5, 6, 24, 23, 6, 7, 25, 24, 7, 8, 26, 25, 8, 9, 27, 26, 9, 10, 28, 27, 10, 11, 29, 28, 11, 12, 30, 29, 12, 13, 31, 30, 13, 14, 32, 31, 14, 15, 33, 32, 15, 16, 34, 33, 16, 17, 35, 34]
            uniform token subdivisionScheme = "none"
        }

        def Mesh "Road_263"
        {
            point3f[] points = [(58.6842, -670.0965, 4.8690), (58.7861, -665.2082, 5.0760), (58.9442, -663.5935, 5.1230), (60.5921, -653.7371, 5.3960), (60.7945, -651.8827, 5.4390), (60.8466, -650.5652, 5.4390), (60.7977, -644.5732, 5.5470), (60.8399, -642.5503, 5.5870), (60.8990, -636.6511, 5.6590), (62.1834, -670.1693, 4.8690), (62.2835, -665.3415, 5.0760), (62.4011, -664.1416, 5.1230), (64.0494, -654.2818, 5.3960), (64.2833, -652.1623, 5.4390), (64.3466, -650.5694, 5.4390), (64.2977, -644.5702, 5.5470), (64.3396, -642.5951, 5.5870), (64.3988, -636.6862, 5.6590)]
            int[] faceVertexCounts = [4, 4, 4, 4, 4, 4, 4, 4]
            int[] faceVertexIndices = [0, 1, 10, 9, 1, 2, 11, 10, 2, 3, 12, 11, 3, 4, 13, 12, 4, 5, 14, 13, 5, 6, 15, 14, 6, 7, 16, 15, 7, 8, 17, 16]
            uniform token subdivisionScheme = "none"
        }

        def Mesh "Road_264"
        {
            point3f[] points = [(1954.0292, -1704.8519, 7.4840), (1951.3798, -1704.4807, 7.5600), (1948.6903, -1703.6117, 7.5270), (1946.1919, -1702.2904, 7.4110), (1943.9615, -1700.5548, 7.4100), (1942.0655, -1698.4605, 7.4440), (1940.5633, -1696.0668, 7.4320), (1939.4984, -1693.4482, 7.4150), (1938.9045, -1690.6838, 7.4370), (1938.7993, -1687.9833, 7.4320), (1938.8494, -1687.4539, 7.4320), (1954.5060, -1701.3845, 7.4840), (1952.1593, -1701.0686, 7.5600), (1950.0517, -1700.3873, 7.5270), (1948.0921, -1699.3511, 7.4110), (1946.3425, -1697.9894, 7.4100), (1944.8558, -1696.3476, 7.4440), (1943.6785, -1694.4714, 7.4320), (1942.8432, -1692.4174, 7.4150), (1942.3776, -1690.2506, 7.4370), (1942.2986, -1687.9114, 7.4320), (1942.3184, -1687.9185, 7.4320)]
            int[] faceVertexCounts = [4, 4, 4, 4, 4, 4, 4, 4, 4, 4]
            int[] faceVertexIndices = [0, 1, 12, 11, 1, 2, 13, 12, 2, 3, 14, 13, 3, 4, 15, 14, 4, 5, 16, 15, 5, 6, 17, 16, 6, 7, 18, 17, 7, 8, 19, 18, 8, 9, 20, 19, 9, 10, 21, 20]
            uniform token subdivisionScheme = "none"
        }

        def Mesh "Road_265"
        {
            point3f[] points = [(808.5131, -1018.9865, 6.3510), (806.4113, -1014.4837, 6.3900), (806.1195, -1013.8589, 6.3600), (768.2273, -934.4748, 6.6960), (811.6846, -1017.5061, 6.3510), (809.5827, -1013.0032, 6.3900), (809.2782, -1012.3515, 6.3600), (771.3859, -932.9671, 6.6960)]
            int[] faceVertexCounts = [4, 4, 4]
            int[] faceVertexIndices = [0, 1, 5, 4, 1, 2, 6, 5, 2, 3, 7, 6]
            uniform token subdivisionScheme = "none"
        }

        def Mesh "Road_266"
        {
            point3f[] points = [(827.8794, -1116.2809, 5.5230), (827.7593, -1115.7267, 5.5230), (827.4842, -1113.6926, 5.5270), (827.4516, -1113.0009, 5.5270), (827.5336, -1110.9499, 5.5240), (827.6215, -1110.2611, 5.5240), (828.0606, -1108.2553, 5.5410), (828.2667, -1107.5958, 5.5220), (829.0456, -1105.6967, 5.4920), (829.3629, -1105.0822, 5.4920), (830.4585, -1103.3473, 5.5180), (830.8787, -1102.7966, 5.5180), (832.2601, -1101.2773, 5.4860), (832.7696, -1100.8078, 5.4930), (834.3944, -1099.5531, 5.4930), (834.9769, -1099.1793, 5.5270), (836.7932, -1098.2253, 5.5290), (837.4331, -1097.9567, 5.5730), (839.3894, -1097.3342, 5.5920), (840.0636, -1097.1827, 5.5920), (842.0698, -1096.9107, 5.6020), (831.2941, -1115.5127, 5.5230), (831.2199, -1115.2031, 5.5230), (830.9596, -1113.2786, 5.5270), (830.9506, -1113.0855, 5.5270), (831.0282, -1111.1447, 5.5240), (831.0522, -1110.9543, 5.5240), (831.4673, -1109.0580, 5.5410), (831.5253, -1108.8732, 5.5220), (832.2623, -1107.0760, 5.4920), (832.3511, -1106.9045, 5.4920), (833.3873, -1105.2637, 5.5180), (833.5046, -1105.1106, 5.5180), (834.8116, -1103.6730, 5.4860), (834.9519, -1103.5441, 5.4930), (836.4896, -1102.3568, 5.4930), (836.6531, -1102.2518, 5.5270), (838.3724, -1101.3488, 5.5290), (838.5488, -1101.2741, 5.5730), (840.3978, -1100.6858, 5.5920), (840.5877, -1100.6432, 5.5920), (842.5397, -1100.3790, 5.6020)]
            int[] faceVertexCounts = [4, 4, 4, 4, 4, 4, 4, 4, 4, 4, 4, 4, 4, 4, 4, 4, 4, 4, 4, 4]
            int[] faceVertexIndices = [0, 1, 22, 21, 1, 2, 23, 22, 2, 3, 24, 23, 3, 4, 25, 24, 4, 5, 26, 25, 5, 6, 27, 26, 6, 7, 28, 27, 7, 8, 29, 28, 8, 9, 30, 29, 9, 10, 31, 30, 10, 11, 32, 31, 11, 12, 33, 32, 12, 13, 34, 33, 13, 14, 35, 34, 14, 15, 36, 35, 15, 16, 37, 36, 16, 17, 38, 37, 17, 18, 39, 38, 18, 19, 40, 39, 19, 20, 41, 40]
            uniform token subdivisionScheme = "none"
        }

        def Mesh "Road_267"
        {
            point3f[] points = [(1587.4126, -1377.2517, 7.2670), (1644.4547, -1316.5692, 7.2320), (1589.9627, -1379.6489, 7.2670), (1647.0049, -1318.9664, 7.2320)]
            int[] faceVertexCounts = [4]
            int[] faceVertexIndices = [0, 1, 3, 2]
            uniform token subdivisionScheme = "none"
        }

        def Mesh "Road_268"
        {
            point3f[] points = [(1810.5774, -340.0396, 2.3660), (1825.0784, -339.5805, 2.3080), (1810.6881, -343.5378, 2.3660), (1825.1891, -343.0788, 2.3080)]
            int[] faceVertexCounts = [4]
            int[] faceVertexIndices = [0, 1, 3, 2]
            uniform token subdivisionScheme = "none"
        }

        def Mesh "Road_269"
        {
            point3f[] points = [(1370.3238, -1451.0031, 8.1390), (1371.3945, -1449.9770, 8.1360), (1372.4654, -1448.9529, 8.1350), (1373.7016, -1447.7611, 8.1350), (1389.0273, -1432.0687, 7.8340), (1402.0752, -1417.0041, 7.8920), (1402.9753, -1415.8885, 7.9050), (1406.6568, -1411.2260, 7.9610), (1417.1837, -1396.7215, 8.1210), (1425.7410, -1383.2824, 8.2830), (1426.1962, -1382.5144, 8.2760), (1441.3901, -1354.7949, 8.9550), (1372.7456, -1453.5300, 8.1390), (1373.8148, -1452.5052, 8.1360), (1374.8904, -1451.4767, 8.1350), (1376.2002, -1450.2120, 8.1350), (1391.5998, -1434.4419, 7.8340), (1404.7262, -1419.2893, 7.8920), (1405.7177, -1418.0632, 7.9050), (1409.4685, -1413.3102, 7.9610), (1420.0740, -1398.6955, 8.1210), (1428.6968, -1385.1569, 8.2830), (1429.2637, -1384.1998, 8.2760), (1444.4593, -1356.4773, 8.9550)]
            int[] faceVertexCounts = [4, 4, 4, 4, 4, 4, 4, 4, 4, 4, 4]
            int[] faceVertexIndices = [0, 1, 13, 12, 1, 2, 14, 13, 2, 3, 15, 14, 3, 4, 16, 15, 4, 5, 17, 16, 5, 6, 18, 17, 6, 7, 19, 18, 7, 8, 20, 19, 8, 9, 21, 20, 9, 10, 22, 21, 10, 11, 23, 22]
            uniform token subdivisionScheme = "none"
        }

        def Mesh "Road_270"
        {
            point3f[] points = [(1925.8965, -330.3593, 5.7910), (1926.3543, -320.7412, 5.7730), (1926.5317, -318.0458, 5.7420), (1929.3925, -330.5257, 5.7910), (1929.8497, -320.9215, 5.7730), (1930.0242, -318.2759, 5.7420)]
            int[] faceVertexCounts = [4, 4]
            int[] faceVertexIndices = [0, 1, 4, 3, 1, 2, 5, 4]
            uniform token subdivisionScheme = "none"
        }

        def Mesh "Road_271"
        {
            point3f[] points = [(634.1024, -56.9062, 4.3180), (645.3542, -51.1993, 4.2270), (646.3334, -50.7246, 4.2270), (648.1853, -49.8401, 4.2270), (666.4953, -41.7986, 4.3220), (667.7624, -41.2896, 4.3310), (684.5341, -34.7705, 4.4110), (686.8685, -33.8527, 4.3860), (635.6856, -60.0277, 4.3180), (646.9330, -54.3230, 4.2270), (647.8486, -53.8796, 4.2270), (649.6020, -53.0406, 4.2270), (667.8964, -45.0060, 4.3220), (669.0327, -44.5509, 4.3310), (685.8037, -38.0321, 4.4110), (688.1492, -37.1099, 4.3860)]
            int[] faceVertexCounts = [4, 4, 4, 4, 4, 4, 4]
            int[] faceVertexIndices = [0, 1, 9, 8, 1, 2, 10, 9, 2, 3, 11, 10, 3, 4, 12, 11, 4, 5, 13, 12, 5, 6, 14, 13, 6, 7, 15, 14]
            uniform token subdivisionScheme = "none"
        }

        def Mesh "Road_272"
        {
            point3f[] points = [(239.4325, -1381.4221, 6.3310), (233.3048, -1382.9732, 6.2740), (221.4481, -1383.1731, 6.3270), (205.8267, -1382.0670, 6.3870), (195.0398, -1381.1028, 6.4280), (187.4747, -1379.7874, 6.4540), (182.8481, -1376.7153, 6.4890), (238.5625, -1378.0320, 6.3310), (232.9668, -1379.4895, 6.2740), (221.5652, -1379.6750, 6.3270), (206.1003, -1378.5778, 6.3870), (195.4634, -1377.6285, 6.4280), (188.6569, -1376.4931, 6.4540), (184.8130, -1373.8189, 6.4890)]
            int[] faceVertexCounts = [4, 4, 4, 4, 4, 4]
            int[] faceVertexIndices = [0, 1, 8, 7, 1, 2, 9, 8, 2, 3, 10, 9, 3, 4, 11, 10, 4, 5, 12, 11, 5, 6, 13, 12]
            uniform token subdivisionScheme = "none"
        }

        def Mesh "Road_273"
        {
            point3f[] points = [(1310.3927, -944.5985, 7.1940), (1271.6416, -939.1379, 7.1410), (1310.8811, -941.1328, 7.1940), (1272.1300, -935.6722, 7.1410)]
            int[] faceVertexCounts = [4]
            int[] faceVertexIndices = [0, 1, 3, 2]
            uniform token subdivisionScheme = "none"
        }

        def Mesh "Road_274"
        {
            point3f[] points = [(1940.1379, -349.4756, 6.1960), (1939.3681, -345.5715, 6.1610), (1938.9295, -343.6932, 6.1490), (1938.4302, -341.8357, 6.1390), (1937.8602, -340.0801, 6.1330), (1937.1193, -338.4919, 6.0620), (1936.1551, -337.0676, 6.0590), (1935.0414, -335.8940, 6.0060), (1933.6673, -334.8539, 5.9560), (1932.1031, -334.0134, 5.9100), (1930.3679, -333.2926, 5.8420), (1928.5394, -332.6094, 5.7910), (1927.0667, -332.0943, 5.7910), (1943.5717, -348.7984, 6.1960), (1942.7939, -344.8548, 6.1610), (1942.3241, -342.8408, 6.1490), (1941.7850, -340.8380, 6.1390), (1941.1150, -338.7931, 6.1330), (1940.1628, -336.7635, 6.0620), (1938.8868, -334.8795, 6.0590), (1937.3704, -333.2814, 6.0060), (1935.5603, -331.9100, 5.9560), (1933.6088, -330.8538, 5.9100), (1931.6538, -330.0374, 5.8420), (1929.7341, -329.3196, 5.7910), (1928.2224, -328.7906, 5.7910)]
            int[] faceVertexCounts = [4, 4, 4, 4, 4, 4, 4, 4, 4, 4, 4, 4]
            int[] faceVertexIndices = [0, 1, 14, 13, 1, 2, 15, 14, 2, 3, 16, 15, 3, 4, 17, 16, 4, 5, 18, 17, 5, 6, 19, 18, 6, 7, 20, 19, 7, 8, 21, 20, 8, 9, 22, 21, 9, 10, 23, 22, 10, 11, 24, 23, 11, 12, 25, 24]
            uniform token subdivisionScheme = "none"
        }

        def Mesh "Road_275"
        {
            point3f[] points = [(1861.8918, -1705.1950, 7.4110), (1862.1915, -1697.2162, 7.2410), (1862.1980, -1695.2735, 7.2810), (1862.1860, -1694.2997, 7.2450), (1862.1294, -1692.0391, 7.1600), (1865.3893, -1705.3264, 7.4110), (1865.6899, -1697.3239, 7.2410), (1865.6980, -1695.2676, 7.2810), (1865.6852, -1694.2259, 7.2450), (1865.6284, -1691.9515, 7.1600)]
            int[] faceVertexCounts = [4, 4, 4, 4]
            int[] faceVertexIndices = [0, 1, 6, 5, 1, 2, 7, 6, 2, 3, 8, 7, 3, 4, 9, 8]
            uniform token subdivisionScheme = "none"
        }

        def Mesh "Road_276"
        {
            point3f[] points = [(187.7942, -811.7749, 6.3220), (185.3776, -807.2226, 6.2230), (174.6519, -788.0336, 5.7670), (174.0373, -786.9612, 5.7410), (160.0321, -762.6958, 5.4460), (148.9341, -743.7181, 5.1790), (147.9755, -742.0796, 5.1720), (131.7171, -714.5344, 4.4620), (130.8226, -713.0645, 4.4660), (116.9829, -691.0690, 4.4700), (116.2914, -689.9880, 4.4590), (190.8855, -810.1337, 6.3220), (188.4397, -805.5275, 6.2230), (177.7061, -786.3242, 5.7670), (177.0688, -785.2120, 5.7410), (163.0591, -760.9387, 5.4460), (151.9554, -741.9512, 5.1790), (150.9901, -740.3012, 5.1720), (134.7300, -712.7532, 4.4620), (133.7868, -711.2034, 4.4660), (119.9446, -689.2040, 4.4700), (119.2397, -688.1020, 4.4590)]
            int[] faceVertexCounts = [4, 4, 4, 4, 4, 4, 4, 4, 4, 4]
            int[] faceVertexIndices = [0, 1, 12, 11, 1, 2, 13, 12, 2, 3, 14, 13, 3, 4, 15, 14, 4, 5, 16, 15, 5, 6, 17, 16, 6, 7, 18, 17, 7, 8, 19, 18, 8, 9, 20, 19, 9, 10, 21, 20]
            uniform token subdivisionScheme = "none"
        }

        def Mesh "Road_277"
        {
            point3f[] points = [(1076.1439, -719.4089, 7.1370), (1079.5540, -705.9209, 7.1740), (1088.0681, -673.0205, 7.4730), (1088.4561, -671.3834, 7.4420), (1091.8383, -657.7671, 7.1410), (1094.2283, -650.0053, 7.2200), (1099.2070, -636.5902, 7.2590), (1099.8625, -634.7569, 7.2250), (1103.5063, -623.3434, 7.2080), (1103.8727, -622.0923, 7.2080), (1111.3584, -593.0588, 6.8860), (1079.5372, -720.2667, 7.1370), (1082.9438, -706.7923, 7.1740), (1091.4574, -673.8941, 7.4730), (1091.8538, -672.2232, 7.4420), (1095.2175, -658.6789, 7.1410), (1097.5337, -651.1561, 7.2200), (1102.4901, -637.8031, 7.2590), (1103.1915, -635.8377, 7.2250), (1106.8432, -624.3994, 7.2080), (1107.2606, -622.9710, 7.2080), (1114.7476, -593.9327, 6.8860)]
            int[] faceVertexCounts = [4, 4, 4, 4, 4, 4, 4, 4, 4, 4]
            int[] faceVertexIndices = [0, 1, 12, 11, 1, 2, 13, 12, 2, 3, 14, 13, 3, 4, 15, 14, 4, 5, 16, 15, 5, 6, 17, 16, 6, 7, 18, 17, 7, 8, 19, 18, 8, 9, 20, 19, 9, 10, 21, 20]
            uniform token subdivisionScheme = "none"
        }

        def Mesh "Road_278"
        {
            point3f[] points = [(1646.4591, -1015.6271, 7.7020), (1603.0851, -995.3342, 7.7400), (1647.9423, -1012.4569, 7.7020), (1604.5683, -992.1640, 7.7400)]
            int[] faceVertexCounts = [4]
            int[] faceVertexIndices = [0, 1, 3, 2]
            uniform token subdivisionScheme = "none"
        }

        def Mesh "Road_279"
        {
            point3f[] points = [(849.8556, -1122.8729, 5.5340), (851.4142, -1121.6687, 5.5090), (851.5568, -1121.5376, 5.5090), (852.8632, -1120.1027, 5.4930), (852.9791, -1119.9500, 5.4930), (854.0180, -1118.3065, 5.4920), (854.1061, -1118.1362, 5.4920), (854.8421, -1116.3389, 5.4940), (854.9002, -1116.1541, 5.4940), (855.3143, -1114.2578, 5.5020), (855.3385, -1114.0659, 5.4820), (855.4171, -1112.1252, 5.4750), (855.4079, -1111.9341, 5.4750), (855.1477, -1110.0094, 5.4690), (855.1054, -1109.8212, 5.4690), (854.5151, -1107.9711, 5.4460), (854.4408, -1107.7931, 5.4460), (853.5382, -1106.0743, 5.4830), (853.4343, -1105.9118, 5.4830), (852.2464, -1104.3756, 5.5230), (852.0273, -1104.1440, 5.5230), (851.9957, -1125.6423, 5.5340), (853.5974, -1124.4043, 5.5090), (854.1069, -1123.9349, 5.5090), (855.4886, -1122.4173, 5.4930), (855.9080, -1121.8661, 5.4930), (857.0055, -1120.1298, 5.4920), (857.3235, -1119.5141, 5.4920), (858.1012, -1117.6150, 5.4940), (858.3073, -1116.9553, 5.4940), (858.7453, -1114.9495, 5.5020), (858.8330, -1114.2622, 5.4820), (858.9161, -1112.2112, 5.4750), (858.8833, -1111.5197, 5.4750), (858.6083, -1109.4858, 5.4690), (858.4562, -1108.8103, 5.4690), (857.8323, -1106.8548, 5.4460), (857.5651, -1106.2154, 5.4460), (856.6110, -1104.3987, 5.4830), (856.2371, -1103.8156, 5.4830), (854.9816, -1102.1918, 5.5230), (854.6019, -1101.7730, 5.5230)]
            int[] faceVertexCounts = [4, 4, 4, 4, 4, 4, 4, 4, 4, 4, 4, 4, 4, 4, 4, 4, 4, 4, 4, 4]
            int[] faceVertexIndices = [0, 1, 22, 21, 1, 2, 23, 22, 2, 3, 24, 23, 3, 4, 25, 24, 4, 5, 26, 25, 5, 6, 27, 26, 6, 7, 28, 27, 7, 8, 29, 28, 8, 9, 30, 29, 9, 10, 31, 30, 10, 11, 32, 31, 11, 12, 33, 32, 12, 13, 34, 33, 13, 14, 35, 34, 14, 15, 36, 35, 15, 16, 37, 36, 16, 17, 38, 37, 17, 18, 39, 38, 18, 19, 40, 39, 19, 20, 41, 40]
            uniform token subdivisionScheme = "none"
        }

        def Mesh "Road_280"
        {
            point3f[] points = [(1349.8300, -1376.9009, 12.9150), (1352.1766, -1371.4014, 12.9940), (1352.8583, -1369.6192, 13.2820), (1353.4531, -1367.8035, 13.6230), (1353.9604, -1365.9296, 14.3600), (1354.0803, -1365.4272, 14.3600), (1354.4495, -1363.5427, 13.8920), (1354.6758, -1361.6920, 13.4070), (1354.7519, -1359.8617, 13.2320), (1354.6314, -1358.0897, 13.2260), (1354.2502, -1356.3507, 13.2740), (1353.9134, -1355.4145, 13.3920), (1353.0742, -1353.7699, 13.4490), (1352.1890, -1352.3302, 13.4420), (1353.0492, -1378.2745, 12.9150), (1355.4087, -1372.7444, 12.9940), (1356.1568, -1370.7897, 13.2820), (1356.8064, -1368.8063, 13.6230), (1357.3451, -1366.8205, 14.3600), (1357.5088, -1366.1310, 14.3600), (1357.9063, -1364.0907, 13.8920), (1358.1642, -1361.9759, 13.4070), (1358.2515, -1359.8125, 13.2320), (1358.0964, -1357.5955, 13.2260), (1357.6278, -1355.4334, 13.2740), (1357.1060, -1353.9801, 13.3920), (1356.1315, -1352.0662, 13.4490), (1355.1722, -1350.4998, 13.4420)]
            int[] faceVertexCounts = [4, 4, 4, 4, 4, 4, 4, 4, 4, 4, 4, 4, 4]
            int[] faceVertexIndices = [0, 1, 15, 14, 1, 2, 16, 15, 2, 3, 17, 16, 3, 4, 18, 17, 4, 5, 19, 18, 5, 6, 20, 19, 6, 7, 21, 20, 7, 8, 22, 21, 8, 9, 23, 22, 9, 10, 24, 23, 10, 11, 25, 24, 11, 12, 26, 25, 12, 13, 27, 26]
            uniform token subdivisionScheme = "none"
        }

        def Mesh "Road_281"
        {
            point3f[] points = [(1182.4707, -1041.5806, 6.7710), (1199.4991, -927.1870, 7.3220), (1185.9326, -1042.0960, 6.7710), (1202.9609, -927.7023, 7.3220)]
            int[] faceVertexCounts = [4]
            int[] faceVertexIndices = [0, 1, 3, 2]
            uniform token subdivisionScheme = "none"
        }

        def Mesh "Road_282"
        {
            point3f[] points = [(1038.5987, -1218.2785, 6.1450), (1075.4503, -1191.6773, 6.3720), (1040.6472, -1221.1164, 6.1450), (1077.4988, -1194.5152, 6.3720)]
            int[] faceVertexCounts = [4]
            int[] faceVertexIndices = [0, 1, 3, 2]
            uniform token subdivisionScheme = "none"
        }

        def Mesh "Road_283"
        {
            point3f[] points = [(627.5425, -62.2353, 4.3480), (567.8601, 51.4429, 0.3000), (630.6414, -60.6083, 4.3480), (570.9590, 53.0698, 0.3000)]
            int[] faceVertexCounts = [4]
            int[] faceVertexIndices = [0, 1, 3, 2]
            uniform token subdivisionScheme = "none"
        }

        def Mesh "Road_284"
        {
            point3f[] points = [(453.7749, -480.9530, 6.0470), (454.5991, -480.7993, 6.0470), (480.1249, -475.9156, 5.9660), (481.8788, -475.5656, 5.9640), (493.7000, -473.3821, 5.8840), (497.7713, -472.8509, 5.8960), (501.7965, -472.5033, 5.9140), (502.3125, -472.4706, 5.9170), (504.3477, -472.3853, 5.9180), (506.4107, -472.3702, 5.9300), (508.4838, -472.4374, 5.9470), (510.5790, -472.6033, 5.9590), (512.6842, -472.9186, 5.9760), (514.7728, -473.4038, 6.0030), (516.7688, -474.0519, 6.0400), (517.5264, -474.3470, 6.0400), (519.4280, -475.2136, 6.0750), (521.2840, -476.2363, 6.0910), (524.7167, -478.3352, 6.0980), (454.4164, -484.3937, 6.0470), (455.2563, -484.2371, 6.0470), (480.7844, -479.3530, 5.9660), (482.5209, -479.0062, 5.9640), (494.2900, -476.8320, 5.8840), (498.1478, -476.3306, 5.8960), (502.0891, -475.9910, 5.9140), (502.4731, -475.9669, 5.9170), (504.4341, -475.8842, 5.9180), (506.3669, -475.8699, 5.9300), (508.2894, -475.9321, 5.9470), (510.1823, -476.0807, 5.9590), (512.0289, -476.3567, 5.9760), (513.8346, -476.7757, 6.0030), (515.6385, -477.3644, 6.0400), (516.1211, -477.5525, 6.0400), (517.8571, -478.3412, 6.0750), (519.5030, -479.2492, 6.0910), (522.8907, -481.3212, 6.0980)]
            int[] faceVertexCounts = [4, 4, 4, 4, 4, 4, 4, 4, 4, 4, 4, 4, 4, 4, 4, 4, 4, 4]
            int[] faceVertexIndices = [0, 1, 20, 19, 1, 2, 21, 20, 2, 3, 22, 21, 3, 4, 23, 22, 4, 5, 24, 23, 5, 6, 25, 24, 6, 7, 26, 25, 7, 8, 27, 26, 8, 9, 28, 27, 9, 10, 29, 28, 10, 11, 30, 29, 11, 12, 31, 30, 12, 13, 32, 31, 13, 14, 33, 32, 14, 15, 34, 33, 15, 16, 35, 34, 16, 17, 36, 35, 17, 18, 37, 36]
            uniform token subdivisionScheme = "none"
        }

        def Mesh "Road_285"
        {
            point3f[] points = [(930.3029, -275.6609, 6.6210), (932.1126, -274.9991, 6.5940), (949.0065, -268.8088, 6.4790), (949.3097, -268.6956, 6.4610), (983.1387, -256.4243, 6.3050), (984.9685, -255.8093, 6.3050), (1013.6372, -247.0086, 6.1680), (1015.3756, -246.5128, 6.1540), (1042.4641, -239.4427, 6.2890), (1046.6868, -238.4883, 6.2520), (1074.2222, -233.2807, 6.2280), (1094.3859, -230.3488, 6.3970), (931.5051, -278.9480, 6.6210), (933.3165, -278.2855, 6.5940), (950.2111, -272.0950, 6.4790), (950.5035, -271.9857, 6.4610), (984.3284, -259.7159, 6.3050), (986.0008, -259.1536, 6.3050), (1014.6607, -250.3556, 6.1680), (1016.2640, -249.8982, 6.1540), (1043.3333, -242.8330, 6.2890), (1047.3532, -241.9243, 6.2520), (1074.8109, -236.7308, 6.2280), (1094.8895, -233.8124, 6.3970)]
            int[] faceVertexCounts = [4, 4, 4, 4, 4, 4, 4, 4, 4, 4, 4]
            int[] faceVertexIndices = [0, 1, 13, 12, 1, 2, 14, 13, 2, 3, 15, 14, 3, 4, 16, 15, 4, 5, 17, 16, 5, 6, 18, 17, 6, 7, 19, 18, 7, 8, 20, 19, 8, 9, 21, 20, 9, 10, 22, 21, 10, 11, 23, 22]
            uniform token subdivisionScheme = "none"
        }

        def Mesh "Road_286"
        {
            point3f[] points = [(680.3747, -145.2052, 4.9020), (775.6228, -115.3256, 6.2300), (681.4223, -148.5448, 4.9020), (776.6704, -118.6651, 6.2300)]
            int[] faceVertexCounts = [4]
            int[] faceVertexIndices = [0, 1, 3, 2]
            uniform token subdivisionScheme = "none"
        }

        def Mesh "Road_287"
        {
            point3f[] points = [(310.1732, -750.7724, 5.2820), (329.1285, -738.7491, 5.4830), (312.0479, -753.7280, 5.2820), (331.0032, -741.7047, 5.4830)]
            int[] faceVertexCounts = [4]
            int[] faceVertexIndices = [0, 1, 3, 2]
            uniform token subdivisionScheme = "none"
        }

        def Mesh "Road_288"
        {
            point3f[] points = [(100.4849, -1406.8576, 6.5230), (100.1972, -1390.8865, 6.4480), (99.9358, -1386.9764, 6.5330), (99.7716, -1385.1076, 6.5370), (97.5198, -1369.2918, 6.5890), (97.2513, -1367.6870, 6.6070), (94.4540, -1351.9744, 6.6550), (92.6388, -1344.2662, 6.6080), (92.2292, -1342.7704, 6.5770), (89.8749, -1335.2295, 6.5480), (83.3310, -1318.5151, 6.3990), (82.7278, -1317.0541, 6.3750), (77.5617, -1304.0159, 6.2170), (75.6304, -1298.2517, 6.1790), (75.0477, -1296.2760, 6.1620), (74.5956, -1294.6400, 6.1400), (73.1837, -1288.6992, 6.0560), (70.6552, -1272.8708, 5.9040), (70.5136, -1271.8051, 5.8880), (67.3795, -1246.0057, 5.9250), (67.3356, -1245.5816, 5.9250), (65.5742, -1225.6246, 5.9830), (64.4731, -1209.5495, 6.0530), (103.9844, -1406.7945, 6.5230), (103.6959, -1390.7896, 6.4480), (103.4263, -1386.7184, 6.5330), (103.2394, -1384.6345, 6.5370), (100.9837, -1368.7905, 6.5890), (100.6978, -1367.0770, 6.6070), (97.8880, -1351.2979, 6.6550), (96.0407, -1343.4433, 6.6080), (95.5762, -1341.7469, 6.5770), (93.1608, -1334.0244, 6.5480), (86.5882, -1317.2344, 6.3990), (85.9798, -1315.7601, 6.3750), (80.8361, -1302.7796, 6.2170), (78.9594, -1297.1709, 6.1790), (78.4123, -1295.3118, 6.1620), (77.9941, -1293.8029, 6.1400), (76.6278, -1288.0763, 6.0560), (74.1122, -1272.3243, 5.9040), (73.9878, -1271.3817, 5.8880), (70.8541, -1245.5845, 5.9250), (70.8219, -1245.2730, 5.9250), (69.0632, -1225.3475, 5.9830), (67.9649, -1209.3103, 6.0530)]
            int[] faceVertexCounts = [4, 4, 4, 4, 4, 4, 4, 4, 4, 4, 4, 4, 4, 4, 4, 4, 4, 4, 4, 4, 4, 4]
            int[] faceVertexIndices = [0, 1, 24, 23, 1, 2, 25, 24, 2, 3, 26, 25, 3, 4, 27, 26, 4, 5, 28, 27, 5, 6, 29, 28, 6, 7, 30, 29, 7, 8, 31, 30, 8, 9, 32, 31, 9, 10, 33, 32, 10, 11, 34, 33, 11, 12, 35, 34, 12, 13, 36, 35, 13, 14, 37, 36, 14, 15, 38, 37, 15, 16, 39, 38, 16, 17, 40, 39, 17, 18, 41, 40, 18, 19, 42, 41, 19, 20, 43, 42, 20, 21, 44, 43, 21, 22, 45, 44]
            uniform token subdivisionScheme = "none"
        }

        def Mesh "Road_289"
        {
            point3f[] points = [(700.3515, -790.1112, 6.3490), (724.2149, -787.6420, 6.3370), (725.1128, -787.5683, 6.3370), (795.0319, -785.2095, 6.3970), (795.7720, -785.1945, 6.3910), (895.6869, -781.8407, 7.1770), (905.7016, -781.6316, 7.2790), (906.7842, -781.6096, 7.2790), (700.7117, -793.5926, 6.3490), (724.5730, -791.1236, 6.3370), (725.2327, -791.0662, 6.3370), (795.1494, -788.7075, 6.3970), (795.8891, -788.6925, 6.3910), (895.8003, -785.3388, 7.1770), (905.7745, -785.1308, 7.2790), (906.8554, -785.1088, 7.2790)]
            int[] faceVertexCounts = [4, 4, 4, 4, 4, 4, 4]
            int[] faceVertexIndices = [0, 1, 9, 8, 1, 2, 10, 9, 2, 3, 11, 10, 3, 4, 12, 11, 4, 5, 13, 12, 5, 6, 14, 13, 6, 7, 15, 14]
            uniform token subdivisionScheme = "none"
        }

        def Mesh "Road_290"
        {
            point3f[] points = [(1425.0992, -610.3933, 6.8590), (1436.8313, -583.9729, 6.6200), (1447.4667, -559.9684, 6.5290), (1428.2980, -611.8138, 6.8590), (1440.0307, -585.3920, 6.6200), (1450.6666, -561.3862, 6.5290)]
            int[] faceVertexCounts = [4, 4]
            int[] faceVertexIndices = [0, 1, 4, 3, 1, 2, 5, 4]
            uniform token subdivisionScheme = "none"
        }

        def Mesh "Road_291"
        {
            point3f[] points = [(190.2908, -94.7306, 5.3240), (213.3122, -87.0012, 5.1590), (214.9408, -86.4430, 5.1480), (244.9044, -75.2789, 4.8130), (246.3825, -74.6582, 4.7760), (251.8372, -72.3136, 4.6840), (282.5094, -57.7045, 4.1440), (191.4049, -98.0486, 5.3240), (214.4277, -90.3187, 5.1590), (216.1583, -89.7244, 5.1480), (246.1330, -78.5562, 4.8130), (247.7586, -77.8763, 4.7760), (253.3240, -75.4821, 4.6840), (284.0145, -60.8644, 4.1440)]
            int[] faceVertexCounts = [4, 4, 4, 4, 4, 4]
            int[] faceVertexIndices = [0, 1, 8, 7, 1, 2, 9, 8, 2, 3, 10, 9, 3, 4, 11, 10, 4, 5, 12, 11, 5, 6, 13, 12]
            uniform token subdivisionScheme = "none"
        }

        def Mesh "Road_292"
        {
            point3f[] points = [(2114.8575, -1614.4816, 2.5620), (2113.0365, -1614.3360, 2.5500), (2108.3342, -1613.9602, 2.5500), (2104.6447, -1613.6651, 2.5500), (2102.9050, -1613.5215, 2.5500), (2100.9297, -1613.3677, 2.5500), (2099.1685, -1613.2597, 2.5500), (2097.2336, -1613.1801, 2.5500), (2091.1779, -1613.1461, 2.9280), (2115.1366, -1610.9928, 2.5620), (2113.3153, -1610.8471, 2.5500), (2108.6131, -1610.4714, 2.5500), (2104.9266, -1610.1764, 2.5500), (2103.1842, -1610.0326, 2.5500), (2101.1741, -1609.8762, 2.5500), (2099.3451, -1609.7642, 2.5500), (2097.2839, -1609.6805, 2.5500), (2091.1976, -1609.6461, 2.9280)]
            int[] faceVertexCounts = [4, 4, 4, 4, 4, 4, 4, 4]
            int[] faceVertexIndices = [0, 1, 10, 9, 1, 2, 11, 10, 2, 3, 12, 11, 3, 4, 13, 12, 4, 5, 14, 13, 5, 6, 15, 14, 6, 7, 16, 15, 7, 8, 17, 16]
            uniform token subdivisionScheme = "none"
        }

        def Mesh "Road_293"
        {
            point3f[] points = [(1905.4674, -831.2799, 7.2700), (1693.8150, -739.6017, 7.2480), (1906.8586, -828.0682, 7.2700), (1695.2062, -736.3900, 7.2480)]
            int[] faceVertexCounts = [4]
            int[] faceVertexIndices = [0, 1, 3, 2]
            uniform token subdivisionScheme = "none"
        }

        def Mesh "Road_294"
        {
            point3f[] points = [(2004.1532, -770.0028, 7.1130), (2000.3602, -762.4538, 6.2400), (2007.2806, -768.4314, 7.1130), (2003.4877, -760.8824, 6.2400)]
            int[] faceVertexCounts = [4]
            int[] faceVertexIndices = [0, 1, 3, 2]
            uniform token subdivisionScheme = "none"
        }

        def Mesh "Road_295"
        {
            point3f[] points = [(2297.8210, -571.2137, 0.3000), (2224.6209, -547.8565, 0.3000), (2191.8498, -538.0426, 0.3000), (2159.1096, -528.7451, 6.6730), (2298.8849, -567.8793, 0.3000), (2225.6664, -544.5163, 0.3000), (2192.8300, -534.6827, 0.3000), (2160.0657, -525.3783, 6.6730)]
            int[] faceVertexCounts = [4, 4, 4]
            int[] faceVertexIndices = [0, 1, 5, 4, 1, 2, 6, 5, 2, 3, 7, 6]
            uniform token subdivisionScheme = "none"
        }

        def Mesh "Road_296"
        {
            point3f[] points = [(2132.1049, -1049.7350, 9.5730), (2124.7211, -1033.1252, 9.2230), (2124.1653, -1031.8240, 9.2230), (2104.4565, -988.0160, 8.7380), (2081.8488, -939.0092, 8.1920), (2081.5123, -938.2903, 8.1790), (2062.7753, -898.4992, 7.6670), (2062.2612, -897.3998, 7.6670), (2041.5411, -851.9176, 7.5350), (2041.2047, -851.1552, 7.5350), (2021.9056, -807.2283, 7.5040), (2021.3241, -805.9442, 7.5240), (2004.1379, -769.9715, 7.1130), (2135.3032, -1048.3133, 9.5730), (2127.9208, -1031.7068, 9.2230), (2127.3579, -1030.3898, 9.2230), (2107.6411, -986.5640, 8.7380), (2085.0268, -937.5428, 8.1920), (2084.6789, -936.7993, 8.1790), (2065.9419, -897.0084, 7.6670), (2065.4459, -895.9480, 7.6670), (2044.7264, -850.4672, 7.5350), (2044.4090, -849.7473, 7.5350), (2025.1095, -805.8194, 7.5040), (2024.4833, -804.4377, 7.5240), (2007.2960, -768.4627, 7.1130)]
            int[] faceVertexCounts = [4, 4, 4, 4, 4, 4, 4, 4, 4, 4, 4, 4]
            int[] faceVertexIndices = [0, 1, 14, 13, 1, 2, 15, 14, 2, 3, 16, 15, 3, 4, 17, 16, 4, 5, 18, 17, 5, 6, 19, 18, 6, 7, 20, 19, 7, 8, 21, 20, 8, 9, 22, 21, 9, 10, 23, 22, 10, 11, 24, 23, 11, 12, 25, 24]
            uniform token subdivisionScheme = "none"
        }

        def Mesh "Road_297"
        {
            point3f[] points = [(2127.3467, -1554.2443, 8.3550), (2142.7376, -1523.2025, 8.0400), (2157.1595, -1496.0986, 7.8050), (2171.1471, -1471.6754, 0.3000), (2184.8829, -1448.1927, 0.3000), (2198.9053, -1426.8233, 0.3000), (2211.5066, -1408.2004, 0.3000), (2130.4824, -1555.7990, 8.3550), (2145.8521, -1524.7993, 8.0400), (2160.2245, -1497.7885, 7.8050), (2174.1764, -1473.4285, 0.3000), (2187.8591, -1450.0346, 0.3000), (2201.8187, -1428.7629, 0.3000), (2214.4054, -1410.1618, 0.3000)]
            int[] faceVertexCounts = [4, 4, 4, 4, 4, 4]
            int[] faceVertexIndices = [0, 1, 8, 7, 1, 2, 9, 8, 2, 3, 10, 9, 3, 4, 11, 10, 4, 5, 12, 11, 5, 6, 13, 12]
            uniform token subdivisionScheme = "none"
        }

        def Mesh "Road_298"
        {
            point3f[] points = [(1695.9814, -727.5704, 7.1800), (1701.7360, -712.6214, 7.1340), (1706.9028, -698.4185, 7.0510), (1710.3454, -684.0709, 6.9910), (1711.6053, -669.3302, 6.8770), (1710.8803, -655.7244, 6.8480), (1708.3583, -641.3085, 6.7510), (1702.3030, -611.9929, 6.6730), (1699.2478, -728.8278, 7.1800), (1705.0137, -713.8489, 7.1340), (1710.2542, -699.4277, 7.0510), (1713.8006, -684.6292, 6.9910), (1715.1046, -669.3965, 6.8770), (1714.3572, -655.3228, 6.8480), (1711.7929, -640.6353, 6.7510), (1705.7307, -611.2849, 6.6730)]
            int[] faceVertexCounts = [4, 4, 4, 4, 4, 4, 4]
            int[] faceVertexIndices = [0, 1, 9, 8, 1, 2, 10, 9, 2, 3, 11, 10, 3, 4, 12, 11, 4, 5, 13, 12, 5, 6, 14, 13, 6, 7, 15, 14]
            uniform token subdivisionScheme = "none"
        }

        def Mesh "Road_299"
        {
            point3f[] points = [(2149.0245, -1563.3768, 6.8940), (2128.3752, -1556.6865, 8.3550), (2150.1033, -1560.0473, 6.8940), (2129.4540, -1553.3569, 8.3550)]
            int[] faceVertexCounts = [4]
            int[] faceVertexIndices = [0, 1, 3, 2]
            uniform token subdivisionScheme = "none"
        }

        def Mesh "Road_300"
        {
            point3f[] points = [(1045.0260, -1227.1242, 6.0320), (1048.3948, -1224.7201, 6.0290), (1065.7622, -1212.3206, 6.1440), (1081.5098, -1200.9763, 6.1780), (1089.8836, -1195.2538, 6.2610), (1092.6645, -1193.6907, 6.2680), (1047.0591, -1229.9731, 6.0320), (1050.4284, -1227.5687, 6.0290), (1067.8017, -1215.1650, 6.1440), (1083.5314, -1203.8334, 6.1780), (1091.7982, -1198.1837, 6.2610), (1094.3756, -1196.7439, 6.2680)]
            int[] faceVertexCounts = [4, 4, 4, 4, 4]
            int[] faceVertexIndices = [0, 1, 7, 6, 1, 2, 8, 7, 2, 3, 9, 8, 3, 4, 10, 9, 4, 5, 11, 10]
            uniform token subdivisionScheme = "none"
        }

        def Mesh "Road_301"
        {
            point3f[] points = [(1930.6878, -149.6597, 4.0550), (1930.7862, -137.5856, 4.0120), (1930.3478, -123.6320, 3.9200), (1930.3022, -122.5124, 3.9200), (1929.9351, -102.5229, 3.7810), (1929.9008, -100.9894, 3.7640), (1929.2982, -85.0109, 3.7050), (1929.2819, -84.6310, 3.7050), (1928.4924, -60.6539, 3.5740), (1928.4780, -60.0216, 3.5590), (1928.1574, -46.0329, 3.5030), (1928.1200, -44.7052, 3.5030), (1927.4601, -26.7247, 3.3450), (1927.4391, -26.1014, 3.3450), (1927.2627, -14.0835, 3.3300), (1927.4029, -10.0190, 3.3130), (1927.4438, -9.2744, 3.3020), (1928.1994, 0.6888, 0.3000), (1928.3098, 2.6082, 0.3000), (1928.5754, 12.5924, 0.3000), (1928.6026, 13.1190, 0.3000), (1928.9212, 17.1825, 0.3000), (1930.2832, 27.1147, 0.3000), (1930.3580, 27.6025, 0.3000), (1934.1876, -149.6881, 4.0550), (1934.2859, -137.5399, 4.0120), (1933.8460, -123.5197, 3.9200), (1933.8015, -122.4440, 3.9200), (1933.4345, -102.4576, 3.7810), (1933.3985, -100.8622, 3.7640), (1932.7957, -84.8785, 3.7050), (1932.7800, -84.5153, 3.7050), (1931.9906, -60.5396, 3.5740), (1931.9771, -59.9414, 3.5590), (1931.6565, -45.9510, 3.5030), (1931.6177, -44.5789, 3.5030), (1930.9578, -26.5967, 3.3450), (1930.9387, -26.0468, 3.3450), (1930.7627, -14.0754, 3.3300), (1930.9004, -10.1508, 3.3130), (1930.9341, -9.5344, 3.3020), (1931.6901, 0.4349, 0.3000), (1931.8080, 2.4973, 0.3000), (1932.0741, 12.4956, 0.3000), (1932.0927, 12.8558, 0.3000), (1932.3962, 16.7648, 0.3000), (1933.7504, 26.6366, 0.3000), (1933.8173, 27.0703, 0.3000)]
            int[] faceVertexCounts = [4, 4, 4, 4, 4, 4, 4, 4, 4, 4, 4, 4, 4, 4, 4, 4, 4, 4, 4, 4, 4, 4, 4]
            int[] faceVertexIndices = [0, 1, 25, 24, 1, 2, 26, 25, 2, 3, 27, 26, 3, 4, 28, 27, 4, 5, 29, 28, 5, 6, 30, 29, 6, 7, 31, 30, 7, 8, 32, 31, 8, 9, 33, 32, 9, 10, 34, 33, 10, 11, 35, 34, 11, 12, 36, 35, 12, 13, 37, 36, 13, 14, 38, 37, 14, 15, 39, 38, 15, 16, 40, 39, 16, 17, 41, 40, 17, 18, 42, 41, 18, 19, 43, 42, 19, 20, 44, 43, 20, 21, 45, 44, 21, 22, 46, 45, 22, 23, 47, 46]
            uniform token subdivisionScheme = "none"
        }

        def Mesh "Road_302"
        {
            point3f[] points = [(649.4083, -255.5641, 5.1730), (651.8628, -244.6554, 5.2170), (656.3838, -227.6379, 5.2500), (660.6919, -212.1065, 5.1720), (666.2732, -190.6342, 5.1080), (670.2165, -174.8461, 5.0380), (671.4014, -168.3890, 4.9600), (671.7497, -166.4584, 4.9570), (672.0194, -164.5467, 4.9440), (672.2116, -162.6279, 4.9420), (672.3277, -160.6957, 4.9270), (672.3645, -159.1622, 4.9230), (672.3418, -157.2265, 4.9170), (672.2446, -155.3053, 4.9260), (671.7499, -149.3424, 4.9310), (652.8230, -256.3323, 5.1730), (655.2585, -245.5036, 5.2170), (659.7617, -228.5542, 5.2500), (664.0733, -213.0101, 5.1720), (669.6642, -191.5009, 5.1080), (673.6271, -175.6321, 5.0380), (674.8442, -169.0189, 4.9600), (675.2054, -167.0134, 4.9570), (675.4942, -164.9656, 4.9440), (675.7004, -162.9074, 4.9420), (675.8243, -160.8498, 4.9270), (675.8645, -159.1767, 4.9230), (675.8400, -157.1172, 4.9170), (675.7348, -155.0440, 4.9260), (675.2380, -149.0531, 4.9310)]
            int[] faceVertexCounts = [4, 4, 4, 4, 4, 4, 4, 4, 4, 4, 4, 4, 4, 4]
            int[] faceVertexIndices = [0, 1, 16, 15, 1, 2, 17, 16, 2, 3, 18, 17, 3, 4, 19, 18, 4, 5, 20, 19, 5, 6, 21, 20, 6, 7, 22, 21, 7, 8, 23, 22, 8, 9, 24, 23, 9, 10, 25, 24, 10, 11, 26, 25, 11, 12, 27, 26, 12, 13, 28, 27, 13, 14, 29, 28]
            uniform token subdivisionScheme = "none"
        }

        def Mesh "Road_303"
        {
            point3f[] points = [(-67.1859, -333.1764, 0.3000), (-66.0071, -331.6916, 0.3000), (-65.2369, -330.7709, 0.3000), (-52.3880, -315.4558, 0.3000), (-51.9601, -314.9387, 0.3000), (-15.8893, -269.5513, 0.3000), (-11.2168, -263.6773, 0.3000), (-10.8132, -263.1683, 0.3000), (25.0004, -217.5773, 3.7770), (25.4528, -216.9925, 3.7720), (59.0789, -174.7710, 4.1570), (60.1425, -173.5318, 4.1570), (65.4696, -167.5007, 4.1950), (76.5769, -155.9030, 4.2530), (84.0085, -149.1002, 4.3190), (85.5284, -147.8022, 4.3440), (91.8194, -142.7553, 4.3670), (101.6441, -135.7250, 4.4530), (112.0938, -129.1035, 4.5640), (129.5483, -119.2871, 4.6860), (130.1888, -118.9447, 4.6860), (137.2552, -115.1993, 4.7290), (-64.4446, -335.3525, 0.3000), (-63.2876, -333.8948, 0.3000), (-62.5554, -333.0202, 0.3000), (-49.7061, -317.7047, 0.3000), (-49.2205, -317.1170, 0.3000), (-13.1493, -271.7291, 0.3000), (-8.4774, -265.8557, 0.3000), (-8.0610, -265.3305, 0.3000), (27.7529, -219.7391, 3.7770), (28.1910, -219.1724, 3.7720), (61.8144, -176.9544, 4.1570), (62.7710, -175.8429, 4.1570), (68.0298, -169.8872, 4.1950), (79.0425, -158.3870, 4.2530), (86.3572, -151.6952, 4.3190), (87.7349, -150.5191, 4.3440), (93.9185, -145.5560, 4.3670), (103.5991, -138.6281, 4.4530), (113.8700, -132.1193, 4.5640), (131.2617, -122.3391, 4.6860), (131.8287, -122.0368, 4.6860), (138.8943, -118.2917, 4.7290)]
            int[] faceVertexCounts = [4, 4, 4, 4, 4, 4, 4, 4, 4, 4, 4, 4, 4, 4, 4, 4, 4, 4, 4, 4, 4]
            int[] faceVertexIndices = [0, 1, 23, 22, 1, 2, 24, 23, 2, 3, 25, 24, 3, 4, 26, 25, 4, 5, 27, 26, 5, 6, 28, 27, 6, 7, 29, 28, 7, 8, 30, 29, 8, 9, 31, 30, 9, 10, 32, 31, 10, 11, 33, 32, 11, 12, 34, 33, 12, 13, 35, 34, 13, 14, 36, 35, 14, 15, 37, 36, 15, 16, 38, 37, 16, 17, 39, 38, 17, 18, 40, 39, 18, 19, 41, 40, 19, 20, 42, 41, 20, 21, 43, 42]
            uniform token subdivisionScheme = "none"
        }

        def Mesh "Road_304"
        {
            point3f[] points = [(1152.5221, -428.7806, 6.3100), (1153.0081, -426.5007, 6.3060), (1156.0631, -413.7406, 6.2430), (1156.2133, -413.0431, 6.2430), (1162.6235, -379.6670, 6.2300), (1162.9991, -377.9305, 6.2300), (1164.7075, -370.1204, 6.2650), (1164.9111, -369.1303, 6.2730), (1165.2914, -367.2299, 6.2770), (1168.8162, -345.5302, 6.3700), (1155.9453, -429.5098, 6.3100), (1156.4149, -427.3029, 6.3060), (1159.4679, -414.5511, 6.2430), (1159.6501, -413.7050, 6.2430), (1166.0599, -380.3311, 6.2300), (1166.4186, -378.6771, 6.2300), (1168.1278, -370.8634, 6.2650), (1168.3420, -369.8223, 6.2730), (1168.7444, -367.8014, 6.2770), (1172.2709, -346.0913, 6.3700)]
            int[] faceVertexCounts = [4, 4, 4, 4, 4, 4, 4, 4, 4]
            int[] faceVertexIndices = [0, 1, 11, 10, 1, 2, 12, 11, 2, 3, 13, 12, 3, 4, 14, 13, 4, 5, 15, 14, 5, 6, 16, 15, 6, 7, 17, 16, 7, 8, 18, 17, 8, 9, 19, 18]
            uniform token subdivisionScheme = "none"
        }

        def Mesh "Road_305"
        {
            point3f[] points = [(1484.0482, -471.3115, 6.6740), (1448.9137, -462.7215, 6.5770), (1411.9054, -453.6223, 6.4750), (1398.3391, -449.9903, 6.4950), (1392.5595, -448.1469, 6.4580), (1390.8392, -447.5449, 6.4870), (1383.3332, -444.6290, 6.4650), (1372.2889, -439.7689, 6.4350), (1346.8369, -428.1043, 6.2200), (1346.3680, -427.8790, 6.2200), (1323.1413, -417.2643, 6.2230), (1484.8795, -467.9117, 6.6740), (1449.7472, -459.3222, 6.5770), (1412.7598, -450.2282, 6.4750), (1399.2922, -446.6226, 6.4950), (1393.6441, -444.8193, 6.4580), (1392.0866, -444.2747, 6.4870), (1384.6863, -441.4012, 6.4650), (1373.7326, -436.5805, 6.4350), (1348.2961, -424.9230, 6.2200), (1347.8240, -424.6963, 6.2200), (1324.5961, -414.0810, 6.2230)]
            int[] faceVertexCounts = [4, 4, 4, 4, 4, 4, 4, 4, 4, 4]
            int[] faceVertexIndices = [0, 1, 12, 11, 1, 2, 13, 12, 2, 3, 14, 13, 3, 4, 15, 14, 4, 5, 16, 15, 5, 6, 17, 16, 6, 7, 18, 17, 7, 8, 19, 18, 8, 9, 20, 19, 9, 10, 21, 20]
            uniform token subdivisionScheme = "none"
        }

        def Mesh "Road_306"
        {
            point3f[] points = [(181.7714, -587.2716, 2.7460), (168.2913, -583.3097, 2.7630), (158.7794, -579.4714, 3.0570), (148.5490, -572.6140, 3.3210), (140.3331, -564.8878, 3.9380), (132.2499, -554.8905, 4.2850), (123.2543, -543.3275, 4.5730), (110.7497, -527.8734, 4.9260), (98.3308, -514.4756, 5.1860), (90.7940, -506.4048, 5.1260), (85.5765, -499.9907, 4.8400), (82.9413, -495.1991, 4.2510), (81.1827, -488.9542, 4.4520), (82.5145, -482.9847, 4.6560), (182.7580, -583.9135, 2.7460), (169.4124, -579.9941, 2.7630), (160.4466, -576.3939, 3.0570), (150.7201, -569.8688, 3.3210), (142.9110, -562.5205, 3.9380), (134.9938, -552.7177, 4.2850), (125.9928, -541.1480, 4.5730), (113.3983, -525.5854, 4.9260), (100.8944, -512.0928, 5.1860), (93.4197, -504.0905, 5.1260), (88.4375, -497.9746, 4.8400), (86.1862, -493.8875, 4.2510), (84.6810, -488.8461, 4.4520), (85.9230, -483.7797, 4.6560)]
            int[] faceVertexCounts = [4, 4, 4, 4, 4, 4, 4, 4, 4, 4, 4, 4, 4]
            int[] faceVertexIndices = [0, 1, 15, 14, 1, 2, 16, 15, 2, 3, 17, 16, 3, 4, 18, 17, 4, 5, 19, 18, 5, 6, 20, 19, 6, 7, 21, 20, 7, 8, 22, 21, 8, 9, 23, 22, 9, 10, 24, 23, 10, 11, 25, 24, 11, 12, 26, 25, 12, 13, 27, 26]
            uniform token subdivisionScheme = "none"
        }

        def Mesh "Road_307"
        {
            point3f[] points = [(27.6560, -63.9451, 3.7150), (40.7819, -51.6448, 3.6500), (41.8933, -50.5548, 3.6650), (51.7423, -40.5016, 3.6970), (54.3963, -37.6163, 3.6970), (55.5681, -36.1853, 3.6980), (56.6177, -34.6216, 3.6820), (56.9171, -34.1017, 3.6820), (58.7734, -30.5203, 3.7260), (59.9417, -28.7072, 3.7690), (61.5550, -27.1228, 3.7490), (63.1544, -25.7964, 3.8300), (63.5520, -25.4816, 3.8300), (65.0586, -24.2114, 3.8900), (66.0932, -23.2984, 3.8900), (30.0493, -66.4990, 3.7150), (43.1800, -54.1942, 3.6500), (44.3884, -53.0094, 3.6650), (54.2593, -42.9335, 3.6970), (57.0175, -39.9358, 3.6970), (58.3776, -38.2724, 3.6980), (59.5580, -36.5203, 3.6820), (60.0129, -35.7344, 3.6820), (61.8342, -32.2180, 3.7260), (62.6453, -30.9299, 3.7690), (63.8941, -29.7264, 3.7490), (65.3749, -28.5019, 3.8300), (65.7914, -28.1714, 3.8300), (67.3393, -26.8662, 3.8900), (68.4086, -25.9231, 3.8900)]
            int[] faceVertexCounts = [4, 4, 4, 4, 4, 4, 4, 4, 4, 4, 4, 4, 4, 4]
            int[] faceVertexIndices = [0, 1, 16, 15, 1, 2, 17, 16, 2, 3, 18, 17, 3, 4, 19, 18, 4, 5, 20, 19, 5, 6, 21, 20, 6, 7, 22, 21, 7, 8, 23, 22, 8, 9, 24, 23, 9, 10, 25, 24, 10, 11, 26, 25, 11, 12, 27, 26, 12, 13, 28, 27, 13, 14, 29, 28]
            uniform token subdivisionScheme = "none"
        }

        def Mesh "Road_308"
        {
            point3f[] points = [(347.2370, -140.5203, 4.2910), (341.3965, -130.6272, 4.0860), (337.3374, -122.4135, 3.9210), (330.8414, -113.1461, 3.7360), (321.8869, -102.8626, 3.6200), (312.0218, -91.8988, 3.5490), (301.6697, -81.3293, 3.6720), (294.6643, -75.0502, 3.7990), (287.5104, -70.4553, 3.9580), (284.7790, -66.0426, 4.0290), (281.7066, -60.0866, 4.1440), (350.2508, -138.7407, 4.2910), (344.4674, -128.9481, 4.0860), (340.3326, -120.6027, 3.9210), (333.5884, -110.9772, 3.7360), (324.5071, -100.5421, 3.6200), (314.5733, -89.5030, 3.5490), (304.1065, -78.8169, 3.6720), (296.7971, -72.2751, 3.7990), (289.8497, -67.8519, 3.9580), (287.8470, -64.3583, 4.0290), (284.8173, -58.4823, 4.1440)]
            int[] faceVertexCounts = [4, 4, 4, 4, 4, 4, 4, 4, 4, 4]
            int[] faceVertexIndices = [0, 1, 12, 11, 1, 2, 13, 12, 2, 3, 14, 13, 3, 4, 15, 14, 4, 5, 16, 15, 5, 6, 17, 16, 6, 7, 18, 17, 7, 8, 19, 18, 8, 9, 20, 19, 9, 10, 21, 20]
            uniform token subdivisionScheme = "none"
        }

        def Mesh "Road_309"
        {
            point3f[] points = [(370.2224, -701.2364, 5.8480), (362.0424, -690.0003, 5.7140), (359.2308, -687.6329, 5.6910), (358.6346, -687.1405, 5.6130), (345.8243, -677.5788, 5.3860), (344.5462, -676.6459, 5.3690), (331.8181, -666.9556, 5.2820), (330.7157, -666.1059, 5.2630), (311.4066, -651.8735, 5.2320), (310.9830, -651.5693, 5.2310), (286.6260, -634.0764, 5.0430), (286.0769, -633.6795, 5.0500), (260.0969, -615.0225, 4.9090), (259.3510, -614.5053, 4.9090), (249.5845, -607.5154, 4.8770), (247.9346, -606.1831, 4.8420), (246.3805, -604.8247, 4.8210), (244.8818, -603.4168, 4.8410), (243.6950, -602.2264, 4.8360), (242.2890, -600.7092, 4.8030), (240.9451, -599.1097, 4.7750), (239.6819, -597.4305, 4.7690), (238.5150, -595.6576, 4.7800), (237.4816, -593.7792, 4.7910), (236.6019, -591.7968, 4.8020), (235.9048, -589.7663, 4.8080), (235.3781, -587.6948, 4.8410), (235.0167, -585.6041, 4.8510), (234.7881, -583.5315, 4.8390), (234.6422, -581.4731, 4.8560), (234.5666, -579.4288, 4.8520), (234.5491, -578.0551, 4.8560), (234.6853, -571.9641, 4.8870), (235.9500, -557.9936, 4.9620), (236.0019, -557.5552, 4.9620), (238.2329, -541.6961, 5.1130), (239.3536, -535.7412, 5.1890), (239.5135, -534.9808, 5.1890), (241.4353, -527.8864, 5.2810), (243.9438, -518.3425, 5.5230), (248.1608, -509.4487, 5.6790), (252.9016, -503.5464, 5.8840), (373.0517, -699.1759, 5.8480), (364.7613, -687.7963, 5.7140), (361.4968, -684.9655, 5.6910), (360.7351, -684.3409, 5.6130), (347.9151, -674.7720, 5.3860), (346.6612, -673.8572, 5.3690), (333.9396, -664.1718, 5.2820), (332.7957, -663.2910, 5.2630), (313.4825, -649.0555, 5.2320), (313.0247, -648.7265, 5.2310), (288.6679, -631.2337, 5.0430), (288.1186, -630.8367, 5.0500), (262.1371, -612.1787, 4.9090), (261.3851, -611.6570, 4.9090), (251.6454, -604.6865, 4.8770), (250.1874, -603.5045, 4.8420), (248.7308, -602.2312, 4.8210), (247.3152, -600.9012, 4.8410), (246.2228, -599.8056, 4.8360), (244.9130, -598.3930, 4.8030), (243.6843, -596.9310, 4.7750), (242.5432, -595.4148, 4.7690), (241.5121, -593.8500, 4.7800), (240.6175, -592.2249, 4.7910), (239.8595, -590.5170, 4.8020), (239.2589, -588.7662, 4.8080), (238.8013, -586.9655, 4.8410), (238.4823, -585.1147, 4.8510), (238.2738, -583.2163, 4.8390), (238.1371, -581.2849, 4.8560), (238.0653, -579.3325, 4.8520), (238.0486, -578.1103, 4.8560), (238.1768, -572.2083, 4.8870), (239.4356, -558.3117, 4.9620), (239.4680, -558.0411, 4.9620), (241.6923, -542.2275, 5.1130), (242.7920, -536.3951, 5.1890), (242.8962, -535.8793, 5.1890), (244.8178, -528.7856, 5.2810), (247.2335, -519.5373, 5.5230), (251.1529, -511.2645, 5.6790), (255.6259, -505.7437, 5.8840)]
            int[] faceVertexCounts = [4, 4, 4, 4, 4, 4, 4, 4, 4, 4, 4, 4, 4, 4, 4, 4, 4, 4, 4, 4, 4, 4, 4, 4, 4, 4, 4, 4, 4, 4, 4, 4, 4, 4, 4, 4, 4, 4, 4, 4, 4]
            int[] faceVertexIndices = [0, 1, 43, 42, 1, 2, 44, 43, 2, 3, 45, 44, 3, 4, 46, 45, 4, 5, 47, 46, 5, 6, 48, 47, 6, 7, 49, 48, 7, 8, 50, 49, 8, 9, 51, 50, 9, 10, 52, 51, 10, 11, 53, 52, 11, 12, 54, 53, 12, 13, 55, 54, 13, 14, 56, 55, 14, 15, 57, 56, 15, 16, 58, 57, 16, 17, 59, 58, 17, 18, 60, 59, 18, 19, 61, 60, 19, 20, 62, 61, 20, 21, 63, 62, 21, 22, 64, 63, 22, 23, 65, 64, 23, 24, 66, 65, 24, 25, 67, 66, 25, 26, 68, 67, 26, 27, 69, 68, 27, 28, 70, 69, 28, 29, 71, 70, 29, 30, 72, 71, 30, 31, 73, 72, 31, 32, 74, 73, 32, 33, 75, 74, 33, 34, 76, 75, 34, 35, 77, 76, 35, 36, 78, 77, 36, 37, 79, 78, 37, 38, 80, 79, 38, 39, 81, 80, 39, 40, 82, 81, 40, 41, 83, 82]
            uniform token subdivisionScheme = "none"
        }

        def Mesh "Road_310"
        {
            point3f[] points = [(2024.6319, -357.9116, 6.7380), (2004.1993, -353.1433, 6.7720), (2025.4273, -354.5032, 6.7380), (2004.9947, -349.7349, 6.7720)]
            int[] faceVertexCounts = [4]
            int[] faceVertexIndices = [0, 1, 3, 2]
            uniform token subdivisionScheme = "none"
        }

        def Mesh "Road_311"
        {
            point3f[] points = [(477.9668, -550.4739, 6.1960), (473.3370, -545.5856, 6.2130), (468.7588, -539.3184, 6.0350), (465.5399, -529.4940, 5.8510), (462.9599, -520.3452, 5.8170), (457.7672, -502.2311, 5.8640), (452.4108, -483.1462, 6.0470), (480.5066, -548.0657, 6.1960), (476.0288, -543.3487, 6.2130), (471.9112, -537.7977, 6.0350), (468.8881, -528.4744, 5.8510), (466.3258, -519.3856, 5.8170), (461.1344, -501.2762, 5.8640), (455.7806, -482.2004, 6.0470)]
            int[] faceVertexCounts = [4, 4, 4, 4, 4, 4]
            int[] faceVertexIndices = [0, 1, 8, 7, 1, 2, 9, 8, 2, 3, 10, 9, 3, 4, 11, 10, 4, 5, 12, 11, 5, 6, 13, 12]
            uniform token subdivisionScheme = "none"
        }

        def Mesh "Road_312"
        {
            point3f[] points = [(728.2613, -374.7282, 7.5550), (718.9770, -363.8799, 7.1440), (730.9204, -372.4525, 7.5550), (721.6361, -361.6041, 7.1440)]
            int[] faceVertexCounts = [4]
            int[] faceVertexIndices = [0, 1, 3, 2]
            uniform token subdivisionScheme = "none"
        }

        def Mesh "Road_313"
        {
            point3f[] points = [(947.6286, -1283.6559, 5.3040), (940.9886, -1269.4160, 5.1080), (931.8042, -1251.2889, 4.9640), (923.1283, -1232.6936, 4.9570), (917.9441, -1221.2304, 5.0080), (910.9288, -1206.0744, 5.1510), (901.3210, -1186.4710, 5.2620), (891.9741, -1167.3419, 5.3140), (884.7582, -1151.4824, 5.3910), (879.0030, -1139.2525, 5.4400), (871.6389, -1123.4969, 5.4470), (863.8927, -1108.2550, 5.4580), (859.3757, -1098.5056, 5.4590), (950.8007, -1282.1767, 5.3040), (944.1330, -1267.8787, 5.1080), (934.9517, -1249.7581, 4.9640), (926.3067, -1231.2281, 4.9570), (921.1258, -1219.7722, 5.0080), (914.0863, -1204.5644, 5.1510), (904.4647, -1184.9325, 5.2620), (895.1376, -1165.8444, 5.3140), (887.9358, -1150.0151, 5.3910), (882.1721, -1137.7669, 5.4400), (874.7850, -1121.9633, 5.4470), (867.0348, -1106.7132, 5.4580), (862.5515, -1097.0344, 5.4590)]
            int[] faceVertexCounts = [4, 4, 4, 4, 4, 4, 4, 4, 4, 4, 4, 4]
            int[] faceVertexIndices = [0, 1, 14, 13, 1, 2, 15, 14, 2, 3, 16, 15, 3, 4, 17, 16, 4, 5, 18, 17, 5, 6, 19, 18, 6, 7, 20, 19, 7, 8, 21, 20, 8, 9, 22, 21, 9, 10, 23, 22, 10, 11, 24, 23, 11, 12, 25, 24]
            uniform token subdivisionScheme = "none"
        }

        def Mesh "Road_314"
        {
            point3f[] points = [(120.7604, -856.8405, 9.0190), (121.7677, -856.1710, 8.9550), (128.4127, -851.7274, 8.6250), (129.6095, -850.9157, 8.5410), (137.8398, -845.2479, 8.0600), (138.2984, -844.9301, 8.0750), (148.1815, -838.1293, 7.5530), (148.7381, -837.7561, 7.5530), (158.6543, -831.0104, 7.0510), (159.0166, -830.7538, 6.9840), (168.7466, -823.7373, 6.7530), (169.2734, -823.3711, 6.6620), (177.5533, -817.7709, 6.4680), (178.4025, -817.1899, 6.4680), (183.2519, -813.6817, 6.3640), (183.6000, -813.4104, 6.3640), (188.2280, -809.6029, 6.3220), (122.6975, -859.7555, 9.0190), (123.7122, -859.0812, 8.9550), (130.3613, -854.6348, 8.6250), (131.5920, -853.8001, 8.5410), (139.8254, -848.1302, 8.0600), (140.2829, -847.8132, 8.0750), (150.1637, -841.0139, 7.5530), (150.7057, -840.6507, 7.5530), (160.6250, -833.9028, 7.0510), (161.0628, -833.5934, 6.9840), (170.7915, -826.5778, 6.7530), (171.2363, -826.2689, 6.6620), (179.5158, -820.6689, 6.4680), (180.4428, -820.0338, 6.4680), (185.3116, -816.5115, 6.3640), (185.8176, -816.1183, 6.3640), (190.4517, -812.3057, 6.3220)]
            int[] faceVertexCounts = [4, 4, 4, 4, 4, 4, 4, 4, 4, 4, 4, 4, 4, 4, 4, 4]
            int[] faceVertexIndices = [0, 1, 18, 17, 1, 2, 19, 18, 2, 3, 20, 19, 3, 4, 21, 20, 4, 5, 22, 21, 5, 6, 23, 22, 6, 7, 24, 23, 7, 8, 25, 24, 8, 9, 26, 25, 9, 10, 27, 26, 10, 11, 28, 27, 11, 12, 29, 28, 12, 13, 30, 29, 13, 14, 31, 30, 14, 15, 32, 31, 15, 16, 33, 32]
            uniform token subdivisionScheme = "none"
        }

        def Mesh "Road_315"
        {
            point3f[] points = [(1488.5040, -452.8176, 6.6790), (1531.1233, -453.8258, 6.4620), (1573.7017, -453.1987, 6.3940), (1670.5546, -450.0821, 5.9900), (1488.4213, -456.3166, 6.6790), (1531.1077, -457.3258, 6.4620), (1573.7956, -456.6974, 6.3940), (1670.6671, -453.5803, 5.9900)]
            int[] faceVertexCounts = [4, 4, 4]
            int[] faceVertexIndices = [0, 1, 5, 4, 1, 2, 6, 5, 2, 3, 7, 6]
            uniform token subdivisionScheme = "none"
        }

        def Mesh "Road_316"
        {
            point3f[] points = [(1926.5280, -318.1686, 5.7420), (1926.4474, -299.9683, 5.3470), (1922.9033, -178.0811, 4.1050), (1922.8458, -176.6442, 4.1050), (1921.5737, -149.3787, 4.1970), (1930.0279, -318.1531, 5.7420), (1929.9462, -299.8778, 5.3470), (1926.4018, -177.9789, 4.1050), (1926.3421, -176.4823, 4.1050), (1925.0699, -149.2156, 4.1970)]
            int[] faceVertexCounts = [4, 4, 4, 4]
            int[] faceVertexIndices = [0, 1, 6, 5, 1, 2, 7, 6, 2, 3, 8, 7, 3, 4, 9, 8]
            uniform token subdivisionScheme = "none"
        }

        def Mesh "Road_317"
        {
            point3f[] points = [(396.8542, -286.1285, 5.5490), (392.7938, -268.4613, 5.3720), (392.3783, -266.7947, 5.3720), (385.7601, -241.6620, 5.5880), (385.3444, -240.0288, 5.5940), (380.9877, -224.3260, 5.4030), (400.2652, -285.3446, 5.5490), (396.2036, -267.6718, 5.3720), (395.7637, -265.9063, 5.3720), (389.1452, -240.7724, 5.5880), (388.7189, -239.0999, 5.5940), (384.3603, -223.3902, 5.4030)]
            int[] faceVertexCounts = [4, 4, 4, 4, 4]
            int[] faceVertexIndices = [0, 1, 7, 6, 1, 2, 8, 7, 2, 3, 9, 8, 3, 4, 10, 9, 4, 5, 11, 10]
            uniform token subdivisionScheme = "none"
        }

        def Mesh "Road_318"
        {
            point3f[] points = [(2159.2699, -528.7826, 6.6730), (2135.2051, -524.3400, 6.6010), (2133.5081, -524.0556, 6.5800), (2105.7964, -520.1756, 6.6400), (2105.1645, -520.1051, 6.6230), (2079.2832, -517.8019, 6.6850), (2077.5488, -517.6878, 6.7020), (2059.5855, -516.9052, 6.7770), (2057.6659, -516.8885, 6.7760), (2051.6864, -516.9528, 6.7550), (2050.0520, -517.0019, 6.7490), (2038.1349, -517.7642, 6.6370), (2022.2714, -519.4907, 6.6020), (2021.1865, -519.6194, 6.6170), (2159.9053, -525.3408, 6.6730), (2135.8366, -520.8974, 6.6010), (2133.9990, -520.5902, 6.5800), (2106.2793, -516.7091, 6.6400), (2105.4769, -516.6191, 6.6230), (2079.5882, -514.3152, 6.6850), (2077.7082, -514.1914, 6.7020), (2059.7258, -513.4080, 6.7770), (2057.6456, -513.3885, 6.7760), (2051.6335, -513.4532, 6.7550), (2049.8430, -513.5081, 6.7490), (2037.8227, -514.2781, 6.6370), (2021.8906, -516.0115, 6.6020), (2020.7745, -516.1437, 6.6170)]
            int[] faceVertexCounts = [4, 4, 4, 4, 4, 4, 4, 4, 4, 4, 4, 4, 4]
            int[] faceVertexIndices = [0, 1, 15, 14, 1, 2, 16, 15, 2, 3, 17, 16, 3, 4, 18, 17, 4, 5, 19, 18, 5, 6, 20, 19, 6, 7, 21, 20, 7, 8, 22, 21, 8, 9, 23, 22, 9, 10, 24, 23, 10, 11, 25, 24, 11, 12, 26, 25, 12, 13, 27, 26]
            uniform token subdivisionScheme = "none"
        }

        def Mesh "Road_319"
        {
            point3f[] points = [(1939.6867, -319.7650, 5.8120), (1938.5316, -313.8741, 5.7830), (1938.1687, -311.8835, 5.7320), (1936.3789, -300.0139, 5.4710), (1936.2981, -299.3999, 5.4710), (1934.9550, -287.4716, 5.1560), (1934.7991, -285.4667, 5.0970), (1934.1808, -269.2310, 4.7000), (1933.7599, -257.2402, 4.6260), (1933.7065, -255.6530, 4.5990), (1933.2029, -237.6641, 4.4310), (1932.1470, -211.7037, 4.2120), (1932.1329, -211.1310, 4.2120), (1931.8470, -187.1413, 3.9940), (1931.8390, -186.6996, 3.9940), (1931.0930, -164.7222, 3.9090), (1931.0456, -163.4898, 3.9160), (1930.6883, -149.7193, 4.0550), (1943.1213, -319.0915, 5.8120), (1941.9683, -313.2117, 5.7830), (1941.6273, -311.3467, 5.7320), (1939.8402, -299.4949, 5.4710), (1939.7758, -299.0054, 5.4710), (1938.4348, -287.0963, 5.1560), (1938.2960, -285.3190, 5.0970), (1937.6785, -269.1023, 4.7000), (1937.2577, -257.1180, 4.6260), (1937.2050, -255.5534, 4.5990), (1936.7007, -237.5400, 4.4310), (1935.6442, -211.5626, 4.2120), (1935.6326, -211.0884, 4.2120), (1935.3467, -187.0992, 3.9940), (1935.3370, -186.5820, 3.9940), (1934.5909, -164.6026, 3.9090), (1934.5443, -163.3955, 3.9160), (1934.1871, -149.6285, 4.0550)]
            int[] faceVertexCounts = [4, 4, 4, 4, 4, 4, 4, 4, 4, 4, 4, 4, 4, 4, 4, 4, 4]
            int[] faceVertexIndices = [0, 1, 19, 18, 1, 2, 20, 19, 2, 3, 21, 20, 3, 4, 22, 21, 4, 5, 23, 22, 5, 6, 24, 23, 6, 7, 25, 24, 7, 8, 26, 25, 8, 9, 27, 26, 9, 10, 28, 27, 10, 11, 29, 28, 11, 12, 30, 29, 12, 13, 31, 30, 13, 14, 32, 31, 14, 15, 33, 32, 15, 16, 34, 33, 16, 17, 35, 34]
            uniform token subdivisionScheme = "none"
        }

        def Mesh "Road_320"
        {
            point3f[] points = [(1491.4409, -377.6831, 6.5850), (1490.3228, -377.5780, 6.6010), (1489.4613, -377.4796, 6.6010), (1487.4269, -377.2354, 6.6280), (1477.4955, -375.7180, 6.7080), (1471.5529, -374.4093, 6.7240), (1469.5588, -373.8889, 6.7370), (1463.7517, -372.1493, 6.6400), (1457.9962, -370.0710, 6.5330), (1439.5790, -362.2331, 6.1430), (1438.3835, -361.7057, 6.1620), (1420.0400, -353.7583, 6.0060), (1491.7685, -374.1985, 6.5850), (1490.6806, -374.0963, 6.6010), (1489.8719, -374.0037, 6.6010), (1487.9367, -373.7727, 6.6280), (1478.1086, -372.2722, 6.7080), (1472.3387, -370.9987, 6.7240), (1470.5333, -370.5273, 6.7370), (1464.8482, -368.8255, 6.6400), (1459.3250, -366.8331, 6.5330), (1440.9521, -359.0137, 6.1430), (1439.7763, -358.4947, 6.1620), (1421.4314, -350.5468, 6.0060)]
            int[] faceVertexCounts = [4, 4, 4, 4, 4, 4, 4, 4, 4, 4, 4]
            int[] faceVertexIndices = [0, 1, 13, 12, 1, 2, 14, 13, 2, 3, 15, 14, 3, 4, 16, 15, 4, 5, 17, 16, 5, 6, 18, 17, 6, 7, 19, 18, 7, 8, 20, 19, 8, 9, 21, 20, 9, 10, 22, 21, 10, 11, 23, 22]
            uniform token subdivisionScheme = "none"
        }

        def Mesh "Road_321"
        {
            point3f[] points = [(1106.0360, -209.8237, 6.4120), (1102.6452, -204.8937, 6.3210), (1101.4933, -203.3354, 6.3140), (1100.7216, -202.3396, 6.3070), (1098.2144, -199.3446, 6.2710), (1092.7271, -193.5843, 6.2120), (1092.1319, -192.9865, 6.2020), (1079.4349, -180.2357, 6.1070), (1078.9795, -179.7597, 6.1070), (1064.2970, -163.3806, 5.9240), (1061.8757, -160.5601, 5.9040), (1108.9198, -207.8402, 6.4120), (1105.5121, -202.8859, 6.3210), (1104.2887, -201.2293, 6.3140), (1103.4256, -200.1173, 6.3070), (1100.7994, -196.9850, 6.2710), (1095.2562, -191.1649, 6.2120), (1094.6120, -190.5169, 6.2020), (1081.9164, -177.7675, 6.1070), (1081.5837, -177.4213, 6.1070), (1066.9104, -161.0525, 5.9240), (1064.5316, -158.2805, 5.9040)]
            int[] faceVertexCounts = [4, 4, 4, 4, 4, 4, 4, 4, 4, 4]
            int[] faceVertexIndices = [0, 1, 12, 11, 1, 2, 13, 12, 2, 3, 14, 13, 3, 4, 15, 14, 4, 5, 16, 15, 5, 6, 17, 16, 6, 7, 18, 17, 7, 8, 19, 18, 8, 9, 20, 19, 9, 10, 21, 20]
            uniform token subdivisionScheme = "none"
        }

        def Mesh "Road_322"
        {
            point3f[] points = [(1863.5617, -1703.5125, 7.4110), (1873.6860, -1703.0563, 7.3710), (1879.9286, -1702.3293, 7.2800), (1887.8127, -1700.7487, 7.4020), (1899.8017, -1696.1570, 7.2600), (1914.7044, -1690.8888, 7.2020), (1927.9875, -1686.8919, 7.3030), (1863.7194, -1707.0089, 7.4110), (1873.9398, -1706.5471, 7.3710), (1880.4952, -1705.7831, 7.2800), (1888.8485, -1704.0919, 7.4020), (1901.0064, -1699.4432, 7.2600), (1915.7973, -1694.2137, 7.2020), (1928.9958, -1690.2435, 7.3030)]
            int[] faceVertexCounts = [4, 4, 4, 4, 4, 4]
            int[] faceVertexIndices = [0, 1, 8, 7, 1, 2, 9, 8, 2, 3, 10, 9, 3, 4, 11, 10, 4, 5, 12, 11, 5, 6, 13, 12]
            uniform token subdivisionScheme = "none"
        }

        def Mesh "Road_323"
        {
            point3f[] points = [(408.5350, -1205.4788, 5.6090), (399.0632, -1205.2854, 5.6190), (397.9330, -1205.2681, 5.6190), (377.9463, -1204.7354, 5.6770), (376.7063, -1204.6661, 5.6680), (358.7533, -1203.4870, 5.7750), (357.9889, -1203.4590, 5.7750), (355.9354, -1203.3492, 5.7790), (353.6951, -1203.0902, 5.7920), (351.5320, -1202.3158, 5.8240), (350.7490, -1201.8131, 5.8390), (408.6064, -1201.9795, 5.6090), (399.1328, -1201.7861, 5.6190), (398.0242, -1201.7693, 5.6190), (378.0454, -1201.2368, 5.6770), (376.9337, -1201.1735, 5.6680), (358.9785, -1199.9943, 5.7750), (358.1589, -1199.9631, 5.7750), (356.2204, -1199.8609, 5.7790), (354.4882, -1199.6812, 5.7920), (352.9158, -1199.1010, 5.8240), (352.7520, -1198.9430, 5.8390)]
            int[] faceVertexCounts = [4, 4, 4, 4, 4, 4, 4, 4, 4, 4]
            int[] faceVertexIndices = [0, 1, 12, 11, 1, 2, 13, 12, 2, 3, 14, 13, 3, 4, 15, 14, 4, 5, 16, 15, 5, 6, 17, 16, 6, 7, 18, 17, 7, 8, 19, 18, 8, 9, 20, 19, 9, 10, 21, 20]
            uniform token subdivisionScheme = "none"
        }

        def Mesh "Road_324"
        {
            point3f[] points = [(474.3196, -1248.0818, 5.7200), (475.1800, -1229.1059, 5.7090), (475.8221, -1216.4488, 5.7330), (477.8160, -1248.2403, 5.7200), (478.6760, -1229.2720, 5.7090), (479.3176, -1216.6262, 5.7330)]
            int[] faceVertexCounts = [4, 4]
            int[] faceVertexIndices = [0, 1, 4, 3, 1, 2, 5, 4]
            uniform token subdivisionScheme = "none"
        }

        def Mesh "Road_325"
        {
            point3f[] points = [(173.6952, -1078.4966, 6.4950), (169.0647, -1070.4757, 6.7940), (167.6766, -1068.0332, 6.6950), (165.2358, -1063.7396, 6.9010), (163.2858, -1060.2390, 6.9720), (162.3984, -1058.6421, 6.9130), (148.6605, -1033.9569, 7.4730), (147.5593, -1032.0565, 7.4900), (135.7717, -1011.1584, 8.1000), (135.1057, -1009.9234, 8.1000), (133.0705, -1005.7611, 8.1970), (176.7263, -1076.7468, 6.4950), (172.0986, -1068.7305, 6.7940), (170.7194, -1066.3036, 6.6950), (168.2852, -1062.0217, 6.9010), (166.3440, -1058.5368, 6.9720), (165.4568, -1056.9402, 6.9130), (151.7167, -1032.2511, 7.4730), (150.6061, -1030.3340, 7.4900), (138.8219, -1009.4419, 8.1000), (138.2361, -1008.3580, 8.1000), (136.2148, -1004.2238, 8.1970)]
            int[] faceVertexCounts = [4, 4, 4, 4, 4, 4, 4, 4, 4, 4]
            int[] faceVertexIndices = [0, 1, 12, 11, 1, 2, 13, 12, 2, 3, 14, 13, 3, 4, 15, 14, 4, 5, 16, 15, 5, 6, 17, 16, 6, 7, 18, 17, 7, 8, 19, 18, 8, 9, 20, 19, 9, 10, 21, 20]
            uniform token subdivisionScheme = "none"
        }

        def Mesh "Road_326"
        {
            point3f[] points = [(5.3093, -760.4585, 7.1690), (-1.2397, -756.1450, 0.3000), (-7.0131, -751.7826, 0.3000), (-14.1465, -746.9247, 0.3000), (-21.2115, -742.8458, 0.3000), (-30.7751, -740.0192, 0.3000), (-43.7417, -737.7233, 0.3000), (-55.7052, -737.3708, 0.3000), (-71.2260, -737.3426, 0.3000), (-94.7641, -737.3755, 0.3000), (-120.4556, -737.5487, 0.3000), (-141.9240, -738.0639, 0.3000), (7.2342, -757.5353, 7.1690), (0.7754, -753.2833, 0.3000), (-4.9792, -748.9343, 0.3000), (-12.2858, -743.9603, 0.3000), (-19.8693, -739.6134, 0.3000), (-29.9972, -736.6068, 0.3000), (-43.3713, -734.2430, 0.3000), (-55.6558, -733.8712, 0.3000), (-71.2264, -733.8426, 0.3000), (-94.7788, -733.8755, 0.3000), (-120.5067, -734.0491, 0.3000), (-142.0080, -734.5649, 0.3000)]
            int[] faceVertexCounts = [4, 4, 4, 4, 4, 4, 4, 4, 4, 4, 4]
            int[] faceVertexIndices = [0, 1, 13, 12, 1, 2, 14, 13, 2, 3, 15, 14, 3, 4, 16, 15, 4, 5, 17, 16, 5, 6, 18, 17, 6, 7, 19, 18, 7, 8, 20, 19, 8, 9, 21, 20, 9, 10, 22, 21, 10, 11, 23, 22]
            uniform token subdivisionScheme = "none"
        }

        def Mesh "Road_327"
        {
            point3f[] points = [(302.1694, -1481.7443, 6.4200), (303.7366, -1473.1966, 6.4730), (305.1231, -1465.0096, 6.7750), (305.6120, -1482.3755, 6.4200), (307.1833, -1473.8050, 6.4730), (308.5740, -1465.5940, 6.7750)]
            int[] faceVertexCounts = [4, 4]
            int[] faceVertexIndices = [0, 1, 4, 3, 1, 2, 5, 4]
            uniform token subdivisionScheme = "none"
        }

        def Mesh "Road_328"
        {
            point3f[] points = [(450.2649, -1207.7159, 5.6900), (438.2838, -1207.1201, 5.4390), (437.3975, -1207.0688, 5.4410), (415.4488, -1205.7169, 5.5630), (415.0246, -1205.6989, 5.5630), (408.5114, -1205.4781, 5.6090), (450.4388, -1204.2203, 5.6900), (438.4596, -1203.6245, 5.4390), (437.6122, -1203.5754, 5.4410), (415.6626, -1202.2235, 5.5630), (415.1453, -1202.2010, 5.5630), (408.6300, -1201.9801, 5.6090)]
            int[] faceVertexCounts = [4, 4, 4, 4, 4]
            int[] faceVertexIndices = [0, 1, 7, 6, 1, 2, 8, 7, 2, 3, 9, 8, 3, 4, 10, 9, 4, 5, 11, 10]
            uniform token subdivisionScheme = "none"
        }

        def Mesh "Road_329"
        {
            point3f[] points = [(905.5802, -1831.6318, 6.1330), (902.7698, -1833.1588, 6.3000), (894.4610, -1837.4623, 0.3000), (883.2942, -1842.1020, 0.3000), (873.3182, -1847.2396, 0.3000), (860.5567, -1853.1253, 0.3000), (851.5427, -1857.3854, 0.3000), (843.0081, -1861.5806, 0.3000), (837.1497, -1863.4107, 0.3000), (828.9490, -1862.8525, 0.3000), (819.8405, -1860.8648, 0.3000), (808.8319, -1857.0086, 0.3000), (799.9311, -1853.3801, 0.3000), (795.9937, -1847.4144, 0.3000), (788.7135, -1831.9968, 5.2990), (782.4093, -1818.6595, 5.2330), (773.5980, -1800.1006, 5.0340), (765.7859, -1784.5948, 4.7550), (756.0491, -1763.4849, 4.8600), (745.4643, -1740.3027, 4.9150), (737.7252, -1723.3936, 4.8500), (727.3812, -1702.9936, 4.7520), (719.3478, -1686.2380, 4.9930), (709.5447, -1665.1511, 5.2480), (699.5524, -1644.3689, 5.4530), (686.9453, -1617.6042, 5.5300), (676.6594, -1595.5790, 5.5160), (667.1834, -1575.3260, 5.2430), (660.8913, -1561.8215, 5.1510), (652.6495, -1544.1303, 5.0960), (640.3541, -1519.2453, 5.2250), (632.1657, -1500.7069, 5.2040), (623.3741, -1481.9986, 5.2630), (614.0654, -1462.8545, 5.3210), (606.0186, -1448.2459, 5.2570), (601.5176, -1434.7069, 5.1990), (596.5485, -1417.9469, 5.2150), (593.6619, -1400.5304, 5.1780), (592.0376, -1382.9123, 5.1220), (591.1920, -1369.9215, 5.2120), (592.7189, -1348.9636, 5.3230), (593.5439, -1331.2954, 5.2520), (594.0880, -1307.8907, 5.2570), (595.5191, -1274.8512, 5.2350), (596.5035, -1251.0159, 5.3670), (598.6809, -1236.2740, 5.4490), (602.6374, -1218.4225, 5.6620), (903.9091, -1828.5565, 6.1330), (901.1439, -1830.0593, 6.3000), (893.0007, -1834.2814, 0.3000), (881.8251, -1838.9253, 0.3000), (871.7913, -1844.0902, 0.3000), (859.0785, -1849.9527, 0.3000), (850.0231, -1854.2325, 0.3000), (841.6392, -1858.3593, 0.3000), (836.8435, -1859.9241, 0.3000), (829.4647, -1859.3907, 0.3000), (820.8187, -1857.5043, 0.3000), (810.0539, -1853.7288, 0.3000), (802.0061, -1850.5615, 0.3000), (799.1053, -1845.8117, 0.3000), (791.8782, -1830.5019, 5.2990), (785.5721, -1817.1606, 5.2330), (776.7435, -1798.5657, 5.0340), (768.9421, -1783.0821, 4.7550), (759.2302, -1762.0254, 4.8600), (748.6475, -1738.8477, 4.9150), (740.8748, -1721.8670, 4.8500), (730.5184, -1701.4418, 4.7520), (722.5138, -1684.7458, 4.9930), (712.7088, -1663.6551, 5.2480), (702.7135, -1642.8664, 5.4530), (690.1138, -1616.1174, 5.5300), (679.8301, -1594.0969, 5.5160), (670.3545, -1573.8448, 5.2430), (664.0638, -1560.3434, 5.1510), (655.8019, -1542.6097, 5.0960), (643.5196, -1517.7520, 5.2250), (635.3503, -1499.2551, 5.2040), (626.5317, -1480.4886, 5.2630), (617.1779, -1461.2538, 5.3210), (609.2149, -1446.8199, 5.2570), (604.8585, -1433.6635, 5.1990), (599.9594, -1417.1625, 5.2150), (597.1333, -1400.0841, 5.1780), (595.5262, -1382.6300, 5.1220), (594.6913, -1369.9925, 5.2120), (596.2124, -1349.1764, 5.3230), (597.0420, -1331.4121, 5.2520), (597.5858, -1308.0131, 5.2570), (599.0160, -1274.9997, 5.2350), (599.9919, -1251.3011, 5.3670), (602.1203, -1236.9222, 5.4490), (606.0544, -1219.1800, 5.6620)]
            int[] faceVertexCounts = [4, 4, 4, 4, 4, 4, 4, 4, 4, 4, 4, 4, 4, 4, 4, 4, 4, 4, 4, 4, 4, 4, 4, 4, 4, 4, 4, 4, 4, 4, 4, 4, 4, 4, 4, 4, 4, 4, 4, 4, 4, 4, 4, 4, 4, 4]
            int[] faceVertexIndices = [0, 1, 48, 47, 1, 2, 49, 48, 2, 3, 50, 49, 3, 4, 51, 50, 4, 5, 52, 51, 5, 6, 53, 52, 6, 7, 54, 53, 7, 8, 55, 54, 8, 9, 56, 55, 9, 10, 57, 56, 10, 11, 58, 57, 11, 12, 59, 58, 12, 13, 60, 59, 13, 14, 61, 60, 14, 15, 62, 61, 15, 16, 63, 62, 16, 17, 64, 63, 17, 18, 65, 64, 18, 19, 66, 65, 19, 20, 67, 66, 20, 21, 68, 67, 21, 22, 69, 68, 22, 23, 70, 69, 23, 24, 71, 70, 24, 25, 72, 71, 25, 26, 73, 72, 26, 27, 74, 73, 27, 28, 75, 74, 28, 29, 76, 75, 29, 30, 77, 76, 30, 31, 78, 77, 31, 32, 79, 78, 32, 33, 80, 79, 33, 34, 81, 80, 34, 35, 82, 81, 35, 36, 83, 82, 36, 37, 84, 83, 37, 38, 85, 84, 38, 39, 86, 85, 39, 40, 87, 86, 40, 41, 88, 87, 41, 42, 89, 88, 42, 43, 90, 89, 43, 44, 91, 90, 44, 45, 92, 91, 45, 46, 93, 92]
            uniform token subdivisionScheme = "none"
        }

        def Mesh "Road_330"
        {
            point3f[] points = [(1359.5873, -23.5472, 5.1450), (1360.0480, -5.0016, 5.0470), (1359.9459, -1.0320, 5.0560), (1360.0554, 3.1622, 0.3000), (1360.4997, 11.1504, 0.3000), (1360.5359, 13.0678, 0.3000), (1360.5048, 15.0858, 0.3000), (1360.3878, 16.9990, 0.3000), (1360.1799, 18.9047, 0.3000), (1359.8839, 20.7984, 0.3000), (1359.4987, 22.6751, 0.3000), (1359.0231, 24.5303, 0.3000), (1358.4511, 26.3908, 0.3000), (1358.3289, 26.7488, 0.3000), (1357.6460, 28.5578, 0.3000), (1356.8755, 30.2692, 0.3000), (1356.0013, 31.8695, 0.3000), (1354.7875, 33.5835, 0.3000), (1353.5787, 34.9209, 0.3000), (1352.2216, 36.1591, 0.3000), (1350.7479, 37.2819, 0.3000), (1349.1705, 38.3000, 0.3000), (1345.7387, 40.2997, 0.3000), (1344.5679, 40.9835, 0.3000), (1329.4401, 50.7340, 0.3000), (1328.0381, 51.6786, 0.3000), (1312.9169, 61.8657, 0.3000), (1298.0315, 72.1311, 0.3000), (1363.0862, -23.6341, 5.1450), (1363.5476, -5.0573, 5.0470), (1363.4459, -1.0345, 5.0560), (1363.5518, 3.0027, 0.3000), (1363.9957, 10.9816, 0.3000), (1364.0359, 13.0628, 0.3000), (1364.0023, 15.2180, 0.3000), (1363.8752, 17.2957, 0.3000), (1363.6495, 19.3649, 0.3000), (1363.3281, 21.4207, 0.3000), (1362.9092, 23.4617, 0.3000), (1362.3921, 25.4789, 0.3000), (1361.7907, 27.4384, 0.3000), (1361.6103, 27.9663, 0.3000), (1360.8800, 29.8959, 0.3000), (1360.0084, 31.8298, 0.3000), (1358.9619, 33.7363, 0.3000), (1357.5283, 35.7602, 0.3000), (1356.0605, 37.3888, 0.3000), (1354.4644, 38.8460, 0.3000), (1352.7597, 40.1460, 0.3000), (1350.9787, 41.2967, 0.3000), (1347.5009, 43.3237, 0.3000), (1346.4552, 43.9311, 0.3000), (1331.3413, 53.6726, 0.3000), (1329.9937, 54.5813, 0.3000), (1314.8882, 64.7578, 0.3000), (1300.0185, 75.0124, 0.3000)]
            int[] faceVertexCounts = [4, 4, 4, 4, 4, 4, 4, 4, 4, 4, 4, 4, 4, 4, 4, 4, 4, 4, 4, 4, 4, 4, 4, 4, 4, 4, 4]
            int[] faceVertexIndices = [0, 1, 29, 28, 1, 2, 30, 29, 2, 3, 31, 30, 3, 4, 32, 31, 4, 5, 33, 32, 5, 6, 34, 33, 6, 7, 35, 34, 7, 8, 36, 35, 8, 9, 37, 36, 9, 10, 38, 37, 10, 11, 39, 38, 11, 12, 40, 39, 12, 13, 41, 40, 13, 14, 42, 41, 14, 15, 43, 42, 15, 16, 44, 43, 16, 17, 45, 44, 17, 18, 46, 45, 18, 19, 47, 46, 19, 20, 48, 47, 20, 21, 49, 48, 21, 22, 50, 49, 22, 23, 51, 50, 23, 24, 52, 51, 24, 25, 53, 52, 25, 26, 54, 53, 26, 27, 55, 54]
            uniform token subdivisionScheme = "none"
        }

        def Mesh "Road_331"
        {
            point3f[] points = [(517.6592, -1923.4740, 0.3000), (515.9697, -1921.8815, 0.3000), (514.5233, -1920.5046, 0.3000), (510.1929, -1916.2769, 0.3000), (500.5608, -1906.0961, 0.3000), (500.1476, -1905.6265, 0.3000), (494.9724, -1899.4551, 0.3000), (487.7274, -1889.8485, 0.3000), (487.3862, -1889.3664, 0.3000), (482.8533, -1882.7064, 0.3000), (473.4333, -1867.3471, 0.3000), (473.1401, -1866.8411, 0.3000), (458.5152, -1840.6608, 0.3000), (458.3320, -1840.3366, 0.3000), (441.9326, -1810.5721, 6.7900), (441.3170, -1809.3156, 6.7950), (440.4288, -1807.4518, 6.7770), (426.1133, -1774.4360, 6.8050), (425.3818, -1772.7919, 6.7900), (410.9054, -1742.0452, 6.8310), (410.3685, -1740.8865, 6.8050), (394.6485, -1704.1255, 6.7680), (394.3698, -1703.4271, 6.7680), (379.9969, -1666.1171, 6.6650), (379.7742, -1665.5412, 6.6650), (369.2906, -1637.4445, 6.7210), (369.0581, -1636.7699, 6.7030), (361.0080, -1612.0574, 6.6110), (360.6523, -1610.9778, 6.6000), (351.3770, -1584.5748, 6.4810), (350.7538, -1582.8799, 6.4470), (349.3835, -1579.0748, 6.4090), (346.3090, -1569.5250, 6.3540), (345.8552, -1567.6151, 6.3090), (342.6445, -1558.4592, 6.3200), (520.0599, -1920.9271, 0.3000), (518.3761, -1919.3399, 0.3000), (516.9602, -1917.9924, 0.3000), (512.7065, -1913.8413, 0.3000), (503.1065, -1903.6941, 0.3000), (502.8261, -1903.3736, 0.3000), (497.7226, -1897.2903, 0.3000), (490.5246, -1887.7447, 0.3000), (490.2773, -1887.3937, 0.3000), (485.8097, -1880.8331, 0.3000), (476.4182, -1865.5194, 0.3000), (476.1952, -1865.1334, 0.3000), (461.5707, -1838.9537, 0.3000), (461.3973, -1838.6472, 0.3000), (445.0012, -1808.8887, 6.7900), (444.4705, -1807.7971, 6.7950), (443.6373, -1806.0534, 6.7770), (429.3238, -1773.0422, 6.8050), (428.5500, -1771.3045, 6.7900), (414.0723, -1740.5549, 6.8310), (413.5853, -1739.5074, 6.8050), (397.8672, -1702.7508, 6.7680), (397.6356, -1702.1683, 6.7680), (383.2629, -1664.8589, 6.6650), (383.0531, -1664.3169, 6.6650), (372.5705, -1636.2228, 6.7210), (372.3856, -1635.6845, 6.7030), (364.3357, -1610.9728, 6.6110), (363.9554, -1609.8203, 6.6000), (354.6781, -1583.4119, 6.4810), (354.0443, -1581.6869, 6.4470), (352.7044, -1577.9695, 6.4090), (349.6540, -1568.4951, 6.3540), (349.1778, -1566.5149, 6.3090), (345.9474, -1557.3011, 6.3200)]
            int[] faceVertexCounts = [4, 4, 4, 4, 4, 4, 4, 4, 4, 4, 4, 4, 4, 4, 4, 4, 4, 4, 4, 4, 4, 4, 4, 4, 4, 4, 4, 4, 4, 4, 4, 4, 4, 4]
            int[] faceVertexIndices = [0, 1, 36, 35, 1, 2, 37, 36, 2, 3, 38, 37, 3, 4, 39, 38, 4, 5, 40, 39, 5, 6, 41, 40, 6, 7, 42, 41, 7, 8, 43, 42, 8, 9, 44, 43, 9, 10, 45, 44, 10, 11, 46, 45, 11, 12, 47, 46, 12, 13, 48, 47, 13, 14, 49, 48, 14, 15, 50, 49, 15, 16, 51, 50, 16, 17, 52, 51, 17, 18, 53, 52, 18, 19, 54, 53, 19, 20, 55, 54, 20, 21, 56, 55, 21, 22, 57, 56, 22, 23, 58, 57, 23, 24, 59, 58, 24, 25, 60, 59, 25, 26, 61, 60, 26, 27, 62, 61, 27, 28, 63, 62, 28, 29, 64, 63, 29, 30, 65, 64, 30, 31, 66, 65, 31, 32, 67, 66, 32, 33, 68, 67, 33, 34, 69, 68]
            uniform token subdivisionScheme = "none"
        }

        def Mesh "Road_332"
        {
            point3f[] points = [(1941.1437, -321.1588, 5.8120), (1939.8101, -320.9570, 5.8120), (1933.8707, -320.3318, 5.8250), (1932.1357, -320.1943, 5.8190), (1928.1518, -319.9063, 5.7420), (1941.6643, -317.6977, 5.8120), (1940.2059, -317.4795, 5.8120), (1934.2167, -316.8490, 5.8250), (1932.3957, -316.7040, 5.8190), (1928.4041, -316.4154, 5.7420)]
            int[] faceVertexCounts = [4, 4, 4, 4]
            int[] faceVertexIndices = [0, 1, 6, 5, 1, 2, 7, 6, 2, 3, 8, 7, 3, 4, 9, 8]
            uniform token subdivisionScheme = "none"
        }

        def Mesh "Road_333"
        {
            point3f[] points = [(348.9623, -1067.3590, 6.0890), (343.0308, -1065.6537, 5.9370), (341.4415, -1065.4644, 5.9370), (337.5377, -1063.5438, 5.8620), (349.9288, -1063.9951, 6.0890), (343.8805, -1062.2584, 5.9370), (342.6997, -1062.1983, 5.9370), (339.0879, -1060.4059, 5.8620)]
            int[] faceVertexCounts = [4, 4, 4]
            int[] faceVertexIndices = [0, 1, 5, 4, 1, 2, 6, 5, 2, 3, 7, 6]
            uniform token subdivisionScheme = "none"
        }

        def Mesh "Road_334"
        {
            point3f[] points = [(592.3941, -1222.8309, 5.7390), (558.9357, -1221.8782, 5.8820), (592.4938, -1219.3324, 5.7390), (559.0354, -1218.3796, 5.8820)]
            int[] faceVertexCounts = [4]
            int[] faceVertexIndices = [0, 1, 3, 2]
            uniform token subdivisionScheme = "none"
        }

        def Mesh "Road_335"
        {
            point3f[] points = [(559.1223, -1213.2759, 5.7060), (545.5737, -1212.5141, 5.6960), (559.3188, -1209.7814, 5.7060), (545.7702, -1209.0197, 5.6960)]
            int[] faceVertexCounts = [4]
            int[] faceVertexIndices = [0, 1, 3, 2]
            uniform token subdivisionScheme = "none"
        }

        def Mesh "Road_336"
        {
            point3f[] points = [(477.9678, -1209.0273, 5.6040), (466.9912, -1208.5242, 5.5170), (450.2674, -1207.7161, 5.6900), (478.1280, -1205.5309, 5.6040), (467.1567, -1205.0281, 5.5170), (450.4363, -1204.2201, 5.6900)]
            int[] faceVertexCounts = [4, 4]
            int[] faceVertexIndices = [0, 1, 4, 3, 1, 2, 5, 4]
            uniform token subdivisionScheme = "none"
        }

        def Mesh "Road_337"
        {
            point3f[] points = [(559.3274, -1209.7819, 5.7060), (570.3901, -1210.4590, 5.6420), (579.4432, -1210.4322, 5.5760), (597.9640, -1210.1209, 5.4480), (606.6180, -1209.2229, 5.4190), (559.1138, -1213.2754, 5.7060), (570.2772, -1213.9572, 5.6420), (579.4860, -1213.9320, 5.5760), (598.1199, -1213.6174, 5.4480), (606.9780, -1212.7043, 5.4190)]
            int[] faceVertexCounts = [4, 4, 4, 4]
            int[] faceVertexIndices = [0, 1, 6, 5, 1, 2, 7, 6, 2, 3, 8, 7, 3, 4, 9, 8]
            uniform token subdivisionScheme = "none"
        }

        def Mesh "Road_338"
        {
            point3f[] points = [(557.2362, -1220.0811, 5.8820), (557.4712, -1211.4808, 5.7060), (560.7349, -1220.1767, 5.8820), (560.9699, -1211.5765, 5.7060)]
            int[] faceVertexCounts = [4]
            int[] faceVertexIndices = [0, 1, 3, 2]
            uniform token subdivisionScheme = "none"
        }

        def Mesh "Road_339"
        {
            point3f[] points = [(724.5751, -448.9097, 8.7360), (724.1080, -448.5966, 8.7360), (720.9359, -446.1639, 8.8890), (720.3059, -445.7184, 8.8680), (718.6970, -444.7336, 8.7430), (716.9987, -443.8904, 8.6620), (715.9166, -443.4049, 8.5560), (714.0196, -442.3746, 8.3820), (713.0694, -441.5355, 8.3820), (711.7221, -439.8514, 8.3530), (710.5763, -438.1146, 8.3720), (710.0917, -437.3715, 8.2500), (705.5023, -430.8119, 8.1730), (704.3683, -429.0358, 8.1780), (703.3392, -427.2097, 8.1060), (702.6382, -425.7444, 8.1110), (701.8562, -423.7812, 8.0360), (701.2165, -421.7519, 8.0280), (700.7293, -419.6825, 8.0360), (700.3953, -417.6162, 8.0250), (700.2819, -416.5211, 8.0250), (700.2042, -414.3867, 7.9960), (700.3795, -412.1478, 7.9990), (700.9118, -410.0136, 7.9620), (701.2663, -409.1043, 7.8360), (702.2916, -407.1948, 7.6580), (703.5677, -405.4315, 7.7620), (704.8923, -403.8407, 7.7910), (705.3520, -403.3204, 7.7910), (708.1205, -400.3605, 7.5090), (712.4430, -396.1475, 7.4470), (713.4973, -395.1584, 7.5770), (718.9157, -390.2963, 7.5160), (726.5063, -445.9907, 8.7360), (726.2181, -445.8042, 8.7360), (723.0453, -443.3710, 8.8890), (722.1920, -442.7701, 8.8680), (720.3906, -441.6707, 8.7430), (718.5105, -440.7338, 8.6620), (717.4971, -440.2821, 8.5560), (715.8843, -439.4126, 8.3820), (715.7022, -439.2292, 8.3820), (714.5532, -437.7935, 8.3530), (713.5017, -436.1931, 8.3720), (712.9661, -435.3746, 8.2500), (708.3870, -428.8299, 8.1730), (707.3692, -427.2345, 8.1780), (706.4362, -425.5792, 8.1060), (705.8511, -424.3561, 8.1110), (705.1531, -422.6062, 8.0360), (704.5913, -420.8242, 8.0280), (704.1626, -419.0025, 8.0360), (703.8602, -417.1220, 8.0250), (703.7759, -416.3150, 8.0250), (703.7035, -414.4549, 7.9960), (703.8338, -412.7115, 7.9990), (704.2775, -410.9738, 7.9620), (704.3994, -410.6643, 7.8360), (705.2577, -409.0527, 7.6580), (706.3298, -407.5811, 7.7620), (707.5658, -406.0996, 7.7910), (707.9175, -405.7012, 7.7910), (710.6094, -402.8213, 7.5090), (714.8769, -398.6627, 7.4470), (715.8441, -397.7551, 7.5770), (721.2533, -392.9012, 7.5160)]
            int[] faceVertexCounts = [4, 4, 4, 4, 4, 4, 4, 4, 4, 4, 4, 4, 4, 4, 4, 4, 4, 4, 4, 4, 4, 4, 4, 4, 4, 4, 4, 4, 4, 4, 4, 4]
            int[] faceVertexIndices = [0, 1, 34, 33, 1, 2, 35, 34, 2, 3, 36, 35, 3, 4, 37, 36, 4, 5, 38, 37, 5, 6, 39, 38, 6, 7, 40, 39, 7, 8, 41, 40, 8, 9, 42, 41, 9, 10, 43, 42, 10, 11, 44, 43, 11, 12, 45, 44, 12, 13, 46, 45, 13, 14, 47, 46, 14, 15, 48, 47, 15, 16, 49, 48, 16, 17, 50, 49, 17, 18, 51, 50, 18, 19, 52, 51, 19, 20, 53, 52, 20, 21, 54, 53, 21, 22, 55, 54, 22, 23, 56, 55, 23, 24, 57, 56, 24, 25, 58, 57, 25, 26, 59, 58, 26, 27, 60, 59, 27, 28, 61, 60, 28, 29, 62, 61, 29, 30, 63, 62, 30, 31, 64, 63, 31, 32, 65, 64]
            uniform token subdivisionScheme = "none"
        }

        def Mesh "Road_340"
        {
            point3f[] points = [(545.6116, -1212.5159, 5.6960), (540.0731, -1212.3242, 5.6670), (515.7494, -1210.9304, 5.7170), (492.0690, -1209.6710, 5.6630), (477.9681, -1209.0273, 5.6040), (545.7324, -1209.0179, 5.6960), (540.2587, -1208.8291, 5.6670), (515.9425, -1207.4357, 5.7170), (492.2451, -1206.1755, 5.6630), (478.1277, -1205.5309, 5.6040)]
            int[] faceVertexCounts = [4, 4, 4, 4]
            int[] faceVertexIndices = [0, 1, 6, 5, 1, 2, 7, 6, 2, 3, 8, 7, 3, 4, 9, 8]
            uniform token subdivisionScheme = "none"
        }

        def Mesh "Road_341"
        {
            point3f[] points = [(2116.9285, -680.9466, 6.8180), (2145.1063, -599.7359, 6.5640), (2120.2351, -682.0939, 6.8180), (2148.4129, -600.8832, 6.5640)]
            int[] faceVertexCounts = [4]
            int[] faceVertexIndices = [0, 1, 3, 2]
            uniform token subdivisionScheme = "none"
        }

        def Mesh "Road_342"
        {
            point3f[] points = [(689.9421, -358.6115, 6.3410), (687.1929, -350.8333, 6.2670), (693.2420, -357.4452, 6.3410), (690.4929, -349.6669, 6.2670)]
            int[] faceVertexCounts = [4]
            int[] faceVertexIndices = [0, 1, 3, 2]
            uniform token subdivisionScheme = "none"
        }

        def Mesh "Road_343"
        {
            point3f[] points = [(713.7187, -384.1331, 7.4790), (728.4928, -372.2277, 7.5550), (715.9148, -386.8583, 7.4790), (730.6889, -374.9530, 7.5550)]
            int[] faceVertexCounts = [4]
            int[] faceVertexIndices = [0, 1, 3, 2]
            uniform token subdivisionScheme = "none"
        }

        def Mesh "Road_344"
        {
            point3f[] points = [(728.5401, -372.1910, 7.5550), (728.8883, -371.9296, 7.5610), (748.1155, -357.6949, 7.6430), (751.7675, -355.3678, 7.6460), (769.1002, -345.3826, 7.4640), (770.0652, -344.8245, 7.4640), (796.1344, -330.0003, 7.2970), (797.4668, -329.2876, 7.2880), (802.8375, -326.4887, 7.2930), (828.1357, -314.4914, 7.1450), (829.7899, -313.7475, 7.1200), (846.3113, -306.4674, 7.0510), (730.6417, -374.9898, 7.5550), (730.9712, -374.7423, 7.5610), (750.1686, -360.5294, 7.6430), (753.5377, -358.3871, 7.6460), (770.8476, -348.4152, 7.4640), (771.7961, -347.8665, 7.4640), (797.8608, -333.0448, 7.2970), (799.0910, -332.3879, 7.2880), (804.3583, -329.6411, 7.2930), (829.6316, -317.6556, 7.1450), (831.2033, -316.9494, 7.1200), (847.7226, -309.6703, 7.0510)]
            int[] faceVertexCounts = [4, 4, 4, 4, 4, 4, 4, 4, 4, 4, 4]
            int[] faceVertexIndices = [0, 1, 13, 12, 1, 2, 14, 13, 2, 3, 15, 14, 3, 4, 16, 15, 4, 5, 17, 16, 5, 6, 18, 17, 6, 7, 19, 18, 7, 8, 20, 19, 8, 9, 21, 20, 9, 10, 22, 21, 10, 11, 23, 22]
            uniform token subdivisionScheme = "none"
        }

        def Mesh "Road_345"
        {
            point3f[] points = [(1471.2532, -5.7224, 3.3590), (1475.8172, -0.4715, 3.2830), (1476.0400, -0.1990, 3.2830), (1479.7658, 4.4986, 0.3000), (1473.8948, -8.0184, 3.3590), (1478.4627, -2.7631, 3.2830), (1478.7798, -2.3768, 3.2830), (1482.5080, 2.3236, 0.3000)]
            int[] faceVertexCounts = [4, 4, 4]
            int[] faceVertexIndices = [0, 1, 5, 4, 1, 2, 6, 5, 2, 3, 7, 6]
            uniform token subdivisionScheme = "none"
        }

        def Mesh "Road_346"
        {
            point3f[] points = [(796.5966, -192.8929, 6.5280), (790.3236, -170.6530, 6.1930), (780.4810, -137.5603, 6.1150), (774.4702, -117.4976, 6.2300), (799.9651, -191.9428, 6.5280), (793.6840, -169.6743, 6.1930), (783.8350, -136.5600, 6.1150), (777.8230, -116.4931, 6.2300)]
            int[] faceVertexCounts = [4, 4, 4]
            int[] faceVertexIndices = [0, 1, 5, 4, 1, 2, 6, 5, 2, 3, 7, 6]
            uniform token subdivisionScheme = "none"
        }

        def Mesh "Road_347"
        {
            point3f[] points = [(851.9992, -297.8815, 6.9610), (842.6957, -282.4257, 6.8760), (834.0160, -268.9093, 6.7610), (824.7735, -253.9548, 6.6810), (815.5595, -238.9129, 6.7960), (807.4499, -223.3795, 6.7370), (800.3592, -204.6018, 6.6160), (796.6148, -192.9533, 6.5280), (854.9978, -296.0765, 6.9610), (845.6694, -280.5799, 6.8760), (836.9780, -267.0448, 6.7610), (827.7543, -252.1206, 6.6810), (818.6043, -237.1869, 6.7960), (810.6501, -221.9622, 6.7370), (803.6565, -203.4281, 6.6160), (799.9469, -191.8824, 6.5280)]
            int[] faceVertexCounts = [4, 4, 4, 4, 4, 4, 4]
            int[] faceVertexIndices = [0, 1, 9, 8, 1, 2, 10, 9, 2, 3, 11, 10, 3, 4, 12, 11, 4, 5, 13, 12, 5, 6, 14, 13, 6, 7, 15, 14]
            uniform token subdivisionScheme = "none"
        }

        def Mesh "Road_348"
        {
            point3f[] points = [(1486.7627, -454.1514, 6.6790), (1486.8668, -453.7268, 6.6650), (1493.0809, -426.4724, 6.6090), (1495.8898, -410.5065, 6.6020), (1496.0928, -409.4861, 6.6050), (1499.8216, -390.2164, 6.8820), (1490.1626, -454.9828, 6.6790), (1490.2790, -454.5057, 6.6650), (1496.5070, -427.1877, 6.6090), (1499.3360, -411.1176, 6.6020), (1499.5289, -410.1520, 6.6050), (1503.2579, -390.8814, 6.8820)]
            int[] faceVertexCounts = [4, 4, 4, 4, 4]
            int[] faceVertexIndices = [0, 1, 7, 6, 1, 2, 8, 7, 2, 3, 9, 8, 3, 4, 10, 9, 4, 5, 11, 10]
            uniform token subdivisionScheme = "none"
        }

        def Mesh "Road_349"
        {
            point3f[] points = [(71.5074, -31.5675, 3.8060), (67.3577, -27.2245, 3.8480), (67.0438, -26.9152, 3.8800), (65.9922, -25.8266, 3.8900), (74.0380, -29.1496, 3.8060), (69.8833, -24.8014, 3.8480), (69.5476, -24.4696, 3.8800), (68.5096, -23.3949, 3.8900)]
            int[] faceVertexCounts = [4, 4, 4]
            int[] faceVertexIndices = [0, 1, 5, 4, 1, 2, 6, 5, 2, 3, 7, 6]
            uniform token subdivisionScheme = "none"
        }

        def Mesh "Road_350"
        {
            point3f[] points = [(1021.0416, -107.0933, 5.6630), (1043.9388, -87.9299, 5.5990), (1061.2298, -73.9675, 5.5270), (1076.3792, -61.7878, 5.4750), (1076.5819, -61.6278, 5.4610), (1078.0802, -60.3650, 5.4530), (1079.5100, -59.0668, 5.4530), (1080.8841, -57.7152, 5.4660), (1082.2128, -56.2899, 5.4420), (1082.5536, -55.9022, 5.4570), (1083.8015, -54.3965, 5.4330), (1084.9548, -52.8958, 5.4580), (1089.4697, -46.3210, 5.4540), (1090.0004, -45.5430, 5.4540), (1091.0921, -43.9114, 5.4350), (1092.0891, -42.3088, 5.4270), (1092.9121, -40.6510, 5.4010), (1093.3768, -39.4642, 5.4040), (1093.8964, -37.6933, 5.4040), (1094.7150, -33.8258, 5.3820), (1023.2879, -109.7773, 5.6630), (1046.1650, -90.6307, 5.5990), (1063.4259, -76.6927, 5.5270), (1078.5719, -64.5157, 5.4750), (1078.8275, -64.3124, 5.4610), (1080.3850, -62.9990, 5.4530), (1081.9141, -61.6105, 5.4530), (1083.3917, -60.1569, 5.4660), (1084.7886, -58.6595, 5.4420), (1085.2336, -58.1533, 5.4570), (1086.5378, -56.5789, 5.4330), (1087.8190, -54.9074, 5.4580), (1092.3555, -48.3013, 5.4540), (1092.9037, -47.4976, 5.4540), (1094.0339, -45.8077, 5.4350), (1095.1464, -44.0126, 5.4270), (1096.1019, -42.0915, 5.4010), (1096.6969, -40.5719, 5.4040), (1097.3009, -38.5052, 5.4040), (1098.1391, -34.5510, 5.3820)]
            int[] faceVertexCounts = [4, 4, 4, 4, 4, 4, 4, 4, 4, 4, 4, 4, 4, 4, 4, 4, 4, 4, 4]
            int[] faceVertexIndices = [0, 1, 21, 20, 1, 2, 22, 21, 2, 3, 23, 22, 3, 4, 24, 23, 4, 5, 25, 24, 5, 6, 26, 25, 6, 7, 27, 26, 7, 8, 28, 27, 8, 9, 29, 28, 9, 10, 30, 29, 10, 11, 31, 30, 11, 12, 32, 31, 12, 13, 33, 32, 13, 14, 34, 33, 14, 15, 35, 34, 15, 16, 36, 35, 16, 17, 37, 36, 17, 18, 38, 37, 18, 19, 39, 38]
            uniform token subdivisionScheme = "none"
        }

        def Mesh "Road_351"
        {
            point3f[] points = [(424.0486, -385.6013, 6.6990), (422.8895, -380.0381, 6.5920), (427.4750, -384.8874, 6.6990), (426.3159, -379.3242, 6.5920)]
            int[] faceVertexCounts = [4]
            int[] faceVertexIndices = [0, 1, 3, 2]
            uniform token subdivisionScheme = "none"
        }

        def Mesh "Road_352"
        {
            point3f[] points = [(2004.3798, -353.1755, 6.7720), (1990.2538, -351.4053, 6.8420), (1975.4200, -351.2815, 6.7230), (1963.9657, -352.0798, 6.5980), (1951.4790, -352.1665, 6.5760), (1941.6259, -350.8720, 6.1960), (2004.8142, -349.7026, 6.7720), (1990.4817, -347.9127, 6.8420), (1975.3312, -347.7826, 6.7230), (1963.8353, -348.5822, 6.5980), (1951.6682, -348.6717, 6.5760), (1942.0837, -347.4020, 6.1960)]
            int[] faceVertexCounts = [4, 4, 4, 4, 4]
            int[] faceVertexIndices = [0, 1, 7, 6, 1, 2, 8, 7, 2, 3, 9, 8, 3, 4, 10, 9, 4, 5, 11, 10]
            uniform token subdivisionScheme = "none"
        }

        def Mesh "Road_353"
        {
            point3f[] points = [(744.7736, -17.6853, 4.6050), (744.8014, -16.7344, 4.6050), (744.3233, -0.6356, 4.5680), (744.3586, 0.5031, 0.3000), (745.0679, 15.8821, 0.3000), (747.3133, 58.2757, 0.3000), (747.3570, 60.2375, 0.3000), (747.0567, 90.2089, 0.3000), (746.9537, 92.0929, 0.3000), (746.8367, 94.0340, 0.3000), (745.5373, 107.9581, 0.3000), (745.5319, 107.9775, 0.3000), (748.2723, -17.7789, 4.6050), (748.3002, -16.6425, 4.6050), (747.8221, -0.5448, 4.5680), (747.8550, 0.3446, 0.3000), (748.5633, 15.7033, 0.3000), (750.8086, 58.0956, 0.3000), (750.8569, 60.2653, 0.3000), (750.5564, 90.2534, 0.3000), (750.4480, 92.2930, 0.3000), (750.3229, 94.3450, 0.3000), (749.0220, 108.2848, 0.3000), (748.9942, 108.4897, 0.3000)]
            int[] faceVertexCounts = [4, 4, 4, 4, 4, 4, 4, 4, 4, 4, 4]
            int[] faceVertexIndices = [0, 1, 13, 12, 1, 2, 14, 13, 2, 3, 15, 14, 3, 4, 16, 15, 4, 5, 17, 16, 5, 6, 18, 17, 6, 7, 19, 18, 7, 8, 20, 19, 8, 9, 21, 20, 9, 10, 22, 21, 10, 11, 23, 22]
            uniform token subdivisionScheme = "none"
        }

        def Mesh "Road_354"
        {
            point3f[] points = [(1519.0831, -379.6023, 6.4950), (1518.4922, -373.6250, 6.4630), (1518.3846, -372.0806, 6.4570), (1518.2413, -368.0446, 6.4290), (1518.2565, -365.9644, 6.3930), (1518.3446, -363.9148, 6.3500), (1518.4551, -362.4307, 6.3500), (1518.9464, -358.3777, 6.2770), (1520.3416, -350.4726, 6.0200), (1520.5334, -349.3968, 5.9740), (1522.3921, -337.5486, 5.8550), (1522.6152, -336.2380, 5.8550), (1526.7898, -316.6814, 5.4660), (1527.1576, -315.0503, 5.4770), (1531.4171, -293.4785, 5.2480), (1531.8090, -291.5686, 5.2580), (1537.5756, -266.2257, 5.0970), (1537.8454, -265.0160, 5.1130), (1544.1662, -233.6622, 4.7950), (1544.4712, -232.1088, 4.7950), (1549.5634, -208.6630, 4.5480), (1549.6433, -208.3213, 4.5480), (1554.8037, -186.9453, 4.5630), (1555.0582, -185.8812, 4.5630), (1560.1110, -162.4435, 4.5130), (1560.7976, -158.5642, 4.5040), (1561.0524, -157.0470, 4.4920), (1562.1765, -149.1673, 4.4480), (1562.5332, -145.2553, 4.4040), (1562.5928, -144.3408, 4.4040), (1562.6559, -132.3615, 4.2950), (1562.6278, -130.8448, 4.2670), (1562.2472, -118.8685, 4.1200), (1562.1175, -116.9374, 4.0820), (1562.0272, -115.9046, 4.0430), (1561.5580, -112.0086, 4.0750), (1560.1864, -104.1729, 3.9280), (1559.8092, -102.2884, 3.9520), (1557.5589, -92.5905, 3.9120), (1556.4587, -88.8793, 3.8060), (1555.1165, -85.1815, 3.8540), (1554.8446, -84.5116, 3.8410), (1553.2343, -80.9220, 3.8370), (1551.4325, -77.4749, 3.7670), (1547.4123, -70.6003, 3.6770), (1546.4767, -69.0519, 3.6770), (1538.1414, -55.4044, 3.7580), (1537.7853, -54.8315, 3.7730), (1533.4072, -48.1704, 3.8120), (1532.2824, -46.6570, 3.7840), (1531.0693, -45.1528, 3.7880), (1530.0189, -43.9487, 3.7630), (1528.7224, -42.5733, 3.7590), (1522.7820, -36.9337, 3.8030), (1517.1312, -31.2338, 3.6640), (1516.4521, -30.5273, 3.6640), (1513.7932, -27.5589, 3.5440), (1512.4729, -26.2085, 3.6170), (1511.0312, -24.9159, 3.6230), (1507.8828, -22.3680, 3.5310), (1506.3436, -20.7163, 3.6180), (1505.5951, -19.6320, 3.5070), (1504.5955, -18.0543, 3.5610), (1504.6563, -17.9771, 3.4500), (1504.3655, -17.8443, 3.4500), (1503.2794, -18.7199, 3.3980), (1502.8860, -19.1122, 3.3980), (1501.3603, -20.2805, 3.3830), (1522.5661, -379.2580, 6.4950), (1521.9771, -373.3004, 6.4630), (1521.8811, -371.9244, 6.4570), (1521.7405, -367.9705, 6.4290), (1521.7554, -366.0529, 6.3930), (1521.8392, -364.1095, 6.3500), (1521.9345, -362.8091, 6.3500), (1522.4036, -358.9237, 6.2770), (1523.7882, -351.0817, 6.0200), (1523.9902, -349.9453, 5.9740), (1525.8492, -338.0949, 5.8550), (1526.0399, -336.9601, 5.8550), (1530.2121, -317.4151, 5.4660), (1530.5900, -315.7349, 5.4770), (1534.8504, -294.1585, 5.2480), (1535.2229, -292.3402, 5.2580), (1540.9885, -267.0015, 5.0970), (1541.2759, -265.7103, 5.1130), (1547.5973, -234.3530, 4.7950), (1547.8924, -232.8474, 4.7950), (1552.9835, -209.4066, 4.5480), (1553.0457, -209.1423, 4.5480), (1558.2061, -187.7662, 4.5630), (1558.4788, -186.6222, 4.5630), (1563.5362, -163.1630, 4.5130), (1564.2455, -159.1659, 4.5040), (1564.5153, -157.5552, 4.4920), (1565.6493, -149.6031, 4.4480), (1566.0205, -145.5534, 4.4040), (1566.0926, -144.3755, 4.4040), (1566.1559, -132.3704, 4.2950), (1566.1262, -130.7391, 4.2670), (1565.7448, -118.7398, 4.1200), (1565.6079, -116.6782, 4.0820), (1565.5049, -115.5096, 4.0430), (1565.0157, -111.4664, 4.0750), (1563.6310, -103.5527, 3.9280), (1563.2226, -101.5145, 3.9520), (1560.9543, -91.7410, 3.9120), (1559.7832, -87.7850, 3.8060), (1558.3990, -83.9668, 3.8540), (1558.0466, -83.0984, 3.8410), (1556.3831, -79.3940, 3.8370), (1554.4814, -75.7562, 3.7670), (1550.4289, -68.8255, 3.6770), (1549.4646, -67.2291, 3.6770), (1541.1277, -53.5790, 3.7580), (1540.7141, -52.9152, 3.7730), (1536.3099, -46.2148, 3.8120), (1535.0506, -44.5152, 3.7840), (1533.7546, -42.9081, 3.7880), (1532.6065, -41.5920, 3.7630), (1531.1593, -40.0610, 3.7590), (1525.2295, -34.4318, 3.8030), (1519.6206, -28.7735, 3.6640), (1519.0436, -28.1749, 3.6640), (1516.3659, -25.1858, 3.5440), (1514.8924, -23.6795, 3.6170), (1513.2785, -22.2327, 3.6230), (1510.2106, -19.7543, 3.5310), (1509.0336, -18.4771, 3.6180), (1508.5247, -17.7170, 3.5070), (1507.3741, -15.9261, 3.5610), (1505.8850, -14.6998, 3.4500), (1503.2826, -14.5160, 3.4500), (1501.1425, -15.9479, 3.3980), (1500.6776, -16.3968, 3.3980), (1499.2334, -17.5009, 3.3830)]
            int[] faceVertexCounts = [4, 4, 4, 4, 4, 4, 4, 4, 4, 4, 4, 4, 4, 4, 4, 4, 4, 4, 4, 4, 4, 4, 4, 4, 4, 4, 4, 4, 4, 4, 4, 4, 4, 4, 4, 4, 4, 4, 4, 4, 4, 4, 4, 4, 4, 4, 4, 4, 4, 4, 4, 4, 4, 4, 4, 4, 4, 4, 4, 4, 4, 4, 4, 4, 4, 4, 4]
            int[] faceVertexIndices = [0, 1, 69, 68, 1, 2, 70, 69, 2, 3, 71, 70, 3, 4, 72, 71, 4, 5, 73, 72, 5, 6, 74, 73, 6, 7, 75, 74, 7, 8, 76, 75, 8, 9, 77, 76, 9, 10, 78, 77, 10, 11, 79, 78, 11, 12, 80, 79, 12, 13, 81, 80, 13, 14, 82, 81, 14, 15, 83, 82, 15, 16, 84, 83, 16, 17, 85, 84, 17, 18, 86, 85, 18, 19, 87, 86, 19, 20, 88, 87, 20, 21, 89, 88, 21, 22, 90, 89, 22, 23, 91, 90, 23, 24, 92, 91, 24, 25, 93, 92, 25, 26, 94, 93, 26, 27, 95, 94, 27, 28, 96, 95, 28, 29, 97, 96, 29, 30, 98, 97, 30, 31, 99, 98, 31, 32, 100, 99, 32, 33, 101, 100, 33, 34, 102, 101, 34, 35, 103, 102, 35, 36, 104, 103, 36, 37, 105, 104, 37, 38, 106, 105, 38, 39, 107, 106, 39, 40, 108, 107, 40, 41, 109, 108, 41, 42, 110, 109, 42, 43, 111, 110, 43, 44, 112, 111, 44, 45, 113, 112, 45, 46, 114, 113, 46, 47, 115, 114, 47, 48, 116, 115, 48, 49, 117, 116, 49, 50, 118, 117, 50, 51, 119, 118, 51, 52, 120, 119, 52, 53, 121, 120, 53, 54, 122, 121, 54, 55, 123, 122, 55, 56, 124, 123, 56, 57, 125, 124, 57, 58, 126, 125, 58, 59, 127, 126, 59, 60, 128, 127, 60, 61, 129, 128, 61, 62, 130, 129, 62, 63, 131, 130, 63, 64, 132, 131, 64, 65, 133, 132, 65, 66, 134, 133, 66, 67, 135, 134]
            uniform token subdivisionScheme = "none"
        }

        def Mesh "Road_355"
        {
            point3f[] points = [(403.3892, -345.4462, 5.8390), (414.4336, -342.7268, 6.0400), (404.2260, -348.8447, 5.8390), (415.2704, -346.1253, 6.0400)]
            int[] faceVertexCounts = [4]
            int[] faceVertexIndices = [0, 1, 3, 2]
            uniform token subdivisionScheme = "none"
        }

        def Mesh "Road_356"
        {
            point3f[] points = [(424.1303, -377.9961, 6.5920), (432.4030, -375.6850, 6.5230), (444.8148, -374.2653, 6.4240), (457.5901, -373.7715, 6.3080), (471.3742, -373.6896, 6.2150), (488.5466, -373.0700, 6.0680), (506.5951, -373.1593, 5.9930), (523.6525, -373.2954, 5.8750), (542.6407, -373.4417, 5.7860), (560.2119, -372.9799, 5.7560), (580.3595, -371.1759, 5.8030), (595.5481, -369.0980, 5.9210), (617.2234, -365.6891, 6.0740), (636.8386, -362.3197, 6.1640), (655.2537, -358.9158, 6.2500), (669.0082, -354.3036, 6.2400), (677.1430, -352.0211, 6.0750), (425.0751, -381.3662, 6.5920), (433.0245, -379.1294, 6.5230), (445.0790, -377.7553, 6.4240), (457.6656, -377.2707, 6.3080), (471.4535, -377.1887, 6.2150), (488.5993, -376.5696, 6.0680), (506.5725, -376.6593, 5.9930), (523.6251, -376.7953, 5.8750), (542.6711, -376.9416, 5.7860), (560.4218, -376.4736, 5.7560), (580.7416, -374.6550, 5.8030), (596.0633, -372.5599, 5.9210), (617.7903, -369.1428, 6.0740), (637.4526, -365.7654, 6.1640), (656.0998, -362.3120, 6.2500), (670.0593, -357.6421, 6.2400), (678.0882, -355.3911, 6.0750)]
            int[] faceVertexCounts = [4, 4, 4, 4, 4, 4, 4, 4, 4, 4, 4, 4, 4, 4, 4, 4]
            int[] faceVertexIndices = [0, 1, 18, 17, 1, 2, 19, 18, 2, 3, 20, 19, 3, 4, 21, 20, 4, 5, 22, 21, 5, 6, 23, 22, 6, 7, 24, 23, 7, 8, 25, 24, 8, 9, 26, 25, 9, 10, 27, 26, 10, 11, 28, 27, 11, 12, 29, 28, 12, 13, 30, 29, 13, 14, 31, 30, 14, 15, 32, 31, 15, 16, 33, 32]
            uniform token subdivisionScheme = "none"
        }

        def Mesh "Road_357"
        {
            point3f[] points = [(405.3894, -1373.6431, 5.4670), (403.3534, -1370.3497, 5.5020), (401.3614, -1366.4724, 5.5450), (400.8214, -1361.3484, 5.5420), (406.4316, -1244.6348, 5.7620), (408.3659, -1371.8018, 5.4670), (406.3947, -1368.6175, 5.5020), (404.7266, -1365.5105, 5.5450), (404.3183, -1361.4965, 5.5420), (409.9276, -1244.8028, 5.7620)]
            int[] faceVertexCounts = [4, 4, 4, 4]
            int[] faceVertexIndices = [0, 1, 6, 5, 1, 2, 7, 6, 2, 3, 8, 7, 3, 4, 9, 8]
            uniform token subdivisionScheme = "none"
        }

        def Mesh "Road_358"
        {
            point3f[] points = [(4.7535, -660.2512, 4.8280), (3.9162, -660.1693, 4.8700), (-10.0601, -659.7001, 0.3000), (-12.0852, -659.6511, 0.3000), (-44.3018, -657.8345, 0.3000), (-60.5467, -656.5503, 0.3000), (-74.4544, -655.3370, 0.3000), (-88.6291, -654.7621, 0.3000), (5.0824, -656.7667, 4.8280), (4.0470, -656.6718, 4.8700), (-9.9468, -656.2019, 0.3000), (-11.8948, -656.1563, 0.3000), (-44.0783, -654.3416, 0.3000), (-60.2578, -653.0623, 0.3000), (-74.2320, -651.8441, 0.3000), (-88.4872, -651.2650, 0.3000)]
            int[] faceVertexCounts = [4, 4, 4, 4, 4, 4, 4]
            int[] faceVertexIndices = [0, 1, 9, 8, 1, 2, 10, 9, 2, 3, 11, 10, 3, 4, 12, 11, 4, 5, 13, 12, 5, 6, 14, 13, 6, 7, 15, 14]
            uniform token subdivisionScheme = "none"
        }

        def Mesh "Road_359"
        {
            point3f[] points = [(1430.5751, -265.9531, 5.5680), (1426.0505, -253.2208, 5.5660), (1433.8730, -264.7811, 5.5680), (1429.3485, -252.0488, 5.5660)]
            int[] faceVertexCounts = [4]
            int[] faceVertexIndices = [0, 1, 3, 2]
            uniform token subdivisionScheme = "none"
        }

        def Mesh "Road_360"
        {
            point3f[] points = [(688.4194, -348.5521, 6.2670), (701.0923, -345.3913, 6.5240), (714.6271, -341.5711, 6.6060), (735.7057, -335.3245, 6.7390), (750.8379, -330.9186, 6.8730), (756.5051, -329.2452, 6.9490), (689.2664, -351.9481, 6.2670), (701.9932, -348.7734, 6.5240), (715.6044, -344.9319, 6.6060), (736.6935, -338.6823, 6.7390), (751.8198, -334.2780, 6.8730), (757.4963, -332.6019, 6.9490)]
            int[] faceVertexCounts = [4, 4, 4, 4, 4]
            int[] faceVertexIndices = [0, 1, 7, 6, 1, 2, 8, 7, 2, 3, 9, 8, 3, 4, 10, 9, 4, 5, 11, 10]
            uniform token subdivisionScheme = "none"
        }

        def Mesh "Road_361"
        {
            point3f[] points = [(838.4189, -91.4863, 5.2950), (850.9811, -86.1731, 5.3120), (862.6462, -79.9881, 5.2540), (879.1811, -70.7507, 5.2480), (890.1175, -63.4525, 5.3360), (839.7827, -94.7097, 5.2950), (852.4819, -89.3350, 5.3120), (864.3254, -83.0590, 5.2540), (880.9861, -73.7493, 5.2480), (892.0599, -66.3641, 5.3360)]
            int[] faceVertexCounts = [4, 4, 4, 4]
            int[] faceVertexIndices = [0, 1, 6, 5, 1, 2, 7, 6, 2, 3, 8, 7, 3, 4, 9, 8]
            uniform token subdivisionScheme = "none"
        }

        def Mesh "Road_362"
        {
            point3f[] points = [(753.7365, -418.3998, 10.2380), (762.7294, -410.4469, 10.5370), (764.3904, -409.0950, 10.5370), (773.8378, -401.7110, 10.1470), (774.9344, -400.7807, 9.9490), (777.8333, -398.1229, 9.7740), (780.5654, -395.3487, 9.5490), (785.8511, -389.3987, 9.1210), (786.7412, -388.3432, 9.0230), (791.7242, -382.1360, 8.6830), (794.0239, -378.9629, 8.4780), (795.0960, -377.3556, 8.3950), (795.9864, -375.9458, 8.3500), (797.9441, -372.5409, 8.1950), (799.6921, -369.0667, 8.0290), (802.0523, -363.6155, 7.8810), (802.7555, -361.8047, 7.7960), (803.0183, -361.1043, 7.7530), (807.4952, -347.6307, 7.4690), (809.9859, -340.0360, 7.3790), (810.3798, -338.8410, 7.3730), (812.4794, -332.4184, 7.3640), (756.0551, -421.0216, 10.2380), (765.0321, -413.0826, 10.5370), (766.5535, -411.8465, 10.5370), (776.0056, -404.4588, 10.1470), (777.2717, -403.3858, 9.9490), (780.2639, -400.6413, 9.7740), (783.1419, -397.7176, 9.5490), (788.4768, -391.7129, 9.1210), (789.4624, -390.5444, 9.0230), (794.4891, -384.2820, 8.6830), (796.8838, -380.9805, 8.4780), (798.0300, -379.2638, 8.3950), (798.9988, -377.7279, 8.3500), (801.0259, -374.2000, 8.1950), (802.8711, -370.5309, 8.0290), (805.2771, -364.9759, 7.8810), (806.0225, -363.0604, 7.7960), (806.3375, -362.2146, 7.7530), (810.8182, -348.7296, 7.4690), (813.3114, -341.1274, 7.3790), (813.7061, -339.9298, 7.3730), (815.8061, -333.5059, 7.3640)]
            int[] faceVertexCounts = [4, 4, 4, 4, 4, 4, 4, 4, 4, 4, 4, 4, 4, 4, 4, 4, 4, 4, 4, 4, 4]
            int[] faceVertexIndices = [0, 1, 23, 22, 1, 2, 24, 23, 2, 3, 25, 24, 3, 4, 26, 25, 4, 5, 27, 26, 5, 6, 28, 27, 6, 7, 29, 28, 7, 8, 30, 29, 8, 9, 31, 30, 9, 10, 32, 31, 10, 11, 33, 32, 11, 12, 34, 33, 12, 13, 35, 34, 13, 14, 36, 35, 14, 15, 37, 36, 15, 16, 38, 37, 16, 17, 39, 38, 17, 18, 40, 39, 18, 19, 41, 40, 19, 20, 42, 41, 20, 21, 43, 42]
            uniform token subdivisionScheme = "none"
        }

        def Mesh "Road_363"
        {
            point3f[] points = [(2157.8412, -526.9500, 6.6730), (2158.7107, -513.3819, 6.6150), (2160.6836, -501.6610, 0.3000), (2164.0598, -486.1842, 0.3000), (2167.5838, -468.2174, 0.3000), (2169.2850, -456.3574, 0.3000), (2169.1114, -449.9566, 0.3000), (2161.3341, -527.1734, 6.6730), (2162.1889, -513.7722, 6.6150), (2164.1176, -502.3371, 0.3000), (2167.4876, -486.8914, 0.3000), (2171.0314, -468.8206, 0.3000), (2172.7729, -456.6486, 0.3000), (2172.6103, -449.8674, 0.3000)]
            int[] faceVertexCounts = [4, 4, 4, 4, 4, 4]
            int[] faceVertexIndices = [0, 1, 8, 7, 1, 2, 9, 8, 2, 3, 10, 9, 3, 4, 11, 10, 4, 5, 12, 11, 5, 6, 13, 12]
            uniform token subdivisionScheme = "none"
        }

        def Mesh "Road_364"
        {
            point3f[] points = [(1702.3870, -346.3867, 5.9920), (1735.2821, -336.4566, 5.0040), (1748.8807, -332.9013, 4.6150), (1752.8514, -332.0377, 4.5180), (1754.2908, -331.7518, 4.4390), (1760.2095, -330.7166, 4.2180), (1761.7592, -330.4642, 4.1630), (1703.3985, -349.7374, 5.9920), (1736.2572, -339.8181, 5.0040), (1749.7344, -336.2956, 4.6150), (1753.5786, -335.4613, 4.5180), (1754.9089, -335.1968, 4.4390), (1760.8042, -334.1657, 4.2180), (1762.3218, -333.9187, 4.1630)]
            int[] faceVertexCounts = [4, 4, 4, 4, 4, 4]
            int[] faceVertexIndices = [0, 1, 8, 7, 1, 2, 9, 8, 2, 3, 10, 9, 3, 4, 11, 10, 4, 5, 12, 11, 5, 6, 13, 12]
            uniform token subdivisionScheme = "none"
        }

        def Mesh "Road_365"
        {
            point3f[] points = [(1061.9576, -158.1916, 5.9040), (1117.4414, -101.9196, 5.3770), (1136.0154, -81.4407, 5.3540), (1158.9089, -58.2243, 5.1460), (1177.5268, -40.8882, 5.0750), (1201.0105, -18.2986, 4.9070), (1064.4498, -160.6490, 5.9040), (1119.9601, -104.3499, 5.3770), (1138.5542, -83.8500, 5.3540), (1161.3547, -60.7279, 5.1460), (1179.9352, -43.4278, 5.0750), (1203.4369, -20.8210, 4.9070)]
            int[] faceVertexCounts = [4, 4, 4, 4, 4]
            int[] faceVertexIndices = [0, 1, 7, 6, 1, 2, 8, 7, 2, 3, 9, 8, 3, 4, 10, 9, 4, 5, 11, 10]
            uniform token subdivisionScheme = "none"
        }

        def Mesh "Road_366"
        {
            point3f[] points = [(1347.9400, -119.6285, 5.1370), (1355.6034, -117.3692, 5.1060), (1356.8338, -116.9713, 5.1060), (1368.0907, -112.8510, 5.0700), (1368.4242, -112.7245, 5.0700), (1375.8464, -109.8002, 4.9470), (1377.5501, -109.0283, 4.9910), (1379.2920, -108.1762, 4.9230), (1380.9916, -107.2632, 4.9820), (1382.6431, -106.2853, 4.9030), (1384.2567, -105.2183, 4.9660), (1384.9416, -104.7266, 5.0420), (1386.4740, -103.5362, 4.9500), (1388.0689, -102.1870, 4.9190), (1390.6517, -100.4903, 4.9450), (1400.1763, -91.6074, 4.9020), (1407.9421, -84.7199, 4.8150), (1419.1073, -73.8658, 4.7650), (1428.3112, -65.4048, 4.5450), (1434.9255, -57.7111, 4.4090), (1440.8586, -51.0831, 4.2750), (1451.4649, -39.2846, 4.1840), (1454.7629, -35.0926, 4.0470), (1456.1691, -32.8639, 3.8660), (1456.8561, -30.6309, 3.8090), (1457.6856, -28.6642, 3.7430), (1458.6914, -26.7605, 3.7240), (1459.8627, -24.9609, 3.6740), (1461.1537, -23.2868, 3.7020), (1462.5009, -21.7101, 3.6740), (1463.8812, -20.2126, 3.6240), (1464.1942, -19.8849, 3.6240), (1468.5031, -15.6600, 3.5850), (1472.9734, -11.6055, 3.4810), (1474.2319, -10.4830, 3.3750), (1348.9298, -122.9856, 5.1370), (1356.6063, -120.7224, 5.1060), (1358.0239, -120.2628, 5.1060), (1369.2950, -116.1373, 5.0700), (1369.7052, -115.9816, 5.0700), (1377.1611, -113.0439, 4.9470), (1379.0410, -112.1949, 4.9910), (1380.8895, -111.2903, 4.9230), (1382.7120, -110.3113, 4.9820), (1384.5004, -109.2518, 4.9030), (1386.2223, -108.1142, 4.9660), (1387.0556, -107.5160, 5.0420), (1388.6812, -106.2524, 4.9500), (1390.1332, -105.0134, 4.9190), (1392.9537, -103.1267, 4.9450), (1402.5349, -94.1933, 4.9020), (1410.3354, -87.2737, 4.8150), (1421.5157, -76.4054, 4.7650), (1430.8122, -67.8534, 4.5450), (1437.5577, -60.0179, 4.4090), (1443.4633, -53.4210, 4.2750), (1454.1068, -41.5804, 4.1840), (1457.5924, -37.1527, 4.0470), (1459.3310, -34.3646, 3.8660), (1460.1480, -31.8196, 3.8090), (1460.8476, -30.1647, 3.7430), (1461.7084, -28.5346, 3.7240), (1462.7168, -26.9867, 3.6740), (1463.8702, -25.4936, 3.7020), (1465.1183, -24.0338, 3.6740), (1466.4484, -22.5915, 3.6240), (1466.6497, -22.3790, 3.6240), (1470.9044, -18.2063, 3.5850), (1475.3199, -14.2024, 3.4810), (1476.5615, -13.0951, 3.3750)]
            int[] faceVertexCounts = [4, 4, 4, 4, 4, 4, 4, 4, 4, 4, 4, 4, 4, 4, 4, 4, 4, 4, 4, 4, 4, 4, 4, 4, 4, 4, 4, 4, 4, 4, 4, 4, 4, 4]
            int[] faceVertexIndices = [0, 1, 36, 35, 1, 2, 37, 36, 2, 3, 38, 37, 3, 4, 39, 38, 4, 5, 40, 39, 5, 6, 41, 40, 6, 7, 42, 41, 7, 8, 43, 42, 8, 9, 44, 43, 9, 10, 45, 44, 10, 11, 46, 45, 11, 12, 47, 46, 12, 13, 48, 47, 13, 14, 49, 48, 14, 15, 50, 49, 15, 16, 51, 50, 16, 17, 52, 51, 17, 18, 53, 52, 18, 19, 54, 53, 19, 20, 55, 54, 20, 21, 56, 55, 21, 22, 57, 56, 22, 23, 58, 57, 23, 24, 59, 58, 24, 25, 60, 59, 25, 26, 61, 60, 26, 27, 62, 61, 27, 28, 63, 62, 28, 29, 64, 63, 29, 30, 65, 64, 30, 31, 66, 65, 31, 32, 67, 66, 32, 33, 68, 67, 33, 34, 69, 68]
            uniform token subdivisionScheme = "none"
        }

        def Mesh "Road_367"
        {
            point3f[] points = [(84.7471, -480.0995, 4.6800), (76.5079, -477.7745, 4.7890), (68.9319, -474.6824, 4.8920), (85.6966, -476.7307, 4.6800), (77.6420, -474.4633, 4.7890), (70.2556, -471.4424, 4.8920)]
            int[] faceVertexCounts = [4, 4]
            int[] faceVertexIndices = [0, 1, 4, 3, 1, 2, 5, 4]
            uniform token subdivisionScheme = "none"
        }

        def Mesh "Road_368"
        {
            point3f[] points = [(1836.7053, -398.9963, 7.7520), (1824.5461, -365.0559, 8.0090), (1824.2061, -364.0416, 8.0100), (1840.0002, -397.8159, 7.7520), (1827.8417, -363.8774, 8.0090), (1827.5250, -362.9303, 8.0100)]
            int[] faceVertexCounts = [4, 4]
            int[] faceVertexIndices = [0, 1, 4, 3, 1, 2, 5, 4]
            uniform token subdivisionScheme = "none"
        }

        def Mesh "Road_369"
        {
            point3f[] points = [(929.2777, -277.9507, 6.6210), (926.3975, -270.7023, 6.5610), (932.5303, -276.6582, 6.6210), (929.6502, -269.4099, 6.5610)]
            int[] faceVertexCounts = [4]
            int[] faceVertexIndices = [0, 1, 3, 2]
            uniform token subdivisionScheme = "none"
        }

        def Mesh "Road_370"
        {
            point3f[] points = [(542.0721, -1248.9222, 5.4370), (543.0782, -1232.9879, 5.6110), (543.6875, -1219.4616, 5.8620), (545.5652, -1249.1428, 5.4370), (546.5729, -1233.1796, 5.6110), (547.1839, -1219.6192, 5.8620)]
            int[] faceVertexCounts = [4, 4]
            int[] faceVertexIndices = [0, 1, 4, 3, 1, 2, 5, 4]
            uniform token subdivisionScheme = "none"
        }

        def Mesh "Road_371"
        {
            point3f[] points = [(450.2069, -1216.8744, 5.6600), (408.4078, -1215.3690, 5.7440), (450.3328, -1213.3767, 5.6600), (408.5338, -1211.8712, 5.7440)]
            int[] faceVertexCounts = [4]
            int[] faceVertexIndices = [0, 1, 3, 2]
            uniform token subdivisionScheme = "none"
        }

        def Mesh "Road_372"
        {
            point3f[] points = [(469.3449, -1380.5530, 5.4460), (439.9258, -1379.4641, 5.5730), (421.0574, -1378.4787, 5.5550), (412.0657, -1377.3814, 5.5220), (406.0637, -1374.2717, 5.4670), (469.4744, -1377.0554, 5.4460), (440.0760, -1375.9673, 5.5730), (421.3141, -1374.9881, 5.5550), (413.0104, -1374.0113, 5.5220), (407.6915, -1371.1733, 5.4670)]
            int[] faceVertexCounts = [4, 4, 4, 4]
            int[] faceVertexIndices = [0, 1, 6, 5, 1, 2, 7, 6, 2, 3, 8, 7, 3, 4, 9, 8]
            uniform token subdivisionScheme = "none"
        }

        def Mesh "Road_373"
        {
            point3f[] points = [(46.4629, -766.3584, 6.9280), (30.1290, -764.5259, 7.1810), (15.5003, -762.3835, 7.2540), (5.9709, -760.7208, 7.1690), (46.8531, -762.8802, 6.9280), (30.5746, -761.0544, 7.1810), (16.0449, -758.9261, 7.2540), (6.5725, -757.2729, 7.1690)]
            int[] faceVertexCounts = [4, 4, 4]
            int[] faceVertexIndices = [0, 1, 5, 4, 1, 2, 6, 5, 2, 3, 7, 6]
            uniform token subdivisionScheme = "none"
        }

        def Mesh "Road_374"
        {
            point3f[] points = [(305.1057, -1465.1437, 6.7750), (305.8303, -1457.3262, 6.5750), (304.4648, -1449.3080, 5.8410), (301.2846, -1441.3585, 6.1720), (296.6624, -1435.6603, 5.7440), (289.1024, -1429.6833, 6.2470), (281.8377, -1425.6680, 6.3040), (273.9244, -1420.0905, 6.4030), (266.4426, -1413.2946, 6.4180), (257.9160, -1403.9911, 6.4250), (249.8280, -1394.9317, 6.3770), (237.6736, -1380.8715, 6.3310), (308.5914, -1465.4599, 6.7750), (309.3272, -1457.1775, 6.5750), (307.8308, -1448.3490, 5.8410), (304.3210, -1439.6178, 6.1720), (299.0907, -1433.1397, 5.7440), (291.0627, -1426.7838, 6.2470), (283.7059, -1422.7082, 6.3040), (276.1170, -1417.3624, 6.4030), (268.9254, -1410.8278, 6.4180), (260.5115, -1401.6431, 6.4250), (252.4613, -1392.6262, 6.3770), (240.3214, -1378.5826, 6.3310)]
            int[] faceVertexCounts = [4, 4, 4, 4, 4, 4, 4, 4, 4, 4, 4]
            int[] faceVertexIndices = [0, 1, 13, 12, 1, 2, 14, 13, 2, 3, 15, 14, 3, 4, 16, 15, 4, 5, 17, 16, 5, 6, 18, 17, 6, 7, 19, 18, 7, 8, 20, 19, 8, 9, 21, 20, 9, 10, 22, 21, 10, 11, 23, 22]
            uniform token subdivisionScheme = "none"
        }

        def Mesh "Road_375"
        {
            point3f[] points = [(342.6737, -1557.2238, 6.3200), (347.0207, -1546.4800, 7.0650), (348.1817, -1544.5015, 7.3510), (349.3959, -1542.7811, 7.4050), (350.6773, -1541.1264, 7.3750), (353.2985, -1538.0600, 7.3200), (353.8069, -1537.4988, 7.2980), (363.3260, -1527.2526, 6.8120), (364.5556, -1525.8187, 6.6700), (369.5659, -1519.6004, 6.6860), (345.9182, -1558.5365, 6.3200), (350.2351, -1547.8649, 7.0650), (351.1174, -1546.4071, 7.3510), (352.2098, -1544.8624, 7.4050), (353.3741, -1543.3573, 7.3750), (355.9489, -1540.3458, 7.3200), (356.3724, -1539.8796, 7.2980), (365.9019, -1529.6222, 6.8120), (367.2675, -1528.0314, 6.6700), (372.2913, -1521.7964, 6.6860)]
            int[] faceVertexCounts = [4, 4, 4, 4, 4, 4, 4, 4, 4]
            int[] faceVertexIndices = [0, 1, 11, 10, 1, 2, 12, 11, 2, 3, 13, 12, 3, 4, 14, 13, 4, 5, 15, 14, 5, 6, 16, 15, 6, 7, 17, 16, 7, 8, 18, 17, 8, 9, 19, 18]
            uniform token subdivisionScheme = "none"
        }

        def Mesh "Road_376"
        {
            point3f[] points = [(-108.2748, -1041.4027, 0.3000), (-104.2995, -1040.7920, 0.3000), (-102.4024, -1040.5832, 0.3000), (-100.2898, -1040.4390, 0.3000), (-94.2619, -1040.4147, 0.3000), (-93.7236, -1040.4250, 0.3000), (-87.7266, -1040.5734, 0.3000), (-87.2066, -1040.5868, 0.3000), (-73.2184, -1040.9025, 0.3000), (-72.3692, -1040.9085, 0.3000), (-60.3777, -1040.7768, 0.3000), (-60.0313, -1040.7704, 0.3000), (-56.0309, -1040.6968, 0.3000), (-54.5023, -1040.6805, 0.3000), (-44.5016, -1040.7298, 0.3000), (-42.5707, -1040.7462, 0.3000), (-34.5766, -1040.7504, 0.3000), (-34.0899, -1040.7530, 0.3000), (-26.0927, -1040.8300, 0.3000), (-25.7061, -1040.8334, 0.3000), (-19.7061, -1040.8955, 0.3000), (-18.0835, -1040.9264, 0.3000), (-5.9210, -1041.4199, 0.3000), (28.0401, -1041.2551, 8.1140), (29.2386, -1041.2476, 8.1140), (51.2276, -1041.2775, 8.2220), (52.7154, -1041.2492, 8.2300), (64.8872, -1040.7826, 8.2280), (74.1340, -1039.9436, 8.1450), (81.5269, -1037.7030, 8.1030), (87.4618, -1035.3674, 8.0650), (95.2171, -1031.0216, 7.9820), (110.8454, -1020.6333, 8.0470), (121.6568, -1012.5205, 8.1990), (133.5945, -1003.5911, 8.1970), (-107.7432, -1044.8621, 0.3000), (-103.8145, -1044.2582, 0.3000), (-102.0940, -1044.0696, 0.3000), (-100.2190, -1043.9383, 0.3000), (-94.2543, -1043.9147, 0.3000), (-93.8088, -1043.9240, 0.3000), (-87.8134, -1044.0723, 0.3000), (-87.2860, -1044.0859, 0.3000), (-73.2941, -1044.4017, 0.3000), (-72.3351, -1044.4084, 0.3000), (-60.3385, -1044.2766, 0.3000), (-59.9670, -1044.2698, 0.3000), (-55.9738, -1044.1964, 0.3000), (-54.5124, -1044.1805, 0.3000), (-44.5209, -1044.2297, 0.3000), (-42.5780, -1044.2462, 0.3000), (-34.5794, -1044.2504, 0.3000), (-34.1228, -1044.2529, 0.3000), (-26.1263, -1044.3298, 0.3000), (-25.7420, -1044.3332, 0.3000), (-19.7485, -1044.3953, 0.3000), (-18.2164, -1044.4238, 0.3000), (-5.9460, -1044.9198, 0.3000), (28.0573, -1044.7551, 8.1140), (29.2353, -1044.7476, 8.1140), (51.2275, -1044.7775, 8.2220), (52.8419, -1044.7469, 8.2300), (65.1022, -1044.2760, 8.2280), (74.7721, -1043.3849, 8.1450), (82.6622, -1041.0138, 8.1030), (88.9963, -1038.5131, 8.0650), (97.0820, -1033.9833, 7.9820), (112.8519, -1023.5010, 8.0470), (123.7551, -1015.3217, 8.1990), (135.6909, -1006.3938, 8.1970)]
            int[] faceVertexCounts = [4, 4, 4, 4, 4, 4, 4, 4, 4, 4, 4, 4, 4, 4, 4, 4, 4, 4, 4, 4, 4, 4, 4, 4, 4, 4, 4, 4, 4, 4, 4, 4, 4, 4]
            int[] faceVertexIndices = [0, 1, 36, 35, 1, 2, 37, 36, 2, 3, 38, 37, 3, 4, 39, 38, 4, 5, 40, 39, 5, 6, 41, 40, 6, 7, 42, 41, 7, 8, 43, 42, 8, 9, 44, 43, 9, 10, 45, 44, 10, 11, 46, 45, 11, 12, 47, 46, 12, 13, 48, 47, 13, 14, 49, 48, 14, 15, 50, 49, 15, 16, 51, 50, 16, 17, 52, 51, 17, 18, 53, 52, 18, 19, 54, 53, 19, 20, 55, 54, 20, 21, 56, 55, 21, 22, 57, 56, 22, 23, 58, 57, 23, 24, 59, 58, 24, 25, 60, 59, 25, 26, 61, 60, 26, 27, 62, 61, 27, 28, 63, 62, 28, 29, 64, 63, 29, 30, 65, 64, 30, 31, 66, 65, 31, 32, 67, 66, 32, 33, 68, 67, 33, 34, 69, 68]
            uniform token subdivisionScheme = "none"
        }

        def Mesh "Road_377"
        {
            point3f[] points = [(61.9626, -635.0588, 5.6590), (68.5389, -632.2570, 5.7430), (75.7263, -629.9022, 5.9400), (63.3352, -638.2784, 5.6590), (69.7668, -635.5345, 5.7430), (76.8153, -633.2285, 5.9400)]
            int[] faceVertexCounts = [4, 4]
            int[] faceVertexIndices = [0, 1, 4, 3, 1, 2, 5, 4]
            uniform token subdivisionScheme = "none"
        }

        def Mesh "Road_378"
        {
            point3f[] points = [(-72.6074, -1490.6602, 0.3000), (-62.4013, -1489.5211, 0.3000), (-32.5668, -1486.3990, 0.3000), (-0.4950, -1483.2709, 0.3000), (36.2258, -1479.4869, 6.7950), (85.2456, -1474.2563, 6.6290), (122.3818, -1470.2237, 6.6200), (161.7816, -1466.1107, 6.7770), (193.3824, -1462.6793, 6.9110), (215.7368, -1460.6693, 6.9890), (234.7819, -1459.4106, 6.9060), (256.9302, -1460.0862, 6.8020), (276.4054, -1461.1776, 6.7520), (295.8525, -1463.0040, 6.8140), (306.9354, -1463.5539, 6.7750), (-72.2192, -1494.1386, 0.3000), (-62.0309, -1493.0015, 0.3000), (-32.2153, -1489.8813, 0.3000), (-0.1450, -1486.7533, 0.3000), (36.5918, -1482.9677, 6.7950), (85.6198, -1477.7362, 6.6290), (122.7522, -1473.7040, 6.6200), (162.1514, -1469.5911, 6.7770), (193.7336, -1466.1616, 6.9110), (216.0125, -1464.1584, 6.9890), (234.8313, -1462.9103, 6.9060), (256.7816, -1463.5830, 6.8020), (276.1437, -1464.6678, 6.7520), (295.5810, -1466.4934, 6.8140), (306.7617, -1467.0496, 6.7750)]
            int[] faceVertexCounts = [4, 4, 4, 4, 4, 4, 4, 4, 4, 4, 4, 4, 4, 4]
            int[] faceVertexIndices = [0, 1, 16, 15, 1, 2, 17, 16, 2, 3, 18, 17, 3, 4, 19, 18, 4, 5, 20, 19, 5, 6, 21, 20, 6, 7, 22, 21, 7, 8, 23, 22, 8, 9, 24, 23, 9, 10, 25, 24, 10, 11, 26, 25, 11, 12, 27, 26, 12, 13, 28, 27, 13, 14, 29, 28]
            uniform token subdivisionScheme = "none"
        }

        def Mesh "Road_379"
        {
            point3f[] points = [(543.6863, -1219.4933, 5.8620), (543.9226, -1210.7198, 5.6960), (547.1851, -1219.5875, 5.8620), (547.4213, -1210.8140, 5.6960)]
            int[] faceVertexCounts = [4]
            int[] faceVertexIndices = [0, 1, 3, 2]
            uniform token subdivisionScheme = "none"
        }

        def Mesh "Road_380"
        {
            point3f[] points = [(603.9592, -1217.0945, 5.6620), (627.4881, -1211.7680, 5.5550), (645.0653, -1204.9385, 5.5330), (665.1527, -1196.6549, 5.4570), (688.4392, -1185.3813, 5.5930), (707.2815, -1176.1939, 5.7960), (718.3782, -1170.4658, 5.8850), (722.4418, -1168.3692, 5.9330), (734.4114, -1162.2533, 6.0190), (745.8836, -1156.7307, 5.1280), (604.7325, -1220.5080, 5.6620), (628.4810, -1215.1242, 5.5550), (646.3682, -1208.1870, 5.5330), (666.5913, -1199.8456, 5.4570), (689.9682, -1188.5297, 5.5930), (708.8422, -1179.3266, 5.7960), (719.9834, -1173.5760, 5.8850), (724.0375, -1171.4844, 5.9330), (735.9678, -1165.3882, 6.0190), (747.4017, -1159.8843, 5.1280)]
            int[] faceVertexCounts = [4, 4, 4, 4, 4, 4, 4, 4, 4]
            int[] faceVertexIndices = [0, 1, 11, 10, 1, 2, 12, 11, 2, 3, 13, 12, 3, 4, 14, 13, 4, 5, 15, 14, 5, 6, 16, 15, 6, 7, 17, 16, 7, 8, 18, 17, 8, 9, 19, 18]
            uniform token subdivisionScheme = "none"
        }

        def Mesh "Road_381"
        {
            point3f[] points = [(322.5072, -1467.1540, 6.6100), (307.3972, -1467.0793, 6.7750), (306.7626, -1467.0497, 6.7750), (322.5245, -1463.6540, 6.6100), (307.4200, -1463.5794, 6.7750), (306.9345, -1463.5539, 6.7750)]
            int[] faceVertexCounts = [4, 4]
            int[] faceVertexIndices = [0, 1, 4, 3, 1, 2, 5, 4]
            uniform token subdivisionScheme = "none"
        }

        def Mesh "Road_382"
        {
            point3f[] points = [(246.1721, -984.2867, 6.1990), (255.9654, -979.1503, 6.2860), (267.6939, -973.1336, 6.0530), (275.7953, -968.4887, 5.9000), (281.3557, -962.8770, 5.7510), (287.9691, -953.4017, 5.7260), (247.7977, -987.3863, 6.1990), (257.5759, -982.2578, 6.2860), (269.3540, -976.2148, 6.0530), (277.9018, -971.2838, 5.9000), (284.0742, -965.0815, 5.7510), (290.8384, -955.4060, 5.7260)]
            int[] faceVertexCounts = [4, 4, 4, 4, 4]
            int[] faceVertexIndices = [0, 1, 7, 6, 1, 2, 8, 7, 2, 3, 9, 8, 3, 4, 10, 9, 4, 5, 11, 10]
            uniform token subdivisionScheme = "none"
        }

        def Mesh "Road_383"
        {
            point3f[] points = [(330.6554, -1484.3697, 6.1920), (331.0995, -1478.9167, 6.2150), (331.1567, -1477.0111, 6.2210), (331.1466, -1475.5214, 6.2220), (331.1668, -1467.5067, 6.1870), (331.2685, -1465.4381, 6.1890), (331.3210, -1464.6593, 6.1890), (332.6422, -1452.7346, 6.1270), (332.8274, -1451.0578, 6.1650), (333.5549, -1439.1485, 6.1740), (334.0144, -1413.0722, 6.2340), (335.6146, -1389.0951, 6.3210), (335.6972, -1387.3192, 6.3120), (335.8949, -1373.1236, 6.1640), (334.1438, -1484.6537, 6.1920), (334.5915, -1479.1535, 6.2150), (334.6564, -1477.0620, 6.2210), (334.6466, -1475.5252, 6.2220), (334.6666, -1467.5485, 6.1870), (334.7635, -1465.6261, 6.1890), (334.8006, -1465.0363, 6.1890), (336.1210, -1453.1195, 6.1270), (336.3196, -1451.2925, 6.1650), (337.0532, -1439.2579, 6.1740), (337.5115, -1413.2161, 6.2340), (339.1071, -1389.3231, 6.3210), (339.1967, -1387.3811, 6.3120), (339.3946, -1373.1723, 6.1640)]
            int[] faceVertexCounts = [4, 4, 4, 4, 4, 4, 4, 4, 4, 4, 4, 4, 4]
            int[] faceVertexIndices = [0, 1, 15, 14, 1, 2, 16, 15, 2, 3, 17, 16, 3, 4, 18, 17, 4, 5, 19, 18, 5, 6, 20, 19, 6, 7, 21, 20, 7, 8, 22, 21, 8, 9, 23, 22, 9, 10, 24, 23, 10, 11, 25, 24, 11, 12, 26, 25, 12, 13, 27, 26]
            uniform token subdivisionScheme = "none"
        }

        def Mesh "Road_384"
        {
            point3f[] points = [(641.1112, -1535.5276, 5.0900), (586.2308, -1559.7034, 5.3740), (585.5519, -1560.0297, 5.3740), (563.8922, -1570.4408, 5.5430), (536.4881, -1582.6668, 6.1070), (535.0125, -1583.3506, 6.1070), (518.9279, -1591.3918, 7.3720), (517.2832, -1592.2675, 7.4940), (508.3733, -1596.8463, 8.7150), (506.4146, -1597.6971, 8.9270), (504.4667, -1598.4345, 8.9360), (502.3047, -1599.1379, 9.2720), (500.2861, -1599.6811, 9.2720), (498.2455, -1600.1198, 9.3980), (496.1875, -1600.4547, 9.5250), (494.1216, -1600.6898, 9.7200), (492.0511, -1600.8343, 9.8250), (490.0004, -1600.8899, 9.9250), (489.0857, -1600.8874, 10.0200), (487.0396, -1600.8232, 10.0780), (484.9816, -1600.6817, 10.1190), (482.9063, -1600.4638, 10.1470), (478.8880, -1599.8442, 10.2050), (474.9131, -1599.0459, 10.2700), (472.9593, -1598.5942, 10.2890), (465.1940, -1596.4776, 10.2850), (459.4450, -1594.5757, 10.2210), (458.8391, -1594.3565, 10.1820), (451.3476, -1591.3907, 9.9990), (442.2419, -1587.1325, 9.5040), (440.4127, -1586.1985, 9.3660), (439.4577, -1585.7011, 9.3660), (434.1743, -1582.7804, 9.0800), (430.7074, -1580.6438, 8.8520), (428.9867, -1579.4738, 8.7740), (427.3406, -1578.2758, 8.7200), (426.7326, -1577.8118, 8.5760), (425.1356, -1576.5210, 8.5760), (423.5754, -1575.1305, 8.4290), (422.0782, -1573.6407, 8.2790), (420.6706, -1572.0112, 8.2790), (419.4289, -1570.2427, 8.1570), (418.5430, -1568.6820, 8.0450), (417.6687, -1566.6877, 7.9150), (417.0178, -1564.6021, 7.7940), (416.5867, -1562.4798, 7.6610), (416.3508, -1560.3407, 7.5260), (416.2998, -1558.2287, 7.4040), (416.3475, -1557.0789, 7.4040), (416.5530, -1555.0044, 7.2780), (416.8766, -1552.9667, 7.1760), (417.2347, -1551.1465, 7.0700), (419.0558, -1547.3851, 6.8100), (420.1016, -1545.6510, 6.7290), (421.3865, -1543.9132, 6.6720), (422.8307, -1542.3091, 6.5650), (424.3873, -1540.8556, 6.4820), (426.0107, -1539.5207, 6.4730), (427.6687, -1538.3020, 6.4050), (428.2017, -1537.9355, 6.4050), (429.9160, -1536.8280, 6.3390), (431.7099, -1535.7605, 6.3210), (435.3045, -1533.8476, 6.2710), (439.0236, -1532.1141, 6.2180), (450.1277, -1527.5292, 6.0800), (450.9424, -1527.1854, 6.0800), (472.5021, -1516.6820, 5.7960), (473.4760, -1516.2019, 5.8000), (506.2425, -1501.3274, 5.2490), (506.8427, -1501.0570, 5.2430), (539.4741, -1485.8883, 5.2080), (540.4251, -1485.4435, 5.2080), (569.4209, -1471.9411, 5.2920), (570.6814, -1471.3271, 5.2920), (588.5650, -1462.3916, 5.3670), (589.8301, -1461.7623, 5.3820), (602.4101, -1455.6307, 5.3960), (603.1498, -1455.2731, 5.3730), (639.7002, -1532.3246, 5.0900), (584.8185, -1556.5010, 5.3740), (584.0357, -1556.8751, 5.3740), (562.4259, -1567.2628, 5.5430), (535.0596, -1579.4716, 6.1070), (533.4553, -1580.2161, 6.1070), (517.3553, -1588.2650, 7.3720), (515.6763, -1589.1581, 7.4940), (506.8078, -1593.7159, 8.7150), (505.0990, -1594.4538, 8.9270), (503.3088, -1595.1316, 8.9360), (501.3042, -1595.7840, 9.2720), (499.4634, -1596.2792, 9.2720), (497.5965, -1596.6805, 9.3980), (495.7084, -1596.9876, 9.5250), (493.8019, -1597.2045, 9.7200), (491.8821, -1597.3384, 9.8250), (489.9369, -1597.3905, 9.9250), (489.1656, -1597.3883, 10.0200), (487.2143, -1597.3275, 10.0780), (485.2839, -1597.1948, 10.1190), (483.3834, -1596.9964, 10.1470), (479.4995, -1596.3980, 10.2050), (475.6344, -1595.6210, 10.2700), (473.8540, -1595.2105, 10.2890), (466.1915, -1593.1228, 10.2850), (460.5524, -1591.2555, 10.2210), (460.1207, -1591.0996, 10.1820), (452.7445, -1588.1815, 9.9990), (443.7432, -1583.9708, 9.5040), (442.0132, -1583.0858, 9.3660), (441.1396, -1582.6317, 9.3660), (435.9253, -1579.7499, 9.0800), (432.5885, -1577.6923, 8.8520), (431.0012, -1576.6117, 8.7740), (429.4170, -1575.4582, 8.7200), (428.9124, -1575.0734, 8.5760), (427.4002, -1573.8524, 8.5760), (425.9746, -1572.5822, 8.4290), (424.6378, -1571.2536, 8.2790), (423.4304, -1569.8587, 8.2790), (422.3767, -1568.3557, 8.1570), (421.6802, -1567.1302, 8.0450), (420.9468, -1565.4614, 7.9150), (420.4079, -1563.7320, 7.7940), (420.0448, -1561.9395, 7.6610), (419.8430, -1560.1076, 7.5260), (419.7998, -1558.2229, 7.4040), (419.8364, -1557.3569, 7.4040), (420.0243, -1555.4518, 7.2780), (420.3289, -1553.5423, 7.1760), (420.4886, -1552.4356, 7.0700), (422.1593, -1549.0032, 6.8100), (423.0060, -1547.6041, 6.7290), (424.0973, -1546.1271, 6.6720), (425.3272, -1544.7622, 6.5650), (426.6937, -1543.4883, 6.4820), (428.1590, -1542.2838, 6.4730), (429.7212, -1541.1370, 6.4050), (430.1197, -1540.8631, 6.4050), (431.7615, -1539.8019, 6.3390), (433.4036, -1538.8234, 6.3210), (436.8668, -1536.9796, 6.2710), (440.3954, -1535.3341, 6.2180), (451.4659, -1530.7633, 6.0800), (452.4688, -1530.3350, 6.0800), (474.0357, -1519.8281, 5.7960), (474.9256, -1519.3876, 5.8000), (507.6891, -1504.5145, 5.2490), (508.3173, -1504.2312, 5.2430), (540.9496, -1489.0620, 5.2080), (541.9027, -1488.6163, 5.2080), (570.9007, -1475.1129, 5.2920), (572.2436, -1474.4591, 5.2920), (590.1290, -1465.5228, 5.3670), (591.3659, -1464.9074, 5.3820), (603.9431, -1458.7772, 5.3960), (604.6735, -1458.4240, 5.3730)]
            int[] faceVertexCounts = [4, 4, 4, 4, 4, 4, 4, 4, 4, 4, 4, 4, 4, 4, 4, 4, 4, 4, 4, 4, 4, 4, 4, 4, 4, 4, 4, 4, 4, 4, 4, 4, 4, 4, 4, 4, 4, 4, 4, 4, 4, 4, 4, 4, 4, 4, 4, 4, 4, 4, 4, 4, 4, 4, 4, 4, 4, 4, 4, 4, 4, 4, 4, 4, 4, 4, 4, 4, 4, 4, 4, 4, 4, 4, 4, 4, 4]
            int[] faceVertexIndices = [0, 1, 79, 78, 1, 2, 80, 79, 2, 3, 81, 80, 3, 4, 82, 81, 4, 5, 83, 82, 5, 6, 84, 83, 6, 7, 85, 84, 7, 8, 86, 85, 8, 9, 87, 86, 9, 10, 88, 87, 10, 11, 89, 88, 11, 12, 90, 89, 12, 13, 91, 90, 13, 14, 92, 91, 14, 15, 93, 92, 15, 16, 94, 93, 16, 17, 95, 94, 17, 18, 96, 95, 18, 19, 97, 96, 19, 20, 98, 97, 20, 21, 99, 98, 21, 22, 100, 99, 22, 23, 101, 100, 23, 24, 102, 101, 24, 25, 103, 102, 25, 26, 104, 103, 26, 27, 105, 104, 27, 28, 106, 105, 28, 29, 107, 106, 29, 30, 108, 107, 30, 31, 109, 108, 31, 32, 110, 109, 32, 33, 111, 110, 33, 34, 112, 111, 34, 35, 113, 112, 35, 36, 114, 113, 36, 37, 115, 114, 37, 38, 116, 115, 38, 39, 117, 116, 39, 40, 118, 117, 40, 41, 119, 118, 41, 42, 120, 119, 42, 43, 121, 120, 43, 44, 122, 121, 44, 45, 123, 122, 45, 46, 124, 123, 46, 47, 125, 124, 47, 48, 126, 125, 48, 49, 127, 126, 49, 50, 128, 127, 50, 51, 129, 128, 51, 52, 130, 129, 52, 53, 131, 130, 53, 54, 132, 131, 54, 55, 133, 132, 55, 56, 134, 133, 56, 57, 135, 134, 57, 58, 136, 135, 58, 59, 137, 136, 59, 60, 138, 137, 60, 61, 139, 138, 61, 62, 140, 139, 62, 63, 141, 140, 63, 64, 142, 141, 64, 65, 143, 142, 65, 66, 144, 143, 66, 67, 145, 144, 67, 68, 146, 145, 68, 69, 147, 146, 69, 70, 148, 147, 70, 71, 149, 148, 71, 72, 150, 149, 72, 73, 151, 150, 73, 74, 152, 151, 74, 75, 153, 152, 75, 76, 154, 153, 76, 77, 155, 154]
            uniform token subdivisionScheme = "none"
        }

        def Mesh "Road_385"
        {
            point3f[] points = [(406.4296, -1244.7113, 5.7620), (406.5119, -1225.6113, 5.7180), (406.7211, -1213.5896, 5.7440), (409.9296, -1244.7263, 5.7620), (410.0117, -1225.6440, 5.7180), (410.2206, -1213.6505, 5.7440)]
            int[] faceVertexCounts = [4, 4]
            int[] faceVertexIndices = [0, 1, 4, 3, 1, 2, 5, 4]
            uniform token subdivisionScheme = "none"
        }

        def Mesh "Road_386"
        {
            point3f[] points = [(467.6619, -1378.7151, 5.4460), (474.3200, -1248.0720, 5.7200), (471.1574, -1378.8933, 5.4460), (477.8155, -1248.2501, 5.7200)]
            int[] faceVertexCounts = [4]
            int[] faceVertexIndices = [0, 1, 3, 2]
            uniform token subdivisionScheme = "none"
        }

        def Mesh "Road_387"
        {
            point3f[] points = [(207.9974, -1138.5242, 5.9970), (228.6043, -1122.7360, 5.8920), (249.7203, -1105.5263, 5.6710), (210.1260, -1141.3025, 5.9970), (230.7754, -1125.4812, 5.8920), (251.9314, -1108.2394, 5.6710)]
            int[] faceVertexCounts = [4, 4]
            int[] faceVertexIndices = [0, 1, 4, 3, 1, 2, 5, 4]
            uniform token subdivisionScheme = "none"
        }

        def Mesh "Road_388"
        {
            point3f[] points = [(-3.3242, -906.3810, 0.3000), (-3.5226, -902.0970, 0.3000), (-4.0665, -892.1213, 0.3000), (-4.1336, -890.9185, 0.3000), (-4.5182, -880.9152, 0.3000), (-4.5171, -878.8474, 0.3000), (-4.4926, -877.3969, 0.3000), (-4.2985, -871.4149, 0.3000), (-4.3107, -869.5045, 0.3000), (-4.4100, -867.5600, 0.3000), (-4.4439, -867.1630, 0.3000), (-5.2006, -861.1997, 0.3000), (-5.3061, -859.5789, 0.3000), (-5.1841, -855.5273, 0.3000), (-5.0910, -853.8518, 0.3000), (-5.3162, -845.8871, 0.3000), (-5.3385, -845.4066, 0.3000), (-5.5265, -837.4203, 0.3000), (-5.5999, -836.2318, 0.3000), (-6.3043, -830.2735, 0.3000), (-6.4569, -828.1586, 0.3000), (-6.4621, -826.0775, 0.3000), (-6.4208, -825.3694, 0.3000), (-6.1436, -823.2607, 0.3000), (-5.5995, -821.1014, 0.3000), (-4.6971, -818.8754, 0.3000), (-3.5642, -816.9421, 0.3000), (-2.2257, -815.2076, 0.3000), (-0.7756, -813.6527, 10.4210), (0.3561, -812.5801, 10.3650), (3.4060, -809.9751, 10.2750), (4.7922, -808.7445, 10.2120), (6.0434, -807.4866, 10.2070), (8.3187, -804.4569, 10.0850), (9.2172, -801.2326, 9.9870), (9.4991, -794.0197, 9.7430), (8.0031, -784.5444, 9.3030), (5.9659, -771.0929, 8.4750), (5.5401, -767.0454, 7.9210), (5.4198, -765.5905, 7.6170), (4.5383, -759.2374, 7.1690), (0.1721, -906.2191, 0.3000), (-0.0273, -901.9151, 0.3000), (-0.5717, -891.9302, 0.3000), (-0.6364, -890.7776, 0.3000), (-1.0200, -880.8037, 0.3000), (-1.0172, -878.8737, 0.3000), (-0.9941, -877.5000, 0.3000), (-0.7995, -871.4945, 0.3000), (-0.8121, -869.4047, 0.3000), (-0.9159, -867.3569, 0.3000), (-0.9703, -866.7333, 0.3000), (-1.7237, -860.7987, 0.3000), (-1.8061, -859.5963, 0.3000), (-1.6865, -855.6578, 0.3000), (-1.5913, -853.8046, 0.3000), (-1.8177, -845.7847, 0.3000), (-1.8396, -845.3197, 0.3000), (-2.0280, -837.3186, 0.3000), (-2.1201, -835.8558, 0.3000), (-2.8240, -829.9022, 0.3000), (-2.9593, -828.0290, 0.3000), (-2.9622, -826.1135, 0.3000), (-2.9436, -825.7683, 0.3000), (-2.7051, -823.9140, 0.3000), (-2.2753, -822.1968, 0.3000), (-1.5531, -820.4134, 0.3000), (-0.6644, -818.9021, 0.3000), (0.4408, -817.4746, 0.3000), (1.7210, -816.1057, 10.4210), (2.6654, -815.2102, 10.3650), (5.6960, -812.6219, 10.2750), (7.2029, -811.2819, 10.2120), (8.7579, -809.6959, 10.2070), (11.4528, -806.0147, 10.0850), (12.6923, -801.6490, 9.9870), (12.9903, -793.7711, 9.7430), (11.4624, -784.0122, 9.3030), (9.4317, -770.6049, 8.4750), (9.0230, -766.7002, 7.9210), (8.8914, -765.1454, 7.6170), (8.0051, -758.7564, 7.1690)]
            int[] faceVertexCounts = [4, 4, 4, 4, 4, 4, 4, 4, 4, 4, 4, 4, 4, 4, 4, 4, 4, 4, 4, 4, 4, 4, 4, 4, 4, 4, 4, 4, 4, 4, 4, 4, 4, 4, 4, 4, 4, 4, 4, 4]
            int[] faceVertexIndices = [0, 1, 42, 41, 1, 2, 43, 42, 2, 3, 44, 43, 3, 4, 45, 44, 4, 5, 46, 45, 5, 6, 47, 46, 6, 7, 48, 47, 7, 8, 49, 48, 8, 9, 50, 49, 9, 10, 51, 50, 10, 11, 52, 51, 11, 12, 53, 52, 12, 13, 54, 53, 13, 14, 55, 54, 14, 15, 56, 55, 15, 16, 57, 56, 16, 17, 58, 57, 17, 18, 59, 58, 18, 19, 60, 59, 19, 20, 61, 60, 20, 21, 62, 61, 21, 22, 63, 62, 22, 23, 64, 63, 23, 24, 65, 64, 24, 25, 66, 65, 25, 26, 67, 66, 26, 27, 68, 67, 27, 28, 69, 68, 28, 29, 70, 69, 29, 30, 71, 70, 30, 31, 72, 71, 31, 32, 73, 72, 32, 33, 74, 73, 33, 34, 75, 74, 34, 35, 76, 75, 35, 36, 77, 76, 36, 37, 78, 77, 37, 38, 79, 78, 38, 39, 80, 79, 39, 40, 81, 80]
            uniform token subdivisionScheme = "none"
        }

        def Mesh "Road_389"
        {
            point3f[] points = [(359.0971, -1039.1100, 6.0220), (359.4512, -1021.1765, 5.9740), (358.5638, -1003.2882, 5.8440), (358.0350, -997.1720, 5.6800), (355.5493, -975.3361, 5.3590), (355.4422, -974.5683, 5.3370), (351.3871, -950.7293, 4.8520), (346.1143, -927.3779, 4.5840), (345.8456, -926.3054, 4.5910), (339.9824, -905.1194, 4.4520), (339.5990, -903.8902, 4.5560), (332.9970, -885.0318, 4.6900), (332.5993, -884.0070, 4.6990), (326.4239, -869.2736, 4.8590), (324.7695, -865.6903, 4.9240), (324.4884, -865.0919, 4.9890), (318.1056, -852.7264, 5.0370), (314.3112, -845.3718, 5.0330), (305.6300, -829.6288, 5.1100), (304.9080, -828.2985, 5.1620), (296.4647, -812.4098, 5.2930), (295.5507, -810.6992, 5.2950), (292.7946, -805.3421, 5.2670), (292.1087, -803.7873, 5.2510), (291.3498, -801.8362, 5.2590), (290.0753, -797.9813, 5.2550), (288.3627, -792.2187, 5.2930), (287.9628, -790.9529, 5.2550), (287.3253, -789.1096, 5.2580), (286.6290, -787.3007, 5.2700), (285.8739, -785.5295, 5.2660), (285.0364, -783.7975, 5.3080), (284.3063, -782.4419, 5.3180), (283.3213, -780.7879, 5.3740), (282.2877, -779.2177, 5.4680), (278.7072, -774.4528, 5.5350), (277.6902, -773.1650, 5.6240), (362.5964, -1039.1789, 6.0220), (362.9508, -1021.1243, 5.9740), (362.0577, -1003.0820, 5.8440), (361.5149, -996.7970, 5.6800), (359.0265, -974.9369, 5.3590), (358.8933, -973.9849, 5.3370), (354.8206, -950.0506, 4.8520), (349.5275, -926.6033, 4.5840), (349.2200, -925.3761, 4.5910), (343.3537, -904.1793, 4.4520), (342.9050, -902.7412, 4.5560), (336.2982, -883.8691, 4.6900), (335.8298, -882.6601, 4.6990), (329.6421, -867.8978, 4.8590), (327.9455, -864.2197, 4.9240), (327.6014, -863.4921, 4.9890), (321.2158, -851.1212, 5.0370), (317.3908, -843.7086, 5.0330), (308.6958, -827.9403, 5.1100), (307.9976, -826.6540, 5.1620), (299.5550, -810.7667, 5.2930), (298.6569, -809.0862, 5.2950), (295.9268, -803.7801, 5.2670), (295.3454, -802.4555, 5.2510), (294.6533, -800.6800, 5.2590), (293.4179, -796.9435, 5.2550), (291.7145, -791.2109, 5.2930), (291.2828, -789.8451, 5.2550), (290.6128, -787.9086, 5.2580), (289.8724, -785.9854, 5.2700), (289.0600, -784.0809, 5.2660), (288.1570, -782.2127, 5.3080), (287.3475, -780.7094, 5.3180), (286.2865, -778.9285, 5.3740), (285.1178, -777.1586, 5.4680), (281.4944, -772.3358, 5.5350), (280.4373, -770.9963, 5.6240)]
            int[] faceVertexCounts = [4, 4, 4, 4, 4, 4, 4, 4, 4, 4, 4, 4, 4, 4, 4, 4, 4, 4, 4, 4, 4, 4, 4, 4, 4, 4, 4, 4, 4, 4, 4, 4, 4, 4, 4, 4]
            int[] faceVertexIndices = [0, 1, 38, 37, 1, 2, 39, 38, 2, 3, 40, 39, 3, 4, 41, 40, 4, 5, 42, 41, 5, 6, 43, 42, 6, 7, 44, 43, 7, 8, 45, 44, 8, 9, 46, 45, 9, 10, 47, 46, 10, 11, 48, 47, 11, 12, 49, 48, 12, 13, 50, 49, 13, 14, 51, 50, 14, 15, 52, 51, 15, 16, 53, 52, 16, 17, 54, 53, 17, 18, 55, 54, 18, 19, 56, 55, 19, 20, 57, 56, 20, 21, 58, 57, 21, 22, 59, 58, 22, 23, 60, 59, 23, 24, 61, 60, 24, 25, 62, 61, 25, 26, 63, 62, 26, 27, 64, 63, 27, 28, 65, 64, 28, 29, 66, 65, 29, 30, 67, 66, 30, 31, 68, 67, 31, 32, 69, 68, 32, 33, 70, 69, 33, 34, 71, 70, 34, 35, 72, 71, 35, 36, 73, 72]
            uniform token subdivisionScheme = "none"
        }

        def Mesh "Road_390"
        {
            point3f[] points = [(333.4230, -1485.9313, 6.1920), (332.0929, -1486.3018, 6.1920), (321.8960, -1484.8844, 6.4970), (331.3762, -1483.0921, 6.1920), (332.5529, -1482.8322, 6.1920), (322.3779, -1481.4177, 6.4970)]
            int[] faceVertexCounts = [4, 4]
            int[] faceVertexIndices = [0, 1, 4, 3, 1, 2, 5, 4]
            uniform token subdivisionScheme = "none"
        }

        def Mesh "Road_391"
        {
            point3f[] points = [(347.6463, -1209.4773, 5.9350), (347.8890, -1206.0962, 5.9060), (348.1502, -1203.9864, 5.9140), (348.4599, -1202.8941, 5.8750), (349.3678, -1200.9361, 5.8600), (350.2549, -1199.4694, 5.8390), (351.1373, -1209.7276, 5.9350), (351.3746, -1206.4133, 5.9060), (351.6032, -1204.5580, 5.9140), (351.6955, -1204.2287, 5.8750), (352.4661, -1202.5642, 5.8600), (353.2461, -1201.2866, 5.8390)]
            int[] faceVertexCounts = [4, 4, 4, 4, 4]
            int[] faceVertexIndices = [0, 1, 7, 6, 1, 2, 8, 7, 2, 3, 9, 8, 3, 4, 10, 9, 4, 5, 11, 10]
            uniform token subdivisionScheme = "none"
        }

        def Mesh "Road_392"
        {
            point3f[] points = [(219.5282, -591.8491, 4.3710), (223.6945, -581.5701, 4.4570), (227.3306, -571.7554, 4.4320), (227.9809, -569.9289, 4.4030), (228.5433, -568.0776, 4.4420), (228.7600, -567.2361, 4.4340), (229.1670, -565.3426, 4.4530), (229.4884, -563.4413, 4.5020), (229.7361, -561.5720, 4.5120), (230.6502, -549.6207, 4.6980), (230.8467, -547.6562, 4.8150), (231.3551, -543.6150, 4.9880), (233.7219, -529.8051, 5.1980), (233.7853, -529.4416, 5.1980), (235.3656, -519.6180, 5.4020), (236.9739, -505.7570, 5.5950), (237.0671, -504.5456, 5.5950), (238.9471, -480.6259, 6.3520), (239.2379, -478.5853, 6.4610), (239.5594, -476.5777, 6.5580), (241.3097, -466.5715, 6.2770), (222.7719, -593.1638, 4.3710), (226.9572, -582.8370, 4.4570), (230.6151, -572.9645, 4.4320), (231.3049, -571.0248, 4.4030), (231.9060, -569.0484, 4.4420), (232.1719, -568.0163, 4.4340), (232.6043, -566.0021, 4.4530), (232.9495, -563.9616, 4.5020), (233.2237, -561.8662, 4.5120), (234.1392, -549.8989, 4.6980), (234.3229, -548.0640, 4.8150), (234.8105, -544.1719, 4.9880), (237.1716, -530.3966, 5.1980), (237.2406, -529.9989, 5.1980), (238.8343, -520.0851, 5.4020), (240.4518, -506.1495, 5.5950), (240.5564, -504.8197, 5.5950), (242.4350, -480.9170, 6.3520), (242.6981, -479.1118, 6.4610), (243.0084, -477.1726, 6.5580), (244.7574, -467.1746, 6.2770)]
            int[] faceVertexCounts = [4, 4, 4, 4, 4, 4, 4, 4, 4, 4, 4, 4, 4, 4, 4, 4, 4, 4, 4, 4]
            int[] faceVertexIndices = [0, 1, 22, 21, 1, 2, 23, 22, 2, 3, 24, 23, 3, 4, 25, 24, 4, 5, 26, 25, 5, 6, 27, 26, 6, 7, 28, 27, 7, 8, 29, 28, 8, 9, 30, 29, 9, 10, 31, 30, 10, 11, 32, 31, 11, 12, 33, 32, 12, 13, 34, 33, 13, 14, 35, 34, 14, 15, 36, 35, 15, 16, 37, 36, 16, 17, 38, 37, 17, 18, 39, 38, 18, 19, 40, 39, 19, 20, 41, 40]
            uniform token subdivisionScheme = "none"
        }

        def Mesh "Road_393"
        {
            point3f[] points = [(852.9379, -295.3212, 6.9610), (876.6430, -287.3048, 6.9470), (877.2262, -287.1031, 6.9010), (905.4494, -276.9753, 6.8220), (906.9044, -276.4248, 6.8510), (927.3873, -268.4260, 6.5610), (854.0591, -298.6368, 6.9610), (877.7648, -290.6201, 6.9470), (878.4075, -290.3977, 6.9010), (906.6344, -280.2686, 6.8220), (908.1752, -279.6859, 6.8510), (928.6604, -271.6862, 6.5610)]
            int[] faceVertexCounts = [4, 4, 4, 4, 4]
            int[] faceVertexIndices = [0, 1, 7, 6, 1, 2, 8, 7, 2, 3, 9, 8, 3, 4, 10, 9, 4, 5, 11, 10]
            uniform token subdivisionScheme = "none"
        }

        def Mesh "Road_394"
        {
            point3f[] points = [(253.1355, -505.9828, 5.8840), (247.4581, -501.1592, 6.0210), (244.1022, -494.9945, 6.0700), (242.8912, -487.5015, 6.2460), (244.7914, -479.9229, 6.3800), (255.3920, -503.3073, 5.8840), (250.1472, -498.9190, 6.0210), (247.4215, -493.8842, 6.0700), (246.3865, -487.6814, 6.2460), (248.1825, -480.7891, 6.3800)]
            int[] faceVertexCounts = [4, 4, 4, 4]
            int[] faceVertexIndices = [0, 1, 6, 5, 1, 2, 7, 6, 2, 3, 8, 7, 3, 4, 9, 8]
            uniform token subdivisionScheme = "none"
        }

        def Mesh "Road_395"
        {
            point3f[] points = [(303.3637, -1483.7287, 6.4200), (296.6934, -1481.6191, 6.4300), (290.1329, -1478.6858, 6.4740), (304.4177, -1480.3912, 6.4200), (297.9400, -1478.3486, 6.4300), (291.5627, -1475.4912, 6.4740)]
            int[] faceVertexCounts = [4, 4]
            int[] faceVertexIndices = [0, 1, 4, 3, 1, 2, 5, 4]
            uniform token subdivisionScheme = "none"
        }

        def Mesh "Road_396"
        {
            point3f[] points = [(249.7162, -1105.5296, 5.6710), (261.5170, -1095.8540, 5.5760), (274.8791, -1085.7990, 5.4640), (283.2752, -1080.7282, 5.4020), (291.6518, -1077.4801, 5.3610), (301.0148, -1075.8101, 5.4000), (311.4018, -1075.5514, 5.5320), (324.6094, -1076.5282, 5.6720), (348.7250, -1078.4503, 5.9640), (251.9354, -1108.2361, 5.6710), (263.6769, -1098.6081, 5.5760), (276.8786, -1088.6716, 5.4640), (284.8326, -1083.8626, 5.4020), (292.5859, -1080.8531, 5.3610), (301.3528, -1079.2937, 5.4000), (311.2935, -1079.0497, 5.5320), (324.3382, -1080.0176, 5.6720), (348.4469, -1081.9392, 5.9640)]
            int[] faceVertexCounts = [4, 4, 4, 4, 4, 4, 4, 4]
            int[] faceVertexIndices = [0, 1, 10, 9, 1, 2, 11, 10, 2, 3, 12, 11, 3, 4, 13, 12, 4, 5, 14, 13, 5, 6, 15, 14, 6, 7, 16, 15, 7, 8, 17, 16]
            uniform token subdivisionScheme = "none"
        }

        def Mesh "Road_397"
        {
            point3f[] points = [(322.1800, -1484.9005, 6.4970), (312.0782, -1485.1430, 6.3960), (303.6123, -1483.7876, 6.4200), (322.0939, -1481.4016, 6.4970), (312.2872, -1481.6492, 6.3960), (304.1691, -1480.3322, 6.4200)]
            int[] faceVertexCounts = [4, 4]
            int[] faceVertexIndices = [0, 1, 4, 3, 1, 2, 5, 4]
            uniform token subdivisionScheme = "none"
        }

        def Mesh "Road_398"
        {
            point3f[] points = [(2206.1823, -389.1035, 0.3000), (2204.3281, -388.9126, 0.3000), (2196.3727, -388.0787, 0.3000), (2194.4173, -387.8649, 0.3000), (2144.7411, -382.3906, 7.2530), (2143.2391, -382.2601, 7.2530), (2125.2758, -380.7663, 7.0840), (2107.3821, -378.5780, 6.9860), (2106.1804, -378.3823, 6.9610), (2098.2494, -376.9110, 6.9150), (2074.8848, -371.3799, 6.8170), (2073.7052, -371.0898, 6.8170), (2043.3204, -363.0723, 6.8550), (2206.5408, -385.6219, 0.3000), (2204.6917, -385.4315, 0.3000), (2196.7406, -384.5981, 0.3000), (2194.8006, -384.3859, 0.3000), (2145.1221, -378.9114, 7.2530), (2143.5302, -378.7722, 7.2530), (2125.6333, -377.2846, 7.0840), (2107.8153, -375.1050, 6.9860), (2106.8095, -374.9393, 6.9610), (2099.0138, -373.4955, 6.9150), (2075.6924, -367.9744, 6.8170), (2074.5961, -367.7050, 6.8170), (2044.2134, -359.6881, 6.8550)]
            int[] faceVertexCounts = [4, 4, 4, 4, 4, 4, 4, 4, 4, 4, 4, 4]
            int[] faceVertexIndices = [0, 1, 14, 13, 1, 2, 15, 14, 2, 3, 16, 15, 3, 4, 17, 16, 4, 5, 18, 17, 5, 6, 19, 18, 6, 7, 20, 19, 7, 8, 21, 20, 8, 9, 22, 21, 9, 10, 23, 22, 10, 11, 24, 23, 11, 12, 25, 24]
            uniform token subdivisionScheme = "none"
        }

        def Mesh "Road_399"
        {
            point3f[] points = [(2047.4040, -352.1533, 6.4920), (2023.2131, -345.7030, 6.3950), (2006.2398, -340.3211, 6.3000), (2048.3057, -348.7714, 6.4920), (2024.1799, -342.3392, 6.3950), (2007.2978, -336.9848, 6.3000)]
            int[] faceVertexCounts = [4, 4]
            int[] faceVertexIndices = [0, 1, 4, 3, 1, 2, 5, 4]
            uniform token subdivisionScheme = "none"
        }

        def Mesh "Road_400"
        {
            point3f[] points = [(1909.5591, -465.7914, 6.5610), (1914.6995, -459.5917, 6.5490), (1918.2152, -452.3686, 6.5000), (1921.2060, -442.3509, 6.4540), (1922.4960, -430.5725, 6.3910), (1923.3643, -416.9585, 6.2770), (1923.1111, -397.9780, 6.1370), (1921.6071, -387.9214, 6.0260), (1921.0016, -376.2665, 5.9820), (1921.7919, -360.6803, 5.7470), (1912.2569, -468.0212, 6.5610), (1917.6440, -461.4839, 6.5490), (1921.4888, -453.6069, 6.5000), (1924.6400, -443.0276, 6.4540), (1925.9834, -430.8699, 6.3910), (1926.8637, -417.0243, 6.2770), (1926.6047, -397.7671, 6.1370), (1925.0905, -387.5816, 6.0260), (1924.5015, -376.2912, 5.9820), (1925.2874, -360.8579, 5.7470)]
            int[] faceVertexCounts = [4, 4, 4, 4, 4, 4, 4, 4, 4]
            int[] faceVertexIndices = [0, 1, 11, 10, 1, 2, 12, 11, 2, 3, 13, 12, 3, 4, 14, 13, 4, 5, 15, 14, 5, 6, 16, 15, 6, 7, 17, 16, 7, 8, 18, 17, 8, 9, 19, 18]
            uniform token subdivisionScheme = "none"
        }

        def Mesh "Road_401"
        {
            point3f[] points = [(1426.0675, -253.2666, 5.5660), (1422.6804, -244.5130, 5.4820), (1420.0108, -239.3339, 5.3990), (1414.0225, -228.9759, 5.3640), (1413.7657, -228.5538, 5.3640), (1394.4533, -198.1913, 5.2660), (1394.0029, -197.4931, 5.2450), (1370.2957, -160.4474, 5.3710), (1429.3315, -252.0030, 5.5660), (1425.8896, -243.1162, 5.4820), (1423.0690, -237.6316, 5.3990), (1417.0509, -227.2212, 5.3640), (1416.7195, -226.6763, 5.3640), (1397.4062, -196.3125, 5.2660), (1396.9508, -195.6063, 5.2450), (1373.2438, -158.5608, 5.3710)]
            int[] faceVertexCounts = [4, 4, 4, 4, 4, 4, 4]
            int[] faceVertexIndices = [0, 1, 9, 8, 1, 2, 10, 9, 2, 3, 11, 10, 3, 4, 12, 11, 4, 5, 13, 12, 5, 6, 14, 13, 6, 7, 15, 14]
            uniform token subdivisionScheme = "none"
        }

        def Mesh "Road_402"
        {
            point3f[] points = [(1785.5584, -246.3833, 7.3990), (1769.6408, -179.3721, 6.6680), (1758.5000, -133.1240, 6.1290), (1748.7822, -90.3482, 5.6320), (1788.9636, -245.5744, 7.3990), (1773.0450, -178.5588, 6.6680), (1761.9077, -132.3256, 6.1290), (1752.1952, -89.5728, 5.6320)]
            int[] faceVertexCounts = [4, 4, 4]
            int[] faceVertexIndices = [0, 1, 5, 4, 1, 2, 6, 5, 2, 3, 7, 6]
            uniform token subdivisionScheme = "none"
        }

        def Mesh "Road_403"
        {
            point3f[] points = [(1285.4933, -25.1109, 4.9220), (1283.4414, -21.1664, 4.8480), (1280.4742, -17.2941, 4.6580), (1288.5957, -23.4908, 4.9220), (1286.3867, -19.2757, 4.8480), (1283.2549, -15.1687, 4.6580)]
            int[] faceVertexCounts = [4, 4]
            int[] faceVertexIndices = [0, 1, 4, 3, 1, 2, 5, 4]
            uniform token subdivisionScheme = "none"
        }

        def Mesh "Road_404"
        {
            point3f[] points = [(2006.1880, -340.3037, 6.3000), (1982.8729, -332.1001, 6.2180), (1970.0306, -328.5245, 6.1600), (1954.8159, -324.4517, 5.9930), (1940.9950, -321.1298, 5.8120), (2007.3496, -337.0021, 6.3000), (1983.9569, -328.7722, 6.2180), (1970.9513, -325.1477, 6.1600), (1955.6797, -321.0600, 5.9930), (1941.8130, -317.7267, 5.8120)]
            int[] faceVertexCounts = [4, 4, 4, 4]
            int[] faceVertexIndices = [0, 1, 6, 5, 1, 2, 7, 6, 2, 3, 8, 7, 3, 4, 9, 8]
            uniform token subdivisionScheme = "none"
        }

        def Mesh "Road_405"
        {
            point3f[] points = [(1094.6856, -34.0158, 5.3820), (1097.8658, -1.9180, 5.0930), (1098.7224, 8.4916, 0.3000), (1099.9503, 20.0579, 0.3000), (1102.3001, 31.7121, 0.3000), (1105.9907, 45.0344, 0.3000), (1108.7491, 57.7890, 0.3000), (1110.2007, 68.5754, 0.3000), (1111.3371, 76.8938, 0.3000), (1111.2306, 85.0949, 0.3000), (1110.2289, 90.9751, 0.3000), (1106.9767, 95.4666, 0.3000), (1098.1685, -34.3609, 5.3820), (1101.3501, -2.2489, 5.0930), (1102.2068, 8.1616, 0.3000), (1103.4095, 19.5254, 0.3000), (1105.7018, 30.8885, 0.3000), (1109.3884, 44.1946, 0.3000), (1112.1944, 57.1726, 0.3000), (1113.6691, 68.1061, 0.3000), (1114.8305, 76.6789, 0.3000), (1114.7186, 85.3847, 0.3000), (1113.4711, 92.2937, 0.3000), (1109.8288, 97.4953, 0.3000)]
            int[] faceVertexCounts = [4, 4, 4, 4, 4, 4, 4, 4, 4, 4, 4]
            int[] faceVertexIndices = [0, 1, 13, 12, 1, 2, 14, 13, 2, 3, 15, 14, 3, 4, 16, 15, 4, 5, 17, 16, 5, 6, 18, 17, 6, 7, 19, 18, 7, 8, 20, 19, 8, 9, 21, 20, 9, 10, 22, 21, 10, 11, 23, 22]
            uniform token subdivisionScheme = "none"
        }

        def Mesh "Road_406"
        {
            point3f[] points = [(363.9613, -128.0522, 4.3010), (362.2888, -125.5857, 4.3070), (360.9238, -123.9764, 4.3230), (359.5193, -122.8917, 4.4260), (358.6786, -122.5439, 4.3730), (356.5421, -122.2858, 4.2950), (354.2287, -121.3931, 4.2280), (351.2873, -118.3256, 4.1450), (346.9306, -112.3120, 4.0210), (341.3955, -104.3937, 3.8500), (341.2403, -104.1832, 3.8500), (337.5813, -99.4642, 3.8220), (336.3410, -98.0340, 3.8140), (333.4529, -94.8828, 3.9060), (332.0991, -93.1820, 3.7710), (330.9231, -91.3313, 3.8610), (330.1025, -89.5883, 3.8370), (329.4217, -87.4959, 3.8920), (328.9994, -85.3973, 3.9240), (328.8760, -84.3775, 3.9240), (328.7765, -82.2601, 3.9360), (328.8836, -80.1023, 3.9640), (329.1690, -78.0178, 4.0090), (329.3450, -77.1275, 4.0360), (329.8451, -75.0949, 4.0490), (331.5966, -69.3448, 4.1350), (332.0452, -67.7202, 4.1350), (333.6820, -61.8630, 4.1540), (336.5687, -54.1075, 4.2950), (336.9198, -52.9766, 4.2940), (338.1840, -49.1447, 4.2740), (338.9439, -47.1966, 4.3560), (339.2716, -46.5165, 4.3560), (340.3129, -44.6849, 4.3480), (341.5255, -42.9535, 4.3880), (342.1357, -42.1880, 4.3880), (343.5442, -40.6252, 4.3950), (345.1122, -39.1562, 4.4430), (346.9578, -37.6913, 4.4970), (350.1899, -35.3167, 4.5250), (350.8466, -34.7978, 4.5490), (353.9719, -32.2679, 4.5730), (355.6287, -31.0429, 4.6060), (355.9888, -30.8010, 4.6060), (361.0548, -27.6557, 4.5830), (362.4896, -26.5817, 4.5340), (363.6871, -25.4559, 4.5380), (366.4947, -22.6190, 4.5010), (367.0016, -22.1666, 4.5170), (368.4992, -20.8974, 4.5170), (369.8064, -19.6777, 4.5000), (370.7731, -18.3482, 4.4500), (371.1529, -17.4163, 4.3970), (371.3160, -15.8655, 4.3840), (371.1153, -14.9289, 4.3840), (370.4279, -13.2562, 4.3700), (369.8059, -11.9707, 4.2610), (368.8783, -10.2540, 4.2310), (368.6484, -9.8624, 4.2310), (367.5922, -8.1781, 4.1960), (366.8568, -126.0860, 4.3010), (365.0869, -123.4831, 4.3070), (363.3520, -121.4557, 4.3230), (361.3485, -119.9078, 4.4260), (359.4765, -119.1360, 4.3730), (357.2895, -118.8665, 4.2950), (356.3887, -118.6392, 4.2280), (354.0238, -116.1435, 4.1450), (349.7847, -110.2862, 4.0210), (344.2624, -102.3860, 3.8500), (344.0091, -102.0421, 3.8500), (340.3179, -97.2822, 3.8220), (338.9422, -95.6923, 3.8140), (336.0848, -92.5756, 3.9060), (334.9489, -91.1501, 3.7710), (333.9803, -89.6274, 3.8610), (333.3631, -88.3160, 3.8370), (332.8077, -86.6097, 3.8920), (332.4463, -84.7898, 3.9240), (332.3676, -84.1353, 3.9240), (332.2765, -82.2637, 3.9360), (332.3684, -80.4283, 3.9640), (332.6280, -78.5522, 4.0090), (332.7543, -77.9189, 4.0360), (333.2069, -76.0687, 4.0490), (334.9506, -70.3453, 4.1350), (335.4169, -68.6591, 4.1350), (337.0033, -62.9670, 4.1540), (339.8573, -55.3056, 4.2950), (340.2478, -54.0602, 4.2940), (341.4877, -50.3004, 4.2740), (342.1820, -48.5251, 4.3560), (342.3402, -48.1998, 4.3560), (343.2710, -46.5558, 4.3480), (344.3542, -45.0147, 4.3880), (344.7777, -44.4836, 4.3880), (346.0437, -43.0753, 4.3950), (347.3918, -41.8121, 4.4430), (349.0673, -40.4842, 4.4970), (352.2799, -38.1241, 4.5250), (353.0426, -37.5232, 4.5490), (356.1338, -35.0203, 4.5730), (357.6913, -33.8706, 4.6060), (357.8402, -33.7712, 4.6060), (362.9647, -30.5887, 4.5830), (364.7295, -29.2711, 4.5340), (366.1460, -27.9467, 4.5380), (368.9627, -25.1008, 4.5010), (369.2775, -24.8256, 4.5170), (370.8307, -23.5077, 4.5170), (372.4336, -21.9902, 4.5000), (373.8082, -20.0912, 4.4500), (374.5650, -18.1956, 4.3970), (374.8151, -15.7884, 4.3840), (374.4525, -13.8737, 4.3840), (373.6315, -11.8465, 4.3700), (372.9173, -10.3678, 4.2610), (371.9452, -8.5676, 4.2310), (371.6254, -8.0219, 4.2310), (370.5575, -6.3187, 4.1960)]
            int[] faceVertexCounts = [4, 4, 4, 4, 4, 4, 4, 4, 4, 4, 4, 4, 4, 4, 4, 4, 4, 4, 4, 4, 4, 4, 4, 4, 4, 4, 4, 4, 4, 4, 4, 4, 4, 4, 4, 4, 4, 4, 4, 4, 4, 4, 4, 4, 4, 4, 4, 4, 4, 4, 4, 4, 4, 4, 4, 4, 4, 4, 4]
            int[] faceVertexIndices = [0, 1, 61, 60, 1, 2, 62, 61, 2, 3, 63, 62, 3, 4, 64, 63, 4, 5, 65, 64, 5, 6, 66, 65, 6, 7, 67, 66, 7, 8, 68, 67, 8, 9, 69, 68, 9, 10, 70, 69, 10, 11, 71, 70, 11, 12, 72, 71, 12, 13, 73, 72, 13, 14, 74, 73, 14, 15, 75, 74, 15, 16, 76, 75, 16, 17, 77, 76, 17, 18, 78, 77, 18, 19, 79, 78, 19, 20, 80, 79, 20, 21, 81, 80, 21, 22, 82, 81, 22, 23, 83, 82, 23, 24, 84, 83, 24, 25, 85, 84, 25, 26, 86, 85, 26, 27, 87, 86, 27, 28, 88, 87, 28, 29, 89, 88, 29, 30, 90, 89, 30, 31, 91, 90, 31, 32, 92, 91, 32, 33, 93, 92, 33, 34, 94, 93, 34, 35, 95, 94, 35, 36, 96, 95, 36, 37, 97, 96, 37, 38, 98, 97, 38, 39, 99, 98, 39, 40, 100, 99, 40, 41, 101, 100, 41, 42, 102, 101, 42, 43, 103, 102, 43, 44, 104, 103, 44, 45, 105, 104, 45, 46, 106, 105, 46, 47, 107, 106, 47, 48, 108, 107, 48, 49, 109, 108, 49, 50, 110, 109, 50, 51, 111, 110, 51, 52, 112, 111, 52, 53, 113, 112, 53, 54, 114, 113, 54, 55, 115, 114, 55, 56, 116, 115, 56, 57, 117, 116, 57, 58, 118, 117, 58, 59, 119, 118]
            uniform token subdivisionScheme = "none"
        }

        def Mesh "Road_407"
        {
            point3f[] points = [(1201.0282, -18.2819, 4.9070), (1206.8841, -12.8034, 4.8770), (1212.4701, -7.5415, 4.8880), (1203.4193, -20.8378, 4.9070), (1209.2795, -15.3553, 4.8770), (1214.8700, -10.0891, 4.8880)]
            int[] faceVertexCounts = [4, 4]
            int[] faceVertexIndices = [0, 1, 4, 3, 1, 2, 5, 4]
            uniform token subdivisionScheme = "none"
        }

        def Mesh "Road_408"
        {
            point3f[] points = [(4.2256, -656.9018, 4.8280), (17.0773, -651.3653, 4.7190), (17.8308, -651.0531, 4.7730), (32.7452, -645.2667, 4.8730), (34.0811, -644.7757, 4.9110), (51.1901, -638.5162, 5.3120), (58.6600, -635.6910, 5.5770), (59.3826, -635.4571, 5.5770), (62.3512, -634.9441, 5.6590), (5.6104, -660.1162, 4.8280), (18.4598, -654.5807, 4.7190), (19.1002, -654.3148, 4.7730), (34.0064, -648.5315, 4.8730), (35.2840, -648.0625, 4.9110), (52.4035, -641.7992, 5.3120), (59.8935, -638.9665, 5.5770), (60.0550, -638.8919, 5.5770), (62.9467, -638.3931, 5.6590)]
            int[] faceVertexCounts = [4, 4, 4, 4, 4, 4, 4, 4]
            int[] faceVertexIndices = [0, 1, 10, 9, 1, 2, 11, 10, 2, 3, 12, 11, 3, 4, 13, 12, 4, 5, 14, 13, 5, 6, 15, 14, 6, 7, 16, 15, 7, 8, 17, 16]
            uniform token subdivisionScheme = "none"
        }

        def Mesh "Road_409"
        {
            point3f[] points = [(1273.0785, -1449.4376, 10.8580), (1274.0203, -1448.8387, 10.9590), (1292.4988, -1436.9287, 11.1650), (1297.5944, -1433.5367, 11.1130), (1315.4422, -1420.7233, 11.8370), (1315.6922, -1420.5264, 11.8370), (1317.2237, -1419.3126, 11.8650), (1323.2980, -1414.1805, 11.9090), (1326.1294, -1411.5102, 11.9530), (1328.8603, -1408.6715, 12.1390), (1329.8129, -1407.6092, 12.1390), (1332.3401, -1404.5858, 12.3300), (1334.6966, -1401.4802, 12.4220), (1339.1917, -1394.9126, 12.5390), (1340.0335, -1393.5977, 12.6300), (1343.2062, -1388.5144, 12.6500), (1274.9568, -1452.3909, 10.8580), (1275.9156, -1451.7811, 10.9590), (1294.4046, -1439.8643, 11.1650), (1299.6135, -1436.3955, 11.1130), (1317.4854, -1423.5650, 11.8370), (1317.8636, -1423.2714, 11.8370), (1319.4659, -1422.0001, 11.8650), (1325.6050, -1416.8125, 11.9090), (1328.5916, -1413.9976, 11.9530), (1331.4057, -1411.0739, 12.1390), (1332.4770, -1409.8792, 12.1390), (1335.0778, -1406.7663, 12.3300), (1337.5523, -1403.5038, 12.4220), (1342.0900, -1396.8747, 12.5390), (1342.9980, -1395.4583, 12.6300), (1346.1753, -1390.3676, 12.6500)]
            int[] faceVertexCounts = [4, 4, 4, 4, 4, 4, 4, 4, 4, 4, 4, 4, 4, 4, 4]
            int[] faceVertexIndices = [0, 1, 17, 16, 1, 2, 18, 17, 2, 3, 19, 18, 3, 4, 20, 19, 4, 5, 21, 20, 5, 6, 22, 21, 6, 7, 23, 22, 7, 8, 24, 23, 8, 9, 25, 24, 9, 10, 26, 25, 10, 11, 27, 26, 11, 12, 28, 27, 12, 13, 29, 28, 13, 14, 30, 29, 14, 15, 31, 30]
            uniform token subdivisionScheme = "none"
        }

        def Mesh "Road_410"
        {
            point3f[] points = [(182.2253, -1375.9639, 6.4890), (178.6235, -1367.5926, 6.5390), (178.5002, -1359.6297, 6.5810), (179.2480, -1349.9503, 6.5940), (179.8776, -1342.0312, 6.5600), (180.8747, -1331.8248, 6.5450), (179.4005, -1324.6838, 6.4290), (175.5177, -1313.1715, 6.2370), (170.2697, -1299.0209, 6.0630), (165.0662, -1286.0050, 5.9490), (157.6672, -1264.7200, 5.7230), (144.6349, -1230.6339, 5.7300), (132.8259, -1199.8997, 5.7420), (185.4359, -1374.5703, 6.4890), (182.0344, -1366.8079, 6.5390), (181.9976, -1359.7654, 6.5810), (182.7373, -1350.2237, 6.5940), (183.3638, -1342.3417, 6.5600), (184.3731, -1331.7203, 6.5450), (182.7670, -1323.7263, 6.4290), (178.8154, -1311.9987, 6.2370), (173.5363, -1297.7642, 6.0630), (168.3515, -1284.7980, 5.9490), (160.9507, -1263.5084, 5.7230), (147.9031, -1229.3815, 5.7300), (136.0931, -1198.6444, 5.7420)]
            int[] faceVertexCounts = [4, 4, 4, 4, 4, 4, 4, 4, 4, 4, 4, 4]
            int[] faceVertexIndices = [0, 1, 14, 13, 1, 2, 15, 14, 2, 3, 16, 15, 3, 4, 17, 16, 4, 5, 18, 17, 5, 6, 19, 18, 6, 7, 20, 19, 7, 8, 21, 20, 8, 9, 22, 21, 9, 10, 23, 22, 10, 11, 24, 23, 11, 12, 25, 24]
            uniform token subdivisionScheme = "none"
        }

        def Mesh "Road_411"
        {
            point3f[] points = [(475.8222, -1216.4473, 5.7330), (476.3002, -1207.1889, 5.6040), (479.3176, -1216.6277, 5.7330), (479.7956, -1207.3693, 5.6040)]
            int[] faceVertexCounts = [4]
            int[] faceVertexIndices = [0, 1, 3, 2]
            uniform token subdivisionScheme = "none"
        }

        def Mesh "Road_412"
        {
            point3f[] points = [(-93.3678, -1223.9249, 0.3000), (-91.9041, -1223.7149, 0.3000), (-56.2070, -1219.1543, 0.3000), (-54.2101, -1218.9623, 0.3000), (-36.3550, -1217.0912, 0.3000), (-28.5696, -1215.7350, 0.3000), (-27.3325, -1215.4656, 0.3000), (-7.9495, -1210.5659, 0.3000), (-5.9667, -1210.1401, 0.3000), (-3.9367, -1209.7410, 0.3000), (4.0319, -1208.4933, 6.3600), (14.0262, -1207.5163, 6.3300), (14.6114, -1207.4757, 6.3300), (16.6593, -1207.3454, 6.3280), (30.7100, -1206.9176, 6.2580), (56.7274, -1207.4221, 6.3070), (66.2664, -1207.6805, 6.0530), (-92.8703, -1227.3894, 0.3000), (-91.4585, -1227.1864, 0.3000), (-55.7692, -1222.6268, 0.3000), (-53.8483, -1222.4435, 0.3000), (-35.9177, -1220.5637, 0.3000), (-27.9485, -1219.1794, 0.3000), (-26.4821, -1218.8607, 0.3000), (-7.1027, -1213.9619, 0.3000), (-5.2622, -1213.5684, 0.3000), (-3.3679, -1213.1945, 0.3000), (4.4619, -1211.9668, 6.3600), (14.3614, -1211.0002, 6.3300), (14.8381, -1210.9683, 6.3300), (16.7806, -1210.8433, 6.3280), (30.7033, -1210.4176, 6.2580), (56.6523, -1210.9213, 6.3070), (66.1716, -1211.1792, 6.0530)]
            int[] faceVertexCounts = [4, 4, 4, 4, 4, 4, 4, 4, 4, 4, 4, 4, 4, 4, 4, 4]
            int[] faceVertexIndices = [0, 1, 18, 17, 1, 2, 19, 18, 2, 3, 20, 19, 3, 4, 21, 20, 4, 5, 22, 21, 5, 6, 23, 22, 6, 7, 24, 23, 7, 8, 25, 24, 8, 9, 26, 25, 9, 10, 27, 26, 10, 11, 28, 27, 11, 12, 29, 28, 12, 13, 30, 29, 13, 14, 31, 30, 14, 15, 32, 31, 15, 16, 33, 32]
            uniform token subdivisionScheme = "none"
        }

        def Mesh "Road_413"
        {
            point3f[] points = [(1980.6997, -1686.5286, 7.3590), (2000.4919, -1672.9703, 7.0960), (2002.0495, -1671.9234, 7.0960), (2007.0120, -1668.5602, 7.0990), (2007.3112, -1668.3524, 7.0990), (2010.6663, -1665.9281, 7.0950), (2013.8042, -1663.5232, 7.0760), (2015.2062, -1662.3746, 7.0350), (2016.6826, -1661.0968, 6.9830), (2017.9188, -1659.9659, 6.9830), (2020.7248, -1657.1788, 6.8720), (2021.8670, -1655.9527, 6.8720), (2025.7503, -1651.4114, 6.6490), (2026.4902, -1650.5113, 6.6840), (2031.5444, -1644.3159, 6.4400), (2032.2939, -1643.3916, 6.3490), (2036.0796, -1638.7371, 6.1300), (2037.2962, -1637.2568, 6.0470), (2039.9022, -1634.1881, 5.9440), (2041.2768, -1632.6702, 5.8140), (2041.9307, -1631.9799, 5.8140), (2044.8061, -1629.1353, 5.5300), (2046.0280, -1628.0096, 5.5300), (2047.7925, -1626.3878, 5.3840), (2048.2471, -1626.0051, 5.3840), (2049.8524, -1624.7427, 5.2340), (2051.4987, -1623.5437, 5.1260), (2051.8143, -1623.3212, 5.1260), (2055.3364, -1620.9088, 4.8510), (2057.0825, -1619.7965, 4.7280), (2059.0407, -1618.6449, 4.6130), (2060.8714, -1617.6773, 4.4880), (2062.7036, -1616.7891, 4.3730), (2063.3162, -1616.5045, 4.3730), (2066.9999, -1614.8993, 4.1510), (2068.5622, -1614.2724, 4.1510), (2072.3543, -1612.9117, 3.9170), (2073.2360, -1612.6373, 3.7800), (2075.1976, -1612.0910, 3.6530), (2076.8833, -1611.6743, 3.6530), (2080.8146, -1610.8351, 3.4350), (2081.4991, -1610.7037, 3.3210), (2083.4949, -1610.3545, 3.2140), (2084.7785, -1610.1698, 3.2140), (2086.8143, -1609.9561, 3.1140), (2088.6895, -1609.8066, 3.0180), (2090.6980, -1609.6689, 2.9280), (2091.0992, -1609.6483, 2.9280), (1982.6777, -1689.4161, 7.3590), (2002.4681, -1675.8590, 7.0960), (2004.0104, -1674.8225, 7.0960), (2008.9778, -1671.4560, 7.0990), (2009.3565, -1671.1926, 7.0990), (2012.7551, -1668.7364, 7.0950), (2015.9618, -1666.2791, 7.0760), (2017.4617, -1665.0509, 7.0350), (2019.0072, -1663.7132, 6.9830), (2020.3542, -1662.4796, 6.9830), (2023.2210, -1659.6322, 6.8720), (2024.5049, -1658.2530, 6.8720), (2028.4177, -1653.6776, 6.6490), (2029.2011, -1652.7251, 6.6840), (2034.2573, -1646.5273, 6.4400), (2035.0097, -1645.5994, 6.3490), (2038.7922, -1640.9489, 6.1300), (2039.9758, -1639.5085, 6.0470), (2042.5457, -1636.4820, 5.9440), (2043.8550, -1635.0372, 5.8140), (2044.4069, -1634.4534, 5.8140), (2047.2419, -1631.6486, 5.5300), (2048.3974, -1630.5856, 5.5300), (2050.1415, -1628.9824, 5.3840), (2050.4282, -1628.7424, 5.3840), (2051.9648, -1627.5333, 5.2340), (2053.5525, -1626.3778, 5.1260), (2053.7950, -1626.2068, 5.1260), (2057.2833, -1623.8173, 4.8510), (2058.9075, -1622.7830, 4.7280), (2060.7493, -1621.6995, 4.6130), (2062.4524, -1620.7998, 4.4880), (2064.2180, -1619.9445, 4.3730), (2064.7248, -1619.7085, 4.3730), (2068.3713, -1618.1194, 4.1510), (2069.7792, -1617.5540, 4.1510), (2073.5117, -1616.2148, 3.9170), (2074.2038, -1616.0008, 3.7800), (2076.0918, -1615.4749, 3.6530), (2077.6464, -1615.0901, 3.6530), (2081.5354, -1614.2600, 3.4350), (2082.1160, -1614.1489, 3.3210), (2084.0587, -1613.8088, 3.2140), (2085.1946, -1613.6450, 3.2140), (2087.1376, -1613.4411, 3.1140), (2088.9475, -1613.2971, 3.0180), (2090.9276, -1613.1613, 2.9280), (2091.2762, -1613.1439, 2.9280)]
            int[] faceVertexCounts = [4, 4, 4, 4, 4, 4, 4, 4, 4, 4, 4, 4, 4, 4, 4, 4, 4, 4, 4, 4, 4, 4, 4, 4, 4, 4, 4, 4, 4, 4, 4, 4, 4, 4, 4, 4, 4, 4, 4, 4, 4, 4, 4, 4, 4, 4, 4]
            int[] faceVertexIndices = [0, 1, 49, 48, 1, 2, 50, 49, 2, 3, 51, 50, 3, 4, 52, 51, 4, 5, 53, 52, 5, 6, 54, 53, 6, 7, 55, 54, 7, 8, 56, 55, 8, 9, 57, 56, 9, 10, 58, 57, 10, 11, 59, 58, 11, 12, 60, 59, 12, 13, 61, 60, 13, 14, 62, 61, 14, 15, 63, 62, 15, 16, 64, 63, 16, 17, 65, 64, 17, 18, 66, 65, 18, 19, 67, 66, 19, 20, 68, 67, 20, 21, 69, 68, 21, 22, 70, 69, 22, 23, 71, 70, 23, 24, 72, 71, 24, 25, 73, 72, 25, 26, 74, 73, 26, 27, 75, 74, 27, 28, 76, 75, 28, 29, 77, 76, 29, 30, 78, 77, 30, 31, 79, 78, 31, 32, 80, 79, 32, 33, 81, 80, 33, 34, 82, 81, 34, 35, 83, 82, 35, 36, 84, 83, 36, 37, 85, 84, 37, 38, 86, 85, 38, 39, 87, 86, 39, 40, 88, 87, 40, 41, 89, 88, 41, 42, 90, 89, 42, 43, 91, 90, 43, 44, 92, 91, 44, 45, 93, 92, 45, 46, 94, 93, 46, 47, 95, 94]
            uniform token subdivisionScheme = "none"
        }

        def Mesh "Road_414"
        {
            point3f[] points = [(406.7209, -1213.6024, 5.7440), (406.8208, -1203.7115, 5.6090), (410.2207, -1213.6378, 5.7440), (410.3206, -1203.7468, 5.6090)]
            int[] faceVertexCounts = [4]
            int[] faceVertexIndices = [0, 1, 3, 2]
            uniform token subdivisionScheme = "none"
        }

        def Mesh "Road_415"
        {
            point3f[] points = [(583.8549, -1351.9843, 5.4500), (585.9545, -1324.0911, 5.4470), (586.8527, -1296.3915, 5.4060), (590.6962, -1220.9926, 5.7390), (587.3451, -1352.2469, 5.4500), (589.4494, -1324.2796, 5.4470), (590.3490, -1296.5523, 5.4060), (594.1917, -1221.1707, 5.7390)]
            int[] faceVertexCounts = [4, 4, 4]
            int[] faceVertexIndices = [0, 1, 5, 4, 1, 2, 6, 5, 2, 3, 7, 6]
            uniform token subdivisionScheme = "none"
        }

        def Mesh "Road_416"
        {
            point3f[] points = [(558.9096, -1221.8772, 5.8820), (545.3598, -1221.2888, 5.8620), (559.0615, -1218.3805, 5.8820), (545.5116, -1217.7921, 5.8620)]
            int[] faceVertexCounts = [4]
            int[] faceVertexIndices = [0, 1, 3, 2]
            uniform token subdivisionScheme = "none"
        }

        def Mesh "Road_417"
        {
            point3f[] points = [(357.4148, -1067.0676, 5.7430), (358.2652, -1049.5348, 5.9970), (358.5099, -1046.5701, 5.9920), (360.9107, -1067.2371, 5.7430), (361.7602, -1049.7214, 5.9970), (361.9980, -1046.8589, 5.9920)]
            int[] faceVertexCounts = [4, 4]
            int[] faceVertexIndices = [0, 1, 4, 3, 1, 2, 5, 4]
            uniform token subdivisionScheme = "none"
        }

        def Mesh "Road_418"
        {
            point3f[] points = [(539.4338, -1352.8392, 5.3900), (550.4399, -1350.1424, 5.3490), (564.6246, -1350.2148, 5.4170), (585.6126, -1350.3656, 5.4500), (540.2717, -1356.2374, 5.3900), (550.8018, -1353.6237, 5.3490), (564.6014, -1353.7147, 5.4170), (585.5874, -1353.8655, 5.4500)]
            int[] faceVertexCounts = [4, 4, 4]
            int[] faceVertexIndices = [0, 1, 5, 4, 1, 2, 6, 5, 2, 3, 7, 6]
            uniform token subdivisionScheme = "none"
        }

        def Mesh "Road_419"
        {
            point3f[] points = [(75.5772, -629.9587, 5.9400), (89.9590, -623.7504, 5.8430), (76.9643, -633.1721, 5.9400), (91.3461, -626.9637, 5.8430)]
            int[] faceVertexCounts = [4]
            int[] faceVertexIndices = [0, 1, 3, 2]
            uniform token subdivisionScheme = "none"
        }

        def Mesh "Road_420"
        {
            point3f[] points = [(413.0685, -1125.7143, 6.1470), (408.5055, -1117.9002, 6.1540), (404.6138, -1110.2590, 6.3230), (397.9982, -1100.7831, 6.5070), (388.9834, -1088.8913, 6.5260), (379.8814, -1075.0887, 6.4720), (370.7968, -1062.2452, 6.4080), (358.9039, -1047.8280, 5.9920), (416.0908, -1123.9492, 6.1470), (411.5759, -1116.2202, 6.1540), (407.5963, -1108.4275, 6.3230), (400.8235, -1098.7173, 6.5070), (391.8439, -1086.8744, 6.5260), (382.7721, -1073.1154, 6.4720), (373.5707, -1060.1108, 6.4080), (361.6040, -1045.6010, 5.9920)]
            int[] faceVertexCounts = [4, 4, 4, 4, 4, 4, 4]
            int[] faceVertexIndices = [0, 1, 9, 8, 1, 2, 10, 9, 2, 3, 11, 10, 3, 4, 12, 11, 4, 5, 13, 12, 5, 6, 14, 13, 6, 7, 15, 14]
            uniform token subdivisionScheme = "none"
        }

        def Mesh "Road_421"
        {
            point3f[] points = [(320.7691, -1465.2978, 6.6100), (323.9641, -1412.7368, 6.5720), (326.4294, -1375.2431, 6.5950), (328.5198, -1341.8895, 6.3530), (331.0100, -1300.3378, 6.1630), (334.2650, -1248.5412, 6.2740), (337.2314, -1209.0124, 6.0910), (324.2626, -1465.5102, 6.6100), (327.4572, -1412.9563, 6.5720), (329.9221, -1375.4677, 6.5950), (332.0133, -1342.1032, 6.3530), (334.5034, -1300.5528, 6.1630), (337.7569, -1248.7790, 6.2740), (340.7216, -1209.2743, 6.0910)]
            int[] faceVertexCounts = [4, 4, 4, 4, 4, 4]
            int[] faceVertexIndices = [0, 1, 8, 7, 1, 2, 9, 8, 2, 3, 10, 9, 3, 4, 11, 10, 4, 5, 12, 11, 5, 6, 13, 12]
            uniform token subdivisionScheme = "none"
        }

        def Mesh "Road_422"
        {
            point3f[] points = [(484.9801, -1941.8626, 0.3000), (470.4420, -1919.6842, 0.3000), (458.6151, -1898.7555, 0.3000), (441.4365, -1866.7470, 0.3000), (422.9759, -1831.2904, 6.6870), (404.4411, -1792.8071, 6.6590), (389.4829, -1759.8518, 6.4220), (373.5531, -1723.1079, 6.3180), (359.9165, -1688.8539, 6.2380), (346.6828, -1654.2395, 6.3950), (338.1352, -1627.8782, 6.3920), (329.2410, -1597.8704, 6.4130), (324.7430, -1574.8103, 6.3720), (321.9277, -1551.3620, 6.2880), (320.5098, -1529.9956, 6.2140), (320.3328, -1505.7158, 6.3720), (320.3869, -1483.1469, 6.4970), (487.9072, -1939.9438, 0.3000), (473.4278, -1917.8580, 0.3000), (461.6846, -1897.0737, 0.3000), (444.5312, -1865.1122, 0.3000), (426.1059, -1829.7243, 6.6870), (407.6101, -1791.3214, 6.6590), (392.6827, -1758.4338, 6.4220), (376.7842, -1721.7624, 6.3180), (363.1771, -1687.5817, 6.2380), (349.9788, -1653.0620, 6.3950), (341.4788, -1626.8436, 6.3920), (332.6346, -1597.0136, 6.4130), (328.2005, -1574.2669, 6.3720), (325.4122, -1551.0329, 6.2880), (324.0076, -1529.8735, 6.2140), (323.8328, -1505.7067, 6.3720), (323.8869, -1483.1553, 6.4970)]
            int[] faceVertexCounts = [4, 4, 4, 4, 4, 4, 4, 4, 4, 4, 4, 4, 4, 4, 4, 4]
            int[] faceVertexIndices = [0, 1, 18, 17, 1, 2, 19, 18, 2, 3, 20, 19, 3, 4, 21, 20, 4, 5, 22, 21, 5, 6, 23, 22, 6, 7, 24, 23, 7, 8, 25, 24, 8, 9, 26, 25, 9, 10, 27, 26, 10, 11, 28, 27, 11, 12, 29, 28, 12, 13, 30, 29, 13, 14, 31, 30, 14, 15, 32, 31, 15, 16, 33, 32]
            uniform token subdivisionScheme = "none"
        }

        def Mesh "Road_423"
        {
            point3f[] points = [(188.3945, -809.4816, 6.3220), (197.0265, -803.9407, 6.1180), (207.2616, -797.3905, 5.9230), (213.4121, -792.4691, 5.8690), (217.8869, -787.0866, 5.7690), (222.1213, -779.4418, 5.5760), (226.0585, -772.2201, 5.5680), (229.9534, -766.2130, 5.5750), (234.1644, -761.1111, 5.5760), (239.0680, -756.8801, 5.6250), (245.8817, -752.3270, 5.6580), (190.2852, -812.4270, 6.3220), (198.9152, -806.8873, 6.1180), (209.2719, -800.2556, 5.9230), (215.8514, -794.9791, 5.8690), (220.7927, -789.0376, 5.7690), (225.1879, -781.1288, 5.5760), (229.0711, -774.0018, 5.5680), (232.7822, -768.2740, 5.5750), (236.6690, -763.5559, 5.5760), (241.1638, -759.6832, 5.6250), (247.8255, -755.2377, 5.6580)]
            int[] faceVertexCounts = [4, 4, 4, 4, 4, 4, 4, 4, 4, 4]
            int[] faceVertexIndices = [0, 1, 12, 11, 1, 2, 13, 12, 2, 3, 14, 13, 3, 4, 15, 14, 4, 5, 16, 15, 5, 6, 17, 16, 6, 7, 18, 17, 7, 8, 19, 18, 8, 9, 20, 19, 9, 10, 21, 20]
            uniform token subdivisionScheme = "none"
        }

        def Mesh "Road_424"
        {
            point3f[] points = [(66.9225, -898.3432, 11.6370), (78.0280, -893.6758, 11.4790), (89.0988, -888.9005, 11.2410), (90.4225, -888.2690, 11.1900), (92.1659, -887.4103, 11.1080), (97.4106, -884.5981, 10.8200), (100.9450, -882.5049, 10.7060), (109.2964, -877.0604, 10.0910), (110.1004, -876.5143, 10.0840), (116.6312, -871.9167, 9.7790), (126.3572, -864.9956, 9.1620), (68.2786, -901.5698, 11.6370), (79.3992, -896.8960, 11.4790), (90.4985, -892.1084, 11.2410), (91.9516, -891.4173, 11.1900), (93.7935, -890.5088, 11.1080), (99.1185, -887.6531, 10.8200), (102.8189, -885.4610, 10.7060), (111.2129, -879.9891, 10.0910), (112.1097, -879.3801, 10.0840), (118.6547, -874.7725, 9.7790), (128.3865, -867.8472, 9.1620)]
            int[] faceVertexCounts = [4, 4, 4, 4, 4, 4, 4, 4, 4, 4]
            int[] faceVertexIndices = [0, 1, 12, 11, 1, 2, 13, 12, 2, 3, 14, 13, 3, 4, 15, 14, 4, 5, 16, 15, 5, 6, 17, 16, 6, 7, 18, 17, 7, 8, 19, 18, 8, 9, 20, 19, 9, 10, 21, 20]
            uniform token subdivisionScheme = "none"
        }

        def Mesh "Road_425"
        {
            point3f[] points = [(602.2805, -1457.4825, 5.3730), (589.8597, -1425.5062, 5.3760), (584.3695, -1395.9012, 5.3860), (583.8501, -1352.1362, 5.4500), (605.5428, -1456.2146, 5.3730), (593.2200, -1424.5272, 5.3760), (587.8580, -1395.6170, 5.3860), (587.3499, -1352.0950, 5.4500)]
            int[] faceVertexCounts = [4, 4, 4]
            int[] faceVertexIndices = [0, 1, 5, 4, 1, 2, 6, 5, 2, 3, 7, 6]
            uniform token subdivisionScheme = "none"
        }

        def Mesh "Road_426"
        {
            point3f[] points = [(272.0954, -1221.6825, 5.7580), (277.6845, -1222.1362, 5.7640), (284.4729, -1222.8694, 5.7030), (288.7895, -1221.9598, 5.6890), (292.8872, -1220.2861, 5.6890), (298.9079, -1217.6502, 5.7660), (305.9846, -1214.0338, 5.8650), (308.6001, -1212.6834, 5.8990), (313.8494, -1209.6316, 5.9230), (315.4073, -1208.5918, 5.9350), (316.6129, -1207.6792, 5.9350), (316.8813, -1207.4803, 5.9230), (318.3621, -1206.1983, 5.9260), (318.7287, -1205.8467, 5.9360), (323.8036, -1200.9932, 5.9700), (328.5735, -1195.0684, 5.9370), (333.1630, -1192.8396, 5.9890), (340.1725, -1192.9795, 6.0800), (271.8123, -1225.1710, 5.7580), (277.3536, -1225.6205, 5.7640), (284.5450, -1226.3687, 5.7030), (289.7964, -1225.3118, 5.6890), (294.2561, -1223.5073, 5.6890), (300.4155, -1220.8089, 5.7660), (307.5810, -1217.1485, 5.8650), (310.3094, -1215.7376, 5.8990), (315.6539, -1212.6306, 5.9230), (317.4238, -1211.4525, 5.9350), (318.7226, -1210.4719, 5.9350), (319.1403, -1210.1537, 5.9230), (320.6816, -1208.8194, 5.9260), (321.1489, -1208.3751, 5.9360), (326.3883, -1203.3531, 5.9700), (330.9319, -1197.6545, 5.9370), (333.7069, -1196.2971, 5.9890), (340.0886, -1196.4785, 6.0800)]
            int[] faceVertexCounts = [4, 4, 4, 4, 4, 4, 4, 4, 4, 4, 4, 4, 4, 4, 4, 4, 4]
            int[] faceVertexIndices = [0, 1, 19, 18, 1, 2, 20, 19, 2, 3, 21, 20, 3, 4, 22, 21, 4, 5, 23, 22, 5, 6, 24, 23, 6, 7, 25, 24, 7, 8, 26, 25, 8, 9, 27, 26, 9, 10, 28, 27, 10, 11, 29, 28, 11, 12, 30, 29, 12, 13, 31, 30, 13, 14, 32, 31, 14, 15, 33, 32, 15, 16, 34, 33, 16, 17, 35, 34]
            uniform token subdivisionScheme = "none"
        }

        def Mesh "Road_427"
        {
            point3f[] points = [(89.9984, -623.7339, 5.8430), (96.2529, -621.2133, 5.5570), (115.6648, -613.4907, 4.1130), (91.3067, -626.9802, 5.8430), (97.5502, -624.4640, 5.5570), (116.9586, -616.7428, 4.1130)]
            int[] faceVertexCounts = [4, 4]
            int[] faceVertexIndices = [0, 1, 4, 3, 1, 2, 5, 4]
            uniform token subdivisionScheme = "none"
        }

        def Mesh "Road_428"
        {
            point3f[] points = [(126.3791, -864.9803, 9.1620), (141.4361, -854.6079, 8.1850), (142.4071, -854.0119, 8.1850), (155.9145, -845.4562, 7.4850), (156.2764, -845.2172, 7.4850), (171.2119, -835.1842, 6.8630), (172.1566, -834.5506, 6.8490), (192.3431, -821.5838, 6.5320), (193.8209, -820.6850, 6.4810), (128.3646, -867.8626, 9.1620), (143.4129, -857.4962, 8.1850), (144.2769, -856.9705, 8.1850), (157.7890, -848.4119, 7.4850), (158.2274, -848.1230, 7.4850), (173.1635, -838.0896, 6.8630), (174.0508, -837.4937, 6.8490), (194.2299, -824.5317, 6.5320), (195.6388, -823.6758, 6.4810)]
            int[] faceVertexCounts = [4, 4, 4, 4, 4, 4, 4, 4]
            int[] faceVertexIndices = [0, 1, 10, 9, 1, 2, 11, 10, 2, 3, 12, 11, 3, 4, 13, 12, 4, 5, 14, 13, 5, 6, 15, 14, 6, 7, 16, 15, 7, 8, 17, 16]
            uniform token subdivisionScheme = "none"
        }

        def Mesh "Road_429"
        {
            point3f[] points = [(477.4795, -1218.2852, 5.7330), (450.1795, -1216.8732, 5.6600), (477.6603, -1214.7899, 5.7330), (450.3602, -1213.3779, 5.6600)]
            int[] faceVertexCounts = [4]
            int[] faceVertexIndices = [0, 1, 3, 2]
            uniform token subdivisionScheme = "none"
        }

        def Mesh "Road_430"
        {
            point3f[] points = [(349.3147, -1211.3508, 5.9350), (338.8995, -1210.8917, 6.0910), (349.4688, -1207.8542, 5.9350), (339.0536, -1207.3950, 6.0910)]
            int[] faceVertexCounts = [4]
            int[] faceVertexIndices = [0, 1, 3, 2]
            uniform token subdivisionScheme = "none"
        }

        def Mesh "Road_431"
        {
            point3f[] points = [(338.3831, -1194.6354, 6.0800), (340.5024, -1155.0536, 5.8240), (342.9318, -1122.4776, 5.7240), (346.8433, -1080.0341, 5.9640), (341.8781, -1194.8226, 6.0800), (343.9955, -1155.2737, 5.8240), (346.4194, -1122.7724, 5.7240), (350.3285, -1080.3553, 5.9640)]
            int[] faceVertexCounts = [4, 4, 4]
            int[] faceVertexIndices = [0, 1, 5, 4, 1, 2, 6, 5, 2, 3, 7, 6]
            uniform token subdivisionScheme = "none"
        }

        def Mesh "Road_432"
        {
            point3f[] points = [(346.8390, -1080.0913, 5.9640), (347.6986, -1065.5736, 6.0890), (350.3329, -1080.2982, 5.9640), (351.1925, -1065.7805, 6.0890)]
            int[] faceVertexCounts = [4]
            int[] faceVertexIndices = [0, 1, 3, 2]
            uniform token subdivisionScheme = "none"
        }

        def Mesh "Road_433"
        {
            point3f[] points = [(448.5199, -1215.1099, 5.6600), (448.6019, -1205.9524, 5.6900), (452.0198, -1215.1412, 5.6600), (452.1018, -1205.9838, 5.6900)]
            int[] faceVertexCounts = [4]
            int[] faceVertexIndices = [0, 1, 3, 2]
            uniform token subdivisionScheme = "none"
        }

        def Mesh "Road_434"
        {
            point3f[] points = [(349.1377, -1196.5248, 5.8080), (340.1217, -1196.4790, 6.0800), (349.1555, -1193.0248, 5.8080), (340.1394, -1192.9790, 6.0800)]
            int[] faceVertexCounts = [4]
            int[] faceVertexIndices = [0, 1, 3, 2]
            uniform token subdivisionScheme = "none"
        }

        def Mesh "Road_435"
        {
            point3f[] points = [(408.3587, -1215.3665, 5.7440), (377.1050, -1213.3592, 5.9070), (349.2657, -1211.3479, 5.9350), (408.5830, -1211.8737, 5.7440), (377.3425, -1209.8673, 5.9070), (349.5179, -1207.8570, 5.9350)]
            int[] faceVertexCounts = [4, 4]
            int[] faceVertexIndices = [0, 1, 4, 3, 1, 2, 5, 4]
            uniform token subdivisionScheme = "none"
        }

        def Mesh "Road_436"
        {
            point3f[] points = [(380.1190, -1450.4427, 6.2680), (380.4850, -1450.1454, 6.2680), (385.0525, -1446.2968, 6.0330), (386.4286, -1445.0127, 6.0090), (387.7358, -1443.6425, 6.0020), (388.9689, -1442.1826, 5.9660), (389.6833, -1441.2415, 5.9600), (390.7519, -1439.6625, 5.9550), (391.7089, -1438.0322, 5.9550), (392.5726, -1436.3363, 5.9070), (393.3590, -1434.5888, 5.8860), (394.0656, -1432.8021, 5.8500), (394.6936, -1430.9849, 5.7940), (395.3045, -1428.9501, 5.7490), (395.7838, -1427.0818, 5.7150), (396.1925, -1425.1930, 5.6060), (396.5305, -1423.2860, 5.5620), (396.8019, -1421.3668, 5.5340), (397.0088, -1419.4371, 5.5160), (397.1529, -1417.5008, 5.5070), (397.2324, -1415.5572, 5.5370), (397.2499, -1413.8471, 5.5600), (397.1228, -1403.8309, 5.5700), (397.2899, -1399.5819, 5.5690), (398.1225, -1389.5996, 5.5230), (398.2617, -1387.8112, 5.5320), (399.0204, -1380.0435, 5.4400), (401.9376, -1375.2297, 5.4730), (405.6358, -1371.4895, 5.4670), (382.3271, -1453.1582, 6.2680), (382.7366, -1452.8249, 6.2680), (387.3413, -1448.9447, 6.0330), (388.8894, -1447.5016, 6.0090), (390.3399, -1445.9811, 6.0020), (391.6882, -1444.3861, 5.9660), (392.5398, -1443.2640, 5.9600), (393.7120, -1441.5300, 5.9550), (394.7787, -1439.7134, 5.9550), (395.7286, -1437.8492, 5.9070), (396.5830, -1435.9510, 5.8860), (397.3477, -1434.0177, 5.8500), (398.0255, -1432.0568, 5.7940), (398.6755, -1429.8915, 5.7490), (399.1899, -1427.8870, 5.7150), (399.6267, -1425.8687, 5.6060), (399.9869, -1423.8366, 5.5620), (400.2752, -1421.7985, 5.5340), (400.4945, -1419.7535, 5.5160), (400.6471, -1417.7023, 5.5070), (400.7312, -1415.6499, 5.5370), (400.7498, -1413.8146, 5.5600), (400.6228, -1403.8398, 5.5700), (400.7812, -1399.8281, 5.5690), (401.6106, -1389.8876, 5.5230), (401.7474, -1388.1277, 5.5320), (402.3876, -1380.9986, 5.4400), (404.6819, -1377.4021, 5.4730), (408.1195, -1373.9555, 5.4670)]
            int[] faceVertexCounts = [4, 4, 4, 4, 4, 4, 4, 4, 4, 4, 4, 4, 4, 4, 4, 4, 4, 4, 4, 4, 4, 4, 4, 4, 4, 4, 4, 4]
            int[] faceVertexIndices = [0, 1, 30, 29, 1, 2, 31, 30, 2, 3, 32, 31, 3, 4, 33, 32, 4, 5, 34, 33, 5, 6, 35, 34, 6, 7, 36, 35, 7, 8, 37, 36, 8, 9, 38, 37, 9, 10, 39, 38, 10, 11, 40, 39, 11, 12, 41, 40, 12, 13, 42, 41, 13, 14, 43, 42, 14, 15, 44, 43, 15, 16, 45, 44, 16, 17, 46, 45, 17, 18, 47, 46, 18, 19, 48, 47, 19, 20, 49, 48, 20, 21, 50, 49, 21, 22, 51, 50, 22, 23, 52, 51, 23, 24, 53, 52, 24, 25, 54, 53, 25, 26, 55, 54, 26, 27, 56, 55, 27, 28, 57, 56]
            uniform token subdivisionScheme = "none"
        }

        def Mesh "Road_437"
        {
            point3f[] points = [(1945.5166, -1661.5775, 7.3220), (1948.5243, -1651.7779, 7.3030), (1950.5615, -1615.9449, 7.0880), (1950.6713, -1613.9681, 7.0660), (1951.7144, -1599.9878, 6.9670), (1952.2482, -1595.9079, 6.9960), (1952.9624, -1591.9138, 6.9920), (1953.3317, -1590.1875, 6.9960), (1954.3245, -1586.2026, 6.9230), (1958.0438, -1574.7637, 6.8320), (1958.4522, -1573.5971, 6.8290), (1948.8655, -1662.5948, 7.3220), (1952.0029, -1652.1645, 7.3030), (1954.0558, -1616.1435, 7.0880), (1954.1622, -1614.2203, 7.0660), (1955.2012, -1600.2915, 6.9670), (1955.7069, -1596.4438, 6.9960), (1956.4014, -1592.5646, 6.9920), (1956.7364, -1590.9986, 6.9960), (1957.6715, -1587.2259, 6.9230), (1961.3700, -1575.8529, 6.8320), (1961.7553, -1574.7546, 6.8290)]
            int[] faceVertexCounts = [4, 4, 4, 4, 4, 4, 4, 4, 4, 4]
            int[] faceVertexIndices = [0, 1, 12, 11, 1, 2, 13, 12, 2, 3, 14, 13, 3, 4, 15, 14, 4, 5, 16, 15, 5, 6, 17, 16, 6, 7, 18, 17, 7, 8, 19, 18, 8, 9, 20, 19, 9, 10, 21, 20]
            uniform token subdivisionScheme = "none"
        }

        def Mesh "Road_438"
        {
            point3f[] points = [(1603.0715, -995.3278, 7.7400), (1564.4078, -976.8306, 7.7200), (1536.6413, -963.9227, 7.6860), (1520.4356, -955.7934, 7.7040), (1493.8419, -943.5827, 7.6560), (1474.7259, -935.1194, 7.6180), (1456.4091, -927.8076, 7.6900), (1402.6286, -907.8161, 7.6840), (1355.7236, -889.8710, 7.6000), (1318.5703, -875.9102, 7.4460), (1299.5585, -868.6129, 7.4810), (1604.5820, -992.1705, 7.7400), (1565.9037, -973.6663, 7.7200), (1538.1518, -960.7654, 7.6860), (1521.9379, -952.6323, 7.7040), (1495.2842, -940.3937, 7.6560), (1476.0851, -931.8941, 7.6180), (1457.6487, -924.5345, 7.6900), (1403.8627, -904.5409, 7.6840), (1356.9656, -886.5988, 7.6000), (1319.8093, -872.6369, 7.4460), (1300.8127, -865.3453, 7.4810)]
            int[] faceVertexCounts = [4, 4, 4, 4, 4, 4, 4, 4, 4, 4]
            int[] faceVertexIndices = [0, 1, 12, 11, 1, 2, 13, 12, 2, 3, 14, 13, 3, 4, 15, 14, 4, 5, 16, 15, 5, 6, 17, 16, 6, 7, 18, 17, 7, 8, 19, 18, 8, 9, 20, 19, 9, 10, 21, 20]
            uniform token subdivisionScheme = "none"
        }

        def Mesh "Road_439"
        {
            point3f[] points = [(-23.8290, -1564.4125, 0.3000), (56.7848, -1556.0402, 6.3180), (57.5348, -1555.9647, 6.3180), (97.5992, -1551.9350, 6.1540), (155.2195, -1545.5867, 5.8970), (179.5836, -1542.8659, 5.8940), (198.9297, -1540.7807, 5.9640), (209.3085, -1539.5695, 6.0040), (213.4074, -1539.1662, 6.0240), (215.5324, -1539.1601, 6.0460), (216.0479, -1539.1862, 6.0460), (218.1363, -1539.4142, 6.0420), (220.2629, -1539.8617, 6.0280), (222.2867, -1540.5020, 6.0500), (223.2166, -1540.8742, 6.0610), (225.1353, -1541.8136, 6.0660), (227.0081, -1543.0164, 6.0910), (228.6476, -1544.4336, 6.0950), (229.2448, -1545.0751, 6.0950), (230.5498, -1546.8097, 6.1320), (231.6143, -1548.7762, 6.1680), (232.4385, -1550.8875, 6.1630), (234.3463, -1558.1328, 6.2380), (-23.4674, -1567.8938, 0.3000), (57.1463, -1559.5215, 6.3180), (57.8851, -1559.4471, 6.3180), (97.9689, -1555.4154, 6.1540), (155.6044, -1549.0655, 5.8970), (179.9661, -1546.3449, 5.8940), (199.3154, -1544.2594, 5.9640), (209.6969, -1543.0479, 6.0040), (213.6387, -1542.6585, 6.0240), (215.5097, -1542.6600, 6.0460), (215.7019, -1542.6690, 6.0460), (217.5871, -1542.8709, 6.0420), (219.3722, -1543.2465, 6.0280), (221.1571, -1543.8147, 6.0500), (221.7488, -1544.0516, 6.0610), (223.4202, -1544.8645, 6.0660), (224.9111, -1545.8186, 6.0910), (226.2896, -1547.0201, 6.0950), (226.5024, -1547.2498, 6.0950), (227.6054, -1548.7020, 6.1320), (228.4397, -1550.2500, 6.1680), (229.0768, -1551.8617, 6.1630), (230.9616, -1559.0238, 6.2380)]
            int[] faceVertexCounts = [4, 4, 4, 4, 4, 4, 4, 4, 4, 4, 4, 4, 4, 4, 4, 4, 4, 4, 4, 4, 4, 4]
            int[] faceVertexIndices = [0, 1, 24, 23, 1, 2, 25, 24, 2, 3, 26, 25, 3, 4, 27, 26, 4, 5, 28, 27, 5, 6, 29, 28, 6, 7, 30, 29, 7, 8, 31, 30, 8, 9, 32, 31, 9, 10, 33, 32, 10, 11, 34, 33, 11, 12, 35, 34, 12, 13, 36, 35, 13, 14, 37, 36, 14, 15, 38, 37, 15, 16, 39, 38, 16, 17, 40, 39, 17, 18, 41, 40, 18, 19, 42, 41, 19, 20, 43, 42, 20, 21, 44, 43, 21, 22, 45, 44]
            uniform token subdivisionScheme = "none"
        }

        def Mesh "Road_440"
        {
            point3f[] points = [(1597.2201, -1544.0535, 7.1750), (1668.3409, -1465.7134, 7.3700), (1599.8115, -1546.4061, 7.1750), (1670.9323, -1468.0660, 7.3700)]
            int[] faceVertexCounts = [4]
            int[] faceVertexIndices = [0, 1, 3, 2]
            uniform token subdivisionScheme = "none"
        }

        def Mesh "Road_441"
        {
            point3f[] points = [(361.5118, -701.3840, 5.8900), (361.8315, -701.2652, 5.8900), (371.1434, -698.5272, 5.8480), (362.7960, -704.6399, 5.8900), (362.8245, -704.6213, 5.8900), (372.1307, -701.8851, 5.8480)]
            int[] faceVertexCounts = [4, 4]
            int[] faceVertexIndices = [0, 1, 4, 3, 1, 2, 5, 4]
            uniform token subdivisionScheme = "none"
        }

        def Mesh "Road_442"
        {
            point3f[] points = [(136.9518, -582.2008, 6.2010), (123.1191, -560.2875, 5.5200), (122.5659, -559.4339, 5.5200), (111.2798, -542.9569, 5.2020), (107.7340, -538.1880, 5.1980), (107.1853, -537.4662, 5.1980), (98.4014, -526.6336, 5.1220), (91.7201, -519.3101, 5.1100), (88.9423, -516.5090, 5.1180), (88.7571, -516.3238, 5.1100), (75.3700, -504.3138, 5.1830), (74.8122, -503.8447, 5.2280), (56.1357, -488.5245, 4.9210), (139.9115, -580.3325, 6.2010), (126.0779, -558.4177, 5.5200), (125.4560, -557.4598, 5.5200), (114.1496, -540.9534, 5.2020), (110.5396, -536.0955, 5.1980), (109.9081, -535.2671, 5.1980), (101.0657, -524.3640, 5.1220), (94.2778, -516.9209, 5.1100), (91.4257, -514.0427, 5.1180), (91.0968, -513.7208, 5.1100), (77.7038, -501.7054, 5.1830), (77.0331, -501.1395, 5.2280), (58.3554, -485.8184, 4.9210)]
            int[] faceVertexCounts = [4, 4, 4, 4, 4, 4, 4, 4, 4, 4, 4, 4]
            int[] faceVertexIndices = [0, 1, 14, 13, 1, 2, 15, 14, 2, 3, 16, 15, 3, 4, 17, 16, 4, 5, 18, 17, 5, 6, 19, 18, 6, 7, 20, 19, 7, 8, 21, 20, 8, 9, 22, 21, 9, 10, 23, 22, 10, 11, 24, 23, 11, 12, 25, 24]
            uniform token subdivisionScheme = "none"
        }

        def Mesh "Road_443"
        {
            point3f[] points = [(1038.2363, -1220.7649, 6.1450), (1032.7149, -1213.5856, 5.6630), (1025.2511, -1206.0965, 5.6140), (1019.0667, -1201.4266, 5.6790), (1012.4475, -1197.4065, 5.6310), (1007.2999, -1191.2716, 5.3650), (1005.0116, -1181.9660, 5.1810), (1005.8793, -1171.2151, 5.4170), (1008.4797, -1154.8507, 5.5220), (1011.3007, -1133.7497, 5.5960), (1014.5394, -1110.4017, 5.8340), (1018.8552, -1082.7411, 5.7050), (1021.0588, -1068.1161, 5.8630), (1024.6317, -1055.5060, 5.9220), (1028.4658, -1043.9447, 6.2400), (1030.8638, -1035.5845, 6.4000), (1033.4318, -1027.0642, 6.5440), (1034.7618, -1014.7658, 6.7340), (1041.0097, -1218.6299, 6.1450), (1035.3346, -1211.2646, 5.6630), (1027.5789, -1203.4828, 5.6140), (1021.0332, -1198.5312, 5.6790), (1014.7098, -1194.7359, 5.6310), (1010.4557, -1189.7579, 5.3650), (1008.5039, -1181.7348, 5.1810), (1009.3505, -1171.6633, 5.4170), (1011.9436, -1155.3519, 5.5220), (1014.7686, -1134.2225, 5.5960), (1018.0016, -1110.9145, 5.8340), (1022.3144, -1083.2742, 5.7050), (1024.4827, -1068.8418, 5.8630), (1027.9778, -1056.5323, 5.9220), (1031.8062, -1044.9896, 6.2400), (1034.2220, -1036.5706, 6.4000), (1036.8719, -1027.7089, 6.5440), (1038.2413, -1015.1436, 6.7340)]
            int[] faceVertexCounts = [4, 4, 4, 4, 4, 4, 4, 4, 4, 4, 4, 4, 4, 4, 4, 4, 4]
            int[] faceVertexIndices = [0, 1, 19, 18, 1, 2, 20, 19, 2, 3, 21, 20, 3, 4, 22, 21, 4, 5, 23, 22, 5, 6, 24, 23, 6, 7, 25, 24, 7, 8, 26, 25, 8, 9, 27, 26, 9, 10, 28, 27, 10, 11, 29, 28, 11, 12, 30, 29, 12, 13, 31, 30, 13, 14, 32, 31, 14, 15, 33, 32, 15, 16, 34, 33, 16, 17, 35, 34]
            uniform token subdivisionScheme = "none"
        }

        def Mesh "Road_444"
        {
            point3f[] points = [(1584.9529, -1701.2856, 5.4810), (1579.7595, -1694.4678, 5.5590), (1578.5599, -1693.0610, 5.5660), (1575.8117, -1690.2128, 5.6630), (1575.4278, -1689.8321, 5.6730), (1554.5429, -1668.2988, 5.6440), (1547.6661, -1660.7916, 5.7060), (1587.7371, -1699.1648, 5.4810), (1582.5216, -1692.3181, 5.5590), (1581.1281, -1690.6831, 5.5660), (1578.3242, -1687.7761, 5.6630), (1577.9393, -1687.3945, 5.6730), (1557.0728, -1665.8802, 5.6440), (1550.2470, -1658.4276, 5.7060)]
            int[] faceVertexCounts = [4, 4, 4, 4, 4, 4]
            int[] faceVertexIndices = [0, 1, 8, 7, 1, 2, 9, 8, 2, 3, 10, 9, 3, 4, 11, 10, 4, 5, 12, 11, 5, 6, 13, 12]
            uniform token subdivisionScheme = "none"
        }

        def Mesh "Road_445"
        {
            point3f[] points = [(1266.2583, -1536.5399, 7.6630), (1275.9010, -1529.6208, 7.9280), (1292.2697, -1518.2764, 7.9040), (1314.0596, -1500.9097, 7.8520), (1326.7088, -1489.6314, 7.9670), (1340.5539, -1477.4842, 7.9780), (1356.1976, -1463.1227, 8.1530), (1370.3950, -1450.9385, 8.1390), (1268.2988, -1539.3835, 7.6630), (1277.9122, -1532.4851, 7.9280), (1294.3741, -1521.0731, 7.9040), (1316.2976, -1503.6006, 7.8520), (1329.0271, -1492.2536, 7.9670), (1342.8938, -1480.0871, 7.9780), (1358.5238, -1465.7377, 8.1530), (1372.6744, -1453.5945, 8.1390)]
            int[] faceVertexCounts = [4, 4, 4, 4, 4, 4, 4]
            int[] faceVertexIndices = [0, 1, 9, 8, 1, 2, 10, 9, 2, 3, 11, 10, 3, 4, 12, 11, 4, 5, 13, 12, 5, 6, 14, 13, 6, 7, 15, 14]
            uniform token subdivisionScheme = "none"
        }

        def Mesh "Road_446"
        {
            point3f[] points = [(1225.5454, -1903.7376, 0.3000), (1207.1192, -1863.8874, 0.3000), (1206.7248, -1863.0316, 0.3000), (1185.1378, -1815.7472, 4.9910), (1184.9459, -1815.3240, 5.0120), (1171.0609, -1784.4609, 5.1540), (1228.7222, -1902.2687, 0.3000), (1210.2961, -1862.4185, 0.3000), (1209.9086, -1861.5778, 0.3000), (1188.3217, -1814.2937, 4.9910), (1188.1377, -1813.8879, 5.0120), (1174.2528, -1783.0249, 5.1540)]
            int[] faceVertexCounts = [4, 4, 4, 4, 4]
            int[] faceVertexIndices = [0, 1, 7, 6, 1, 2, 8, 7, 2, 3, 9, 8, 3, 4, 10, 9, 4, 5, 11, 10]
            uniform token subdivisionScheme = "none"
        }

        def Mesh "Road_447"
        {
            point3f[] points = [(145.5994, -596.6834, 6.3260), (136.9696, -582.2264, 6.2010), (136.9613, -582.2157, 6.2010), (148.6047, -594.8895, 6.3260), (139.9746, -580.4320, 6.2010), (139.9020, -580.3177, 6.2010)]
            int[] faceVertexCounts = [4, 4]
            int[] faceVertexIndices = [0, 1, 4, 3, 1, 2, 5, 4]
            uniform token subdivisionScheme = "none"
        }

        def Mesh "Road_448"
        {
            point3f[] points = [(327.4964, -674.1406, 5.5540), (317.9753, -667.5674, 5.4720), (316.4787, -666.4881, 5.4190), (298.7436, -653.4831, 5.3210), (297.9195, -652.8727, 5.3210), (272.2419, -633.8018, 5.1370), (245.1807, -613.8354, 5.0620), (234.2838, -606.0876, 4.9530), (225.5764, -599.2573, 4.6460), (219.9288, -593.7599, 4.3710), (329.4849, -671.2603, 5.5540), (319.9718, -664.6926, 5.4720), (318.5467, -663.6644, 5.4190), (300.8139, -650.6611, 5.3210), (300.0062, -650.0628, 5.3210), (274.3242, -630.9886, 5.1370), (247.2445, -611.0086, 5.0620), (236.3718, -603.2786, 4.9530), (227.8568, -596.6022, 4.6460), (222.3713, -591.2530, 4.3710)]
            int[] faceVertexCounts = [4, 4, 4, 4, 4, 4, 4, 4, 4]
            int[] faceVertexIndices = [0, 1, 11, 10, 1, 2, 12, 11, 2, 3, 13, 12, 3, 4, 14, 13, 4, 5, 15, 14, 5, 6, 16, 15, 6, 7, 17, 16, 7, 8, 18, 17, 8, 9, 19, 18]
            uniform token subdivisionScheme = "none"
        }

        def Mesh "Road_449"
        {
            point3f[] points = [(1593.1526, -1549.9257, 7.1190), (1587.7426, -1540.5641, 7.2920), (1582.4856, -1532.6308, 7.1870), (1578.7774, -1524.1652, 7.1610), (1573.7398, -1513.1757, 7.2790), (1569.0253, -1501.8791, 7.2710), (1562.9360, -1489.5564, 7.2150), (1557.5200, -1479.5363, 7.1820), (1552.5212, -1470.8662, 7.0250), (1544.7671, -1459.5263, 7.0760), (1539.5685, -1452.3667, 7.2760), (1535.2317, -1447.5981, 7.1960), (1532.7284, -1446.1785, 7.1360), (1530.0161, -1445.1126, 7.1290), (1528.0625, -1443.2424, 7.1680), (1596.1829, -1548.1743, 7.1190), (1590.7214, -1538.7265, 7.2920), (1585.5564, -1530.9514, 7.1870), (1581.9700, -1522.7309, 7.1610), (1576.9463, -1511.7725, 7.2790), (1572.2080, -1500.4230, 7.2710), (1566.0477, -1487.9542, 7.2150), (1560.5772, -1477.8323, 7.1820), (1555.4728, -1468.9852, 7.0250), (1547.6340, -1457.5186, 7.0760), (1542.2995, -1450.1778, 7.2760), (1537.5678, -1444.9918, 7.1960), (1534.2655, -1443.0341, 7.1360), (1531.8613, -1442.1385, 7.1290), (1530.5235, -1440.7537, 7.1680)]
            int[] faceVertexCounts = [4, 4, 4, 4, 4, 4, 4, 4, 4, 4, 4, 4, 4, 4]
            int[] faceVertexIndices = [0, 1, 16, 15, 1, 2, 17, 16, 2, 3, 18, 17, 3, 4, 19, 18, 4, 5, 20, 19, 5, 6, 21, 20, 6, 7, 22, 21, 7, 8, 23, 22, 8, 9, 24, 23, 9, 10, 25, 24, 10, 11, 26, 25, 11, 12, 27, 26, 12, 13, 28, 27, 13, 14, 29, 28]
            uniform token subdivisionScheme = "none"
        }

        def Mesh "Road_450"
        {
            point3f[] points = [(928.6849, -1827.1434, 6.2850), (925.5607, -1819.8990, 6.0170), (931.8988, -1825.7574, 6.2850), (928.7746, -1818.5130, 6.0170)]
            int[] faceVertexCounts = [4]
            int[] faceVertexIndices = [0, 1, 3, 2]
            uniform token subdivisionScheme = "none"
        }

        def Mesh "Road_451"
        {
            point3f[] points = [(1513.7072, -1624.6668, 6.2100), (1538.2656, -1600.9198, 6.5650), (1558.9873, -1581.1235, 6.7640), (1593.4511, -1547.7921, 7.1190), (1516.1402, -1627.1829, 6.2100), (1540.6916, -1603.4426, 6.5650), (1561.4147, -1583.6450, 6.7640), (1595.8843, -1550.3080, 7.1190)]
            int[] faceVertexCounts = [4, 4, 4]
            int[] faceVertexIndices = [0, 1, 5, 4, 1, 2, 6, 5, 2, 3, 7, 6]
            uniform token subdivisionScheme = "none"
        }

        def Mesh "Road_452"
        {
            point3f[] points = [(1766.7865, -1070.3901, 7.7510), (1772.1413, -1047.3752, 7.8340), (1775.9615, -1030.5894, 7.7330), (1779.4561, -1016.0630, 7.6860), (1782.5351, -1001.2875, 7.6710), (1788.3880, -983.4963, 7.6190), (1794.1537, -964.1862, 7.6490), (1770.1955, -1071.1832, 7.7510), (1775.5518, -1048.1614, 7.8340), (1779.3697, -1031.3856, 7.7330), (1782.8713, -1016.8289, 7.6860), (1785.9104, -1002.2133, 7.6710), (1791.7281, -984.5423, 7.6190), (1797.5074, -965.1875, 7.6490)]
            int[] faceVertexCounts = [4, 4, 4, 4, 4, 4]
            int[] faceVertexIndices = [0, 1, 8, 7, 1, 2, 9, 8, 2, 3, 10, 9, 3, 4, 11, 10, 4, 5, 12, 11, 5, 6, 13, 12]
            uniform token subdivisionScheme = "none"
        }

        def Mesh "Road_453"
        {
            point3f[] points = [(1593.4348, -1547.8081, 7.1190), (1597.2829, -1543.9878, 7.1750), (1595.9007, -1550.2920, 7.1190), (1599.7488, -1546.4717, 7.1750)]
            int[] faceVertexCounts = [4]
            int[] faceVertexIndices = [0, 1, 3, 2]
            uniform token subdivisionScheme = "none"
        }

        def Mesh "Road_454"
        {
            point3f[] points = [(1878.7099, -1153.0835, 6.5540), (1880.5353, -1157.9817, 6.4600), (1883.2359, -1162.6128, 6.3250), (1886.8592, -1166.3745, 6.2970), (1891.2187, -1166.8103, 6.3140), (1897.2045, -1165.8512, 6.2380), (1902.7851, -1162.4209, 6.3290), (1907.5508, -1156.0732, 6.4350), (1909.0625, -1147.9867, 6.3990), (1908.9039, -1138.7276, 6.3490), (1908.4480, -1129.3788, 6.3620), (1908.1041, -1118.0279, 6.6810), (1910.1978, -1102.0417, 7.3160), (1875.4318, -1154.3100, 6.5540), (1877.3784, -1159.4929, 6.4600), (1880.4658, -1164.7521, 6.3250), (1885.2520, -1169.4836, 6.2970), (1891.3505, -1170.3078, 6.3140), (1898.4566, -1169.1196, 6.2380), (1905.1902, -1164.9637, 6.3290), (1910.7565, -1157.4779, 6.4350), (1912.5506, -1148.2756, 6.3990), (1912.4021, -1138.6142, 6.3490), (1911.9453, -1129.2421, 6.3620), (1911.5969, -1118.2522, 6.6810), (1913.6680, -1102.4970, 7.3160)]
            int[] faceVertexCounts = [4, 4, 4, 4, 4, 4, 4, 4, 4, 4, 4, 4]
            int[] faceVertexIndices = [0, 1, 14, 13, 1, 2, 15, 14, 2, 3, 16, 15, 3, 4, 17, 16, 4, 5, 18, 17, 5, 6, 19, 18, 6, 7, 20, 19, 7, 8, 21, 20, 8, 9, 22, 21, 9, 10, 23, 22, 10, 11, 24, 23, 11, 12, 25, 24]
            uniform token subdivisionScheme = "none"
        }

        def Mesh "Road_455"
        {
            point3f[] points = [(1340.9089, -1182.4883, 8.2870), (1329.4697, -1180.5935, 8.5060), (1341.4808, -1179.0353, 8.2870), (1330.0417, -1177.1406, 8.5060)]
            int[] faceVertexCounts = [4]
            int[] faceVertexIndices = [0, 1, 3, 2]
            uniform token subdivisionScheme = "none"
        }

        def Mesh "Road_456"
        {
            point3f[] points = [(1902.5910, -1982.4619, 0.3000), (1910.9424, -1970.5502, 0.3000), (1917.7312, -1959.5345, 0.3000), (1926.1509, -1943.8519, 0.3000), (1930.0688, -1934.8183, 0.3000), (1934.1798, -1923.6522, 0.3000), (1937.6522, -1912.2332, 0.3000), (1938.1076, -1910.5415, 0.3000), (1940.4508, -1900.8836, 0.3000), (1943.0647, -1887.2345, 0.3000), (1945.9666, -1865.4841, 0.3000), (1946.1503, -1863.6387, 0.3000), (1946.5079, -1859.7196, 0.3000), (1949.7087, -1801.8402, 7.1180), (1949.7490, -1800.8823, 7.1180), (1952.2491, -1734.9596, 7.4750), (1952.2829, -1733.0905, 7.4510), (1952.4179, -1715.7972, 7.3740), (1905.4570, -1984.4710, 0.3000), (1913.8633, -1972.4785, 0.3000), (1920.7723, -1961.2670, 0.3000), (1929.2826, -1945.4147, 0.3000), (1933.3210, -1936.1117, 0.3000), (1937.4976, -1924.7665, 0.3000), (1941.0050, -1913.2374, 0.3000), (1941.5057, -1911.3798, 0.3000), (1943.8743, -1901.6115, 0.3000), (1946.5229, -1887.7736, 0.3000), (1949.4370, -1865.9378, 0.3000), (1949.6350, -1863.9659, 0.3000), (1950.0021, -1859.9208, 0.3000), (1953.2034, -1802.0327, 7.1180), (1953.2464, -1801.0151, 7.1180), (1955.7467, -1735.0902, 7.4750), (1955.7828, -1733.1214, 7.4510), (1955.9178, -1715.8245, 7.3740)]
            int[] faceVertexCounts = [4, 4, 4, 4, 4, 4, 4, 4, 4, 4, 4, 4, 4, 4, 4, 4, 4]
            int[] faceVertexIndices = [0, 1, 19, 18, 1, 2, 20, 19, 2, 3, 21, 20, 3, 4, 22, 21, 4, 5, 23, 22, 5, 6, 24, 23, 6, 7, 25, 24, 7, 8, 26, 25, 8, 9, 27, 26, 9, 10, 28, 27, 10, 11, 29, 28, 11, 12, 30, 29, 12, 13, 31, 30, 13, 14, 32, 31, 14, 15, 33, 32, 15, 16, 34, 33, 16, 17, 35, 34]
            uniform token subdivisionScheme = "none"
        }

        def Mesh "Road_457"
        {
            point3f[] points = [(1114.1531, -1645.1819, 5.5230), (1113.1987, -1643.0936, 5.4770), (1105.1556, -1624.7256, 5.3690), (1099.9913, -1611.8315, 5.2290), (1095.1194, -1598.1081, 5.1970), (1089.1112, -1585.5161, 5.1980), (1082.6630, -1571.6502, 5.1500), (1076.9965, -1560.5968, 5.1840), (1066.1559, -1537.5515, 5.2950), (1055.6463, -1516.2393, 5.2710), (1049.4751, -1503.0497, 5.2620), (1040.4287, -1483.4004, 5.1100), (1035.4108, -1472.6487, 5.1080), (1117.3363, -1643.7267, 5.5230), (1116.4024, -1641.6844, 5.4770), (1108.3796, -1623.3634, 5.3690), (1103.2663, -1610.5967, 5.2290), (1098.3538, -1596.7707, 5.1970), (1092.2779, -1584.0255, 5.1980), (1085.8107, -1570.1199, 5.1500), (1080.1468, -1559.0717, 5.1840), (1069.3096, -1536.0335, 5.2950), (1058.7974, -1514.7158, 5.2710), (1052.6507, -1501.5781, 5.2620), (1043.6053, -1481.9309, 5.1100), (1038.5824, -1471.1685, 5.1080)]
            int[] faceVertexCounts = [4, 4, 4, 4, 4, 4, 4, 4, 4, 4, 4, 4]
            int[] faceVertexIndices = [0, 1, 14, 13, 1, 2, 15, 14, 2, 3, 16, 15, 3, 4, 17, 16, 4, 5, 18, 17, 5, 6, 19, 18, 6, 7, 20, 19, 7, 8, 21, 20, 8, 9, 22, 21, 9, 10, 23, 22, 10, 11, 24, 23, 11, 12, 25, 24]
            uniform token subdivisionScheme = "none"
        }

        def Mesh "Road_458"
        {
            point3f[] points = [(1717.0437, -1744.1469, 5.7370), (1723.3699, -1739.2502, 5.7630), (1724.2597, -1738.5842, 5.7630), (1732.4734, -1732.7975, 5.8280), (1739.4689, -1728.4806, 5.8660), (1719.1860, -1746.9146, 5.7370), (1725.5072, -1742.0219, 5.7630), (1726.2836, -1741.4398, 5.7630), (1734.4101, -1735.7128, 5.8280), (1741.3066, -1731.4593, 5.8660)]
            int[] faceVertexCounts = [4, 4, 4, 4]
            int[] faceVertexIndices = [0, 1, 6, 5, 1, 2, 7, 6, 2, 3, 8, 7, 3, 4, 9, 8]
            uniform token subdivisionScheme = "none"
        }

        def Mesh "Road_459"
        {
            point3f[] points = [(952.4096, -1292.3328, 5.2400), (960.6401, -1286.8841, 5.3880), (973.5443, -1277.3149, 5.6710), (988.2166, -1267.0889, 5.7380), (1002.4944, -1256.6718, 5.8150), (1020.0534, -1244.2656, 5.9210), (1032.9521, -1235.7401, 6.0120), (1045.0260, -1227.1241, 6.0320), (954.3419, -1295.2510, 5.2400), (962.6674, -1289.7372, 5.3880), (975.5853, -1280.1582, 5.6710), (990.2486, -1269.9386, 5.7380), (1004.5337, -1259.5164, 5.8150), (1022.0357, -1247.1501, 5.9210), (1034.9329, -1238.6257, 6.0120), (1047.0590, -1229.9731, 6.0320)]
            int[] faceVertexCounts = [4, 4, 4, 4, 4, 4, 4]
            int[] faceVertexIndices = [0, 1, 9, 8, 1, 2, 10, 9, 2, 3, 11, 10, 3, 4, 12, 11, 4, 5, 13, 12, 5, 6, 14, 13, 6, 7, 15, 14]
            uniform token subdivisionScheme = "none"
        }

        def Mesh "Road_460"
        {
            point3f[] points = [(1862.1385, -1692.1780, 7.1600), (1861.3067, -1684.2543, 7.1200), (1860.7047, -1680.3880, 7.1200), (1860.3187, -1678.4890, 7.1080), (1860.1792, -1677.8669, 7.1080), (1859.7060, -1675.9727, 7.0500), (1859.1638, -1674.1291, 7.0620), (1858.5388, -1672.3184, 7.0950), (1857.8313, -1670.5527, 7.0640), (1857.0279, -1668.8577, 7.0930), (1856.1039, -1667.2526, 7.1340), (1855.0369, -1665.7269, 7.1080), (1854.1647, -1664.6688, 7.1080), (1852.8675, -1663.3388, 7.1140), (1851.4653, -1662.1354, 7.1480), (1849.9503, -1661.0411, 7.0960), (1848.3373, -1660.0295, 7.0970), (1846.6609, -1659.0775, 7.0970), (1844.9348, -1658.1798, 7.0980), (1843.5727, -1657.5183, 7.0530), (1838.1553, -1655.1611, 7.0150), (1823.1711, -1649.6530, 7.0680), (1822.3479, -1649.3494, 7.0470), (1800.0907, -1640.3912, 7.0960), (1799.1411, -1640.0025, 7.1500), (1769.3633, -1628.3262, 7.0550), (1768.2987, -1627.9123, 7.0370), (1733.0981, -1613.6373, 7.0330), (1732.0657, -1613.2140, 7.0190), (1694.9128, -1598.4382, 6.9670), (1693.7800, -1598.0069, 7.0150), (1673.3215, -1589.9291, 7.0680), (1671.4265, -1589.1053, 7.0470), (1669.8066, -1588.3693, 7.0180), (1648.5385, -1577.2649, 7.0740), (1647.6187, -1576.7643, 7.0740), (1638.2505, -1571.9014, 7.1160), (1628.0235, -1566.5937, 7.1060), (1619.0630, -1562.1584, 7.1930), (1615.4763, -1560.1929, 7.1940), (1612.0086, -1558.0854, 7.1780), (1610.3811, -1557.0129, 7.1740), (1607.0751, -1554.6415, 7.2210), (1603.8944, -1552.0912, 7.2180), (1597.3833, -1546.5639, 7.1750), (1865.6193, -1691.8125, 7.1600), (1864.7811, -1683.8313, 7.1200), (1864.1545, -1679.7973, 7.1200), (1863.7451, -1677.7751, 7.1080), (1863.5800, -1677.0393, 7.1080), (1863.0833, -1675.0542, 7.0500), (1862.4978, -1673.0639, 7.0620), (1861.8183, -1671.0958, 7.0950), (1861.0383, -1669.1508, 7.0640), (1860.1280, -1667.2331, 7.0930), (1859.0576, -1665.3751, 7.1340), (1857.8349, -1663.6242, 7.1080), (1856.7567, -1662.3168, 7.1080), (1855.2620, -1660.7861, 7.1140), (1853.6321, -1659.3868, 7.1480), (1851.9066, -1658.1390, 7.0960), (1850.1323, -1657.0248, 7.0970), (1848.3331, -1656.0028, 7.0970), (1846.5112, -1655.0549, 7.0980), (1844.9963, -1654.3209, 7.0530), (1839.4146, -1651.8955, 7.0150), (1824.3788, -1646.3679, 7.0680), (1823.6515, -1646.1012, 7.0470), (1801.3983, -1637.1447, 7.0960), (1800.4203, -1636.7447, 7.1500), (1770.6407, -1625.0676, 7.0550), (1769.6127, -1624.6683, 7.0370), (1734.4137, -1610.3940, 7.0330), (1733.3601, -1609.9621, 7.0190), (1696.2049, -1595.1854, 6.9670), (1695.0633, -1594.7507, 7.0150), (1674.6162, -1586.6774, 7.0680), (1672.8447, -1585.9054, 7.0470), (1671.4152, -1585.2609, 7.0180), (1650.1607, -1574.1635, 7.0740), (1649.2367, -1573.6607, 7.0740), (1639.8629, -1568.7950, 7.1160), (1629.6081, -1563.4729, 7.1060), (1620.6529, -1559.0404, 7.1930), (1617.2269, -1557.1621, 7.1940), (1613.8610, -1555.1158, 7.1780), (1612.3849, -1554.1433, 7.1740), (1609.1905, -1551.8531, 7.2210), (1606.1356, -1549.4029, 7.2180), (1599.6484, -1543.8957, 7.1750)]
            int[] faceVertexCounts = [4, 4, 4, 4, 4, 4, 4, 4, 4, 4, 4, 4, 4, 4, 4, 4, 4, 4, 4, 4, 4, 4, 4, 4, 4, 4, 4, 4, 4, 4, 4, 4, 4, 4, 4, 4, 4, 4, 4, 4, 4, 4, 4, 4]
            int[] faceVertexIndices = [0, 1, 46, 45, 1, 2, 47, 46, 2, 3, 48, 47, 3, 4, 49, 48, 4, 5, 50, 49, 5, 6, 51, 50, 6, 7, 52, 51, 7, 8, 53, 52, 8, 9, 54, 53, 9, 10, 55, 54, 10, 11, 56, 55, 11, 12, 57, 56, 12, 13, 58, 57, 13, 14, 59, 58, 14, 15, 60, 59, 15, 16, 61, 60, 16, 17, 62, 61, 17, 18, 63, 62, 18, 19, 64, 63, 19, 20, 65, 64, 20, 21, 66, 65, 21, 22, 67, 66, 22, 23, 68, 67, 23, 24, 69, 68, 24, 25, 70, 69, 25, 26, 71, 70, 26, 27, 72, 71, 27, 28, 73, 72, 28, 29, 74, 73, 29, 30, 75, 74, 30, 31, 76, 75, 31, 32, 77, 76, 32, 33, 78, 77, 33, 34, 79, 78, 34, 35, 80, 79, 35, 36, 81, 80, 36, 37, 82, 81, 37, 38, 83, 82, 38, 39, 84, 83, 39, 40, 85, 84, 40, 41, 86, 85, 41, 42, 87, 86, 42, 43, 88, 87, 43, 44, 89, 88]
            uniform token subdivisionScheme = "none"
        }

        def Mesh "Road_461"
        {
            point3f[] points = [(1385.3615, -705.0347, 7.3520), (1350.5452, -690.6517, 7.1390), (1316.7957, -676.6934, 6.9980), (1286.6507, -663.7534, 7.0650), (1273.5987, -657.7722, 7.0200), (1263.9253, -654.5867, 6.9720), (1255.4302, -653.6772, 6.9530), (1248.0022, -655.2593, 6.9160), (1235.3644, -660.4337, 6.8390), (1217.3057, -667.9947, 6.7290), (1201.0942, -674.4160, 6.6270), (1184.4787, -680.6934, 6.6460), (1174.3094, -686.1175, 6.8210), (1386.6978, -701.7998, 7.3520), (1351.8821, -687.4171, 7.1390), (1318.1536, -673.4676, 6.9980), (1288.0549, -660.5475, 7.0650), (1274.9051, -654.5252, 7.0200), (1264.6882, -651.1709, 6.9720), (1255.2808, -650.1804, 6.9530), (1246.8952, -651.9390, 6.9160), (1234.0236, -657.2007, 6.8390), (1215.9835, -664.7541, 6.7290), (1199.8313, -671.1517, 6.6270), (1183.0771, -677.4863, 6.6460), (1172.6637, -683.0286, 6.8210)]
            int[] faceVertexCounts = [4, 4, 4, 4, 4, 4, 4, 4, 4, 4, 4, 4]
            int[] faceVertexIndices = [0, 1, 14, 13, 1, 2, 15, 14, 2, 3, 16, 15, 3, 4, 17, 16, 4, 5, 18, 17, 5, 6, 19, 18, 6, 7, 20, 19, 7, 8, 21, 20, 8, 9, 22, 21, 9, 10, 23, 22, 10, 11, 24, 23, 11, 12, 25, 24]
            uniform token subdivisionScheme = "none"
        }

        def Mesh "Road_462"
        {
            point3f[] points = [(809.3062, -1016.6861, 6.3510), (849.5157, -996.2585, 6.5280), (886.7691, -976.9250, 6.7330), (888.3382, -976.0994, 6.7580), (923.8638, -957.7508, 6.9250), (924.2643, -957.5440, 6.9250), (957.9270, -939.9462, 7.0990), (959.4101, -939.1721, 7.1140), (966.4231, -935.3926, 7.1350), (969.7689, -933.3930, 7.1540), (973.0314, -931.1963, 7.1620), (974.1004, -930.4127, 7.1500), (975.6134, -929.2163, 7.1800), (977.0430, -927.9665, 7.2010), (978.3590, -926.6584, 7.2060), (979.5120, -925.2576, 7.1760), (980.5226, -923.7051, 7.2030), (980.8956, -923.0099, 7.2200), (981.6386, -921.3065, 7.2460), (982.1906, -919.5447, 7.2410), (982.6348, -917.7059, 7.2690), (983.4062, -913.8114, 7.2670), (983.4784, -913.4060, 7.2670), (986.6697, -893.6740, 7.3300), (986.8430, -892.4109, 7.3300), (988.1150, -882.4998, 7.3180), (988.3010, -881.0298, 7.3180), (993.8905, -835.3908, 7.1350), (994.1044, -833.4527, 7.1000), (999.1734, -779.7149, 7.5220), (810.8915, -1019.8065, 6.3510), (851.1140, -999.3722, 6.5280), (888.3820, -980.0312, 6.7330), (889.9453, -979.2086, 6.7580), (925.4699, -960.8606, 6.9250), (925.8856, -960.6458, 6.9250), (959.5484, -943.0479, 7.0990), (961.0635, -942.2570, 7.1140), (968.1290, -938.4487, 7.1350), (971.6445, -936.3480, 7.1540), (975.0159, -934.0793, 7.1620), (976.2295, -933.1907, 7.1500), (977.8519, -931.9069, 7.1800), (979.4309, -930.5254, 7.2010), (980.9482, -929.0135, 7.2060), (982.3334, -927.3288, 7.1760), (983.5067, -925.5343, 7.2030), (984.0660, -924.4928, 7.2200), (984.9175, -922.5309, 7.2460), (985.5631, -920.4810, 7.2410), (986.0583, -918.4337, 7.2690), (986.8409, -914.4847, 7.2670), (986.9333, -913.9661, 7.2670), (990.1257, -894.2277, 7.3300), (990.3141, -892.8601, 7.3300), (991.5866, -882.9445, 7.3180), (991.7750, -881.4557, 7.3180), (997.3648, -835.8145, 7.1350), (997.5888, -833.7833, 7.1000), (1002.6579, -780.0436, 7.5220)]
            int[] faceVertexCounts = [4, 4, 4, 4, 4, 4, 4, 4, 4, 4, 4, 4, 4, 4, 4, 4, 4, 4, 4, 4, 4, 4, 4, 4, 4, 4, 4, 4, 4]
            int[] faceVertexIndices = [0, 1, 31, 30, 1, 2, 32, 31, 2, 3, 33, 32, 3, 4, 34, 33, 4, 5, 35, 34, 5, 6, 36, 35, 6, 7, 37, 36, 7, 8, 38, 37, 8, 9, 39, 38, 9, 10, 40, 39, 10, 11, 41, 40, 11, 12, 42, 41, 12, 13, 43, 42, 13, 14, 44, 43, 14, 15, 45, 44, 15, 16, 46, 45, 16, 17, 47, 46, 17, 18, 48, 47, 18, 19, 49, 48, 19, 20, 50, 49, 20, 21, 51, 50, 21, 22, 52, 51, 22, 23, 53, 52, 23, 24, 54, 53, 24, 25, 55, 54, 25, 26, 56, 55, 26, 27, 57, 56, 27, 28, 58, 57, 28, 29, 59, 58]
            uniform token subdivisionScheme = "none"
        }

        def Mesh "Road_463"
        {
            point3f[] points = [(1245.4444, -1277.4807, 11.4920), (1270.8459, -1261.5788, 11.2010), (1277.3637, -1257.0650, 11.0110), (1278.3704, -1256.3451, 11.0110), (1289.4469, -1247.8875, 10.7160), (1299.9846, -1238.8279, 10.2560), (1308.6529, -1230.4820, 10.0500), (1319.4658, -1218.8140, 9.4490), (1331.5161, -1204.6310, 9.0080), (1247.3016, -1280.4474, 11.4920), (1272.7318, -1264.5273, 11.2010), (1279.3623, -1259.9382, 11.0110), (1280.4872, -1259.1324, 11.0110), (1291.6508, -1250.6065, 10.7160), (1302.3350, -1241.4213, 10.2560), (1311.1608, -1232.9234, 10.0500), (1322.0874, -1221.1329, 9.4490), (1334.1834, -1206.8973, 9.0080)]
            int[] faceVertexCounts = [4, 4, 4, 4, 4, 4, 4, 4]
            int[] faceVertexIndices = [0, 1, 10, 9, 1, 2, 11, 10, 2, 3, 12, 11, 3, 4, 13, 12, 4, 5, 14, 13, 5, 6, 15, 14, 6, 7, 16, 15, 7, 8, 17, 16]
            uniform token subdivisionScheme = "none"
        }

        def Mesh "Road_464"
        {
            point3f[] points = [(1429.6870, -1710.1210, 5.5090), (1398.5156, -1676.8616, 5.7460), (1365.3495, -1642.5914, 6.1120), (1344.0037, -1620.5576, 6.0430), (1432.2407, -1707.7276, 5.5090), (1401.0497, -1674.4474, 5.7460), (1367.8641, -1640.1569, 6.1120), (1346.5175, -1618.1223, 6.0430)]
            int[] faceVertexCounts = [4, 4, 4]
            int[] faceVertexIndices = [0, 1, 5, 4, 1, 2, 6, 5, 2, 3, 7, 6]
            uniform token subdivisionScheme = "none"
        }

        def Mesh "Road_465"
        {
            point3f[] points = [(933.6243, -1284.1724, 5.0610), (911.8141, -1237.1573, 5.0810), (892.8161, -1196.7179, 5.2910), (883.5634, -1177.0628, 5.3120), (876.6732, -1163.1098, 5.3750), (870.8975, -1153.3471, 5.4120), (865.1793, -1146.6964, 5.4130), (860.3066, -1141.6459, 5.4770), (854.5067, -1133.8513, 5.5380), (849.4146, -1125.1404, 5.5340), (936.7993, -1282.6995, 5.0610), (914.9858, -1235.6773, 5.0810), (895.9836, -1195.2289, 5.2910), (886.7183, -1175.5473, 5.3120), (879.7598, -1161.4597, 5.3750), (873.7643, -1151.3393, 5.4120), (867.7760, -1144.3497, 5.4130), (862.9974, -1139.4077, 5.4770), (857.4288, -1131.9248, 5.5380), (852.4366, -1123.3748, 5.5340)]
            int[] faceVertexCounts = [4, 4, 4, 4, 4, 4, 4, 4, 4]
            int[] faceVertexIndices = [0, 1, 11, 10, 1, 2, 12, 11, 2, 3, 13, 12, 3, 4, 14, 13, 4, 5, 15, 14, 5, 6, 16, 15, 6, 7, 17, 16, 7, 8, 18, 17, 8, 9, 19, 18]
            uniform token subdivisionScheme = "none"
        }

        def Mesh "Road_466"
        {
            point3f[] points = [(1000.8490, -778.1305, 7.5220), (1036.8067, -776.7591, 7.2220), (1038.0226, -776.7470, 7.1920), (1055.6427, -776.9169, 7.0100), (1000.9824, -781.6280, 7.5220), (1036.9370, -780.2567, 7.2220), (1037.9929, -780.2469, 7.1920), (1055.6090, -780.4167, 7.0100)]
            int[] faceVertexCounts = [4, 4, 4]
            int[] faceVertexIndices = [0, 1, 5, 4, 1, 2, 6, 5, 2, 3, 7, 6]
            uniform token subdivisionScheme = "none"
        }

        def Mesh "Road_467"
        {
            point3f[] points = [(2049.5261, -1323.3630, 6.7140), (2054.0415, -1305.5323, 6.8020), (2059.6966, -1282.4950, 6.5300), (2066.2588, -1259.1638, 6.5490), (2072.1463, -1237.4336, 6.5990), (2075.4128, -1224.0602, 6.6750), (2077.4617, -1211.1941, 6.6620), (2077.5748, -1197.6025, 6.6700), (2077.4530, -1181.9664, 6.6480), (2076.7289, -1172.8409, 6.6450), (2074.2774, -1166.0723, 6.6280), (2066.4241, -1154.0990, 6.7150), (2060.1241, -1145.1036, 6.7670), (2055.6778, -1137.9026, 6.8030), (2054.1630, -1130.7604, 6.8120), (2055.6753, -1119.4287, 6.5380), (2052.9191, -1324.2222, 6.7140), (2057.4379, -1306.3775, 6.8020), (2063.0811, -1283.3868, 6.5300), (2069.6324, -1260.0959, 6.5490), (2075.5331, -1238.3165, 6.5990), (2078.8433, -1224.7539, 6.6750), (2080.9500, -1211.4800, 6.6620), (2081.0748, -1197.6021, 6.6700), (2080.9508, -1181.8437, 6.6480), (2080.1588, -1172.1438, 6.6450), (2077.3499, -1164.3960, 6.6280), (2069.3257, -1152.1418, 6.7150), (2063.0375, -1143.1640, 6.7670), (2058.8999, -1136.5358, 6.8030), (2057.6629, -1130.7845, 6.8120), (2059.1440, -1119.8960, 6.5380)]
            int[] faceVertexCounts = [4, 4, 4, 4, 4, 4, 4, 4, 4, 4, 4, 4, 4, 4, 4]
            int[] faceVertexIndices = [0, 1, 17, 16, 1, 2, 18, 17, 2, 3, 19, 18, 3, 4, 20, 19, 4, 5, 21, 20, 5, 6, 22, 21, 6, 7, 23, 22, 7, 8, 24, 23, 8, 9, 25, 24, 9, 10, 26, 25, 10, 11, 27, 26, 11, 12, 28, 27, 12, 13, 29, 28, 13, 14, 30, 29, 14, 15, 31, 30]
            uniform token subdivisionScheme = "none"
        }

        def Mesh "Road_468"
        {
            point3f[] points = [(1863.5893, -1690.2694, 7.1600), (1869.4900, -1689.2792, 7.0130), (1871.3707, -1688.8996, 7.0340), (1873.2353, -1688.4385, 7.0810), (1875.1059, -1687.8825, 7.1150), (1875.3654, -1687.7979, 7.1150), (1877.1984, -1687.1372, 7.2260), (1878.9675, -1686.4007, 7.1940), (1880.6785, -1685.5937, 7.1960), (1884.1265, -1683.7215, 7.2600), (1887.5027, -1681.6747, 7.2880), (1888.3313, -1681.1455, 7.3990), (1893.3654, -1677.8638, 7.4180), (1895.1480, -1676.7860, 7.4360), (1896.9783, -1675.7890, 7.4210), (1898.8501, -1674.8910, 7.4620), (1900.1820, -1674.3286, 7.4620), (1902.1503, -1673.6199, 7.4530), (1904.1696, -1673.0290, 7.4920), (1906.2481, -1672.5545, 7.4800), (1912.1999, -1671.5753, 7.4910), (1913.3008, -1671.4392, 7.4910), (1927.3194, -1671.1873, 7.4870), (1864.1685, -1693.7211, 7.1600), (1870.0976, -1692.7261, 7.0130), (1872.1372, -1692.3146, 7.0340), (1874.1539, -1691.8158, 7.0810), (1876.1160, -1691.2336, 7.1150), (1876.5378, -1691.0957, 7.1150), (1878.4652, -1690.3998, 7.2260), (1880.3876, -1689.5996, 7.1940), (1882.2907, -1688.7003, 7.1960), (1885.8692, -1686.7568, 7.2600), (1889.3310, -1684.6592, 7.2880), (1890.2386, -1684.0802, 7.3990), (1895.2518, -1680.8119, 7.4180), (1896.8911, -1679.8211, 7.4360), (1898.5729, -1678.9046, 7.4210), (1900.3031, -1678.0752, 7.4620), (1901.4392, -1677.5950, 7.4620), (1903.2355, -1676.9474, 7.4530), (1905.0519, -1676.4160, 7.4920), (1906.8695, -1675.9989, 7.4800), (1912.7541, -1675.0312, 7.4910), (1913.3869, -1674.9381, 7.4910), (1927.3823, -1674.6868, 7.4870)]
            int[] faceVertexCounts = [4, 4, 4, 4, 4, 4, 4, 4, 4, 4, 4, 4, 4, 4, 4, 4, 4, 4, 4, 4, 4, 4]
            int[] faceVertexIndices = [0, 1, 24, 23, 1, 2, 25, 24, 2, 3, 26, 25, 3, 4, 27, 26, 4, 5, 28, 27, 5, 6, 29, 28, 6, 7, 30, 29, 7, 8, 31, 30, 8, 9, 32, 31, 9, 10, 33, 32, 10, 11, 34, 33, 11, 12, 35, 34, 12, 13, 36, 35, 13, 14, 37, 36, 14, 15, 38, 37, 15, 16, 39, 38, 16, 17, 40, 39, 17, 18, 41, 40, 18, 19, 42, 41, 19, 20, 43, 42, 20, 21, 44, 43, 21, 22, 45, 44]
            uniform token subdivisionScheme = "none"
        }

        def Mesh "Road_469"
        {
            point3f[] points = [(1394.0555, -1324.8811, 11.3660), (1386.5000, -1318.0481, 11.7970), (1377.0956, -1307.7848, 11.7820), (1367.3838, -1293.5864, 11.6390), (1356.1580, -1276.2614, 11.0400), (1347.5411, -1258.8210, 10.8860), (1340.7359, -1242.6458, 10.2040), (1334.5943, -1222.0089, 9.4930), (1331.1398, -1206.1362, 9.0080), (1396.4025, -1322.2846, 11.3660), (1388.9838, -1315.5821, 11.7970), (1379.8539, -1305.6303, 11.7820), (1370.2993, -1291.6501, 11.6390), (1359.1976, -1274.5262, 11.0400), (1350.7222, -1257.3615, 10.8860), (1344.0377, -1241.4847, 10.2040), (1337.9794, -1221.1195, 9.4930), (1334.5598, -1205.3922, 9.0080)]
            int[] faceVertexCounts = [4, 4, 4, 4, 4, 4, 4, 4]
            int[] faceVertexIndices = [0, 1, 10, 9, 1, 2, 11, 10, 2, 3, 12, 11, 3, 4, 13, 12, 4, 5, 14, 13, 5, 6, 15, 14, 6, 7, 16, 15, 7, 8, 17, 16]
            uniform token subdivisionScheme = "none"
        }

        def Mesh "Road_470"
        {
            point3f[] points = [(1767.7413, -1072.3679, 7.7510), (1730.4361, -1054.6821, 7.7480), (1769.2407, -1069.2054, 7.7510), (1731.9355, -1051.5195, 7.7480)]
            int[] faceVertexCounts = [4]
            int[] faceVertexIndices = [0, 1, 3, 2]
            uniform token subdivisionScheme = "none"
        }

        def Mesh "Road_471"
        {
            point3f[] points = [(1523.9567, -1916.9065, 0.3000), (1583.2176, -1860.5545, 0.3000), (1605.0853, -1839.7595, 0.3000), (1606.2603, -1838.6249, 0.3000), (1664.8800, -1781.3006, 5.3510), (1526.3685, -1919.4428, 0.3000), (1585.6295, -1863.0908, 0.3000), (1607.4982, -1842.2949, 0.3000), (1608.7070, -1841.1275, 0.3000), (1667.3271, -1783.8030, 5.3510)]
            int[] faceVertexCounts = [4, 4, 4, 4]
            int[] faceVertexIndices = [0, 1, 6, 5, 1, 2, 7, 6, 2, 3, 8, 7, 3, 4, 9, 8]
            uniform token subdivisionScheme = "none"
        }

        def Mesh "Road_472"
        {
            point3f[] points = [(1635.8727, -902.6701, 7.4080), (1642.1661, -886.4684, 7.3330), (1648.1997, -871.4329, 7.3180), (1654.3393, -854.9993, 7.3120), (1658.3851, -839.8228, 7.3020), (1664.9512, -818.1783, 7.2910), (1639.1352, -903.9374, 7.4080), (1645.4218, -887.7531, 7.3330), (1651.4641, -872.6953, 7.3180), (1657.6706, -856.0729, 7.3120), (1661.7482, -840.7922, 7.3020), (1668.3005, -819.1943, 7.2910)]
            int[] faceVertexCounts = [4, 4, 4, 4, 4]
            int[] faceVertexIndices = [0, 1, 7, 6, 1, 2, 8, 7, 2, 3, 9, 8, 3, 4, 10, 9, 4, 5, 11, 10]
            uniform token subdivisionScheme = "none"
        }

        def Mesh "Road_473"
        {
            point3f[] points = [(1443.9902, -1350.0799, 9.1750), (1444.9240, -1349.0074, 9.2040), (1454.1536, -1338.4855, 9.1430), (1455.3244, -1337.1793, 9.0920), (1456.7079, -1335.6609, 9.0620), (1463.7013, -1328.4587, 8.9770), (1466.7954, -1325.7062, 8.9140), (1469.9881, -1323.1894, 8.8950), (1471.0088, -1322.4489, 8.9000), (1474.3967, -1320.2023, 8.8910), (1477.9458, -1318.1369, 8.9400), (1483.3302, -1315.3880, 8.9950), (1484.4328, -1314.8746, 8.9950), (1486.3213, -1314.0354, 9.0100), (1502.9942, -1307.3384, 9.0490), (1523.3491, -1298.4080, 9.1320), (1545.5297, -1288.8738, 9.2070), (1565.2348, -1278.4485, 9.0770), (1577.4244, -1270.4176, 8.8480), (1585.9234, -1263.0287, 8.5630), (1446.6298, -1352.3782, 9.1750), (1447.5560, -1351.3145, 9.2040), (1456.7820, -1340.7966, 9.1430), (1457.9208, -1339.5264, 9.0920), (1459.2320, -1338.0856, 9.0620), (1466.1606, -1330.9490, 8.9770), (1469.0422, -1328.3899, 8.9140), (1472.1299, -1325.9575, 8.8950), (1472.9708, -1325.3472, 8.9000), (1476.2452, -1323.1744, 8.8910), (1479.6054, -1321.2185, 8.9400), (1484.9031, -1318.5147, 8.9950), (1485.8748, -1318.0637, 8.9950), (1487.6378, -1317.2784, 9.0100), (1504.3551, -1310.5630, 9.0490), (1524.7429, -1301.6185, 9.1320), (1547.0356, -1292.0332, 9.2070), (1566.9883, -1281.4776, 9.0770), (1579.5153, -1273.2245, 8.8480), (1588.2186, -1265.6710, 8.5630)]
            int[] faceVertexCounts = [4, 4, 4, 4, 4, 4, 4, 4, 4, 4, 4, 4, 4, 4, 4, 4, 4, 4, 4]
            int[] faceVertexIndices = [0, 1, 21, 20, 1, 2, 22, 21, 2, 3, 23, 22, 3, 4, 24, 23, 4, 5, 25, 24, 5, 6, 26, 25, 6, 7, 27, 26, 7, 8, 28, 27, 8, 9, 29, 28, 9, 10, 30, 29, 10, 11, 31, 30, 11, 12, 32, 31, 12, 13, 33, 32, 13, 14, 34, 33, 14, 15, 35, 34, 15, 16, 36, 35, 16, 17, 37, 36, 17, 18, 38, 37, 18, 19, 39, 38]
            uniform token subdivisionScheme = "none"
        }

        def Mesh "Road_474"
        {
            point3f[] points = [(1644.5516, -1319.0617, 7.2320), (1585.8927, -1265.6438, 8.5630), (1646.9081, -1316.4739, 7.2320), (1588.2493, -1263.0560, 8.5630)]
            int[] faceVertexCounts = [4]
            int[] faceVertexIndices = [0, 1, 3, 2]
            uniform token subdivisionScheme = "none"
        }

        def Mesh "Road_475"
        {
            point3f[] points = [(347.7851, -1947.1657, 0.3000), (344.4901, -1936.3609, 0.3000), (344.0067, -1934.7857, 0.3000), (337.5908, -1913.7497, 0.3000), (337.2789, -1912.7179, 0.3000), (326.4227, -1876.3174, 0.3000), (326.2099, -1875.6082, 0.3000), (313.0587, -1832.4383, 6.0790), (312.9365, -1832.0398, 6.0790), (351.1329, -1946.1447, 0.3000), (347.8377, -1935.3393, 0.3000), (347.3544, -1933.7642, 0.3000), (340.9386, -1912.7291, 0.3000), (340.6329, -1911.7173, 0.3000), (329.7766, -1875.3170, 0.3000), (329.5581, -1874.5884, 0.3000), (316.4068, -1831.4183, 6.0790), (316.2827, -1831.0137, 6.0790)]
            int[] faceVertexCounts = [4, 4, 4, 4, 4, 4, 4, 4]
            int[] faceVertexIndices = [0, 1, 10, 9, 1, 2, 11, 10, 2, 3, 12, 11, 3, 4, 13, 12, 4, 5, 14, 13, 5, 6, 15, 14, 6, 7, 16, 15, 7, 8, 17, 16]
            uniform token subdivisionScheme = "none"
        }

        def Mesh "Road_476"
        {
            point3f[] points = [(2070.2635, -1658.1093, 8.3080), (2066.3713, -1658.5629, 8.0190), (2064.3976, -1658.8865, 7.8810), (2062.4231, -1659.0781, 7.7380), (2062.0223, -1659.1124, 7.7380), (2059.9850, -1659.2357, 7.6030), (2059.1232, -1659.2170, 7.4960), (2057.0835, -1659.0218, 7.3860), (2056.3001, -1658.9118, 7.3860), (2054.2625, -1658.5381, 7.2160), (2052.5977, -1658.1130, 7.0950), (2050.9171, -1657.6136, 7.0950), (2049.1404, -1656.8148, 6.9810), (2048.3695, -1656.4434, 6.8520), (2046.5147, -1655.5034, 6.7540), (2044.9393, -1654.5229, 6.7540), (2043.2664, -1653.3003, 6.6210), (2042.6639, -1652.8324, 6.6210), (2039.5697, -1650.2891, 6.4480), (2069.8582, -1654.6329, 8.3080), (2065.9117, -1655.0932, 8.0190), (2063.9438, -1655.4161, 7.8810), (2062.0921, -1655.5938, 7.7380), (2061.7969, -1655.6197, 7.7380), (2059.8449, -1655.7385, 7.6030), (2059.3942, -1655.7275, 7.4960), (2057.4563, -1655.5417, 7.3860), (2056.8940, -1655.4626, 7.3860), (2054.9995, -1655.1166, 7.2160), (2053.5255, -1654.7382, 7.0950), (2052.1499, -1654.3379, 7.0950), (2050.6054, -1653.6362, 6.9810), (2049.9323, -1653.3117, 6.8520), (2048.2207, -1652.4474, 6.7540), (2046.9078, -1651.6289, 6.7540), (2045.3534, -1650.4906, 6.6210), (2044.8754, -1650.1196, 6.6210), (2041.7921, -1647.5853, 6.4480)]
            int[] faceVertexCounts = [4, 4, 4, 4, 4, 4, 4, 4, 4, 4, 4, 4, 4, 4, 4, 4, 4, 4]
            int[] faceVertexIndices = [0, 1, 20, 19, 1, 2, 21, 20, 2, 3, 22, 21, 3, 4, 23, 22, 4, 5, 24, 23, 5, 6, 25, 24, 6, 7, 26, 25, 7, 8, 27, 26, 8, 9, 28, 27, 9, 10, 29, 28, 10, 11, 30, 29, 11, 12, 31, 30, 12, 13, 32, 31, 13, 14, 33, 32, 14, 15, 34, 33, 15, 16, 35, 34, 16, 17, 36, 35, 17, 18, 37, 36]
            uniform token subdivisionScheme = "none"
        }

        def Mesh "Road_477"
        {
            point3f[] points = [(1645.5511, -1013.4578, 7.7020), (1662.5552, -965.4428, 7.7610), (1648.8503, -1014.6262, 7.7020), (1665.8545, -966.6112, 7.7610)]
            int[] faceVertexCounts = [4]
            int[] faceVertexIndices = [0, 1, 3, 2]
            uniform token subdivisionScheme = "none"
        }

        def Mesh "Road_478"
        {
            point3f[] points = [(1232.1439, -1897.5495, 0.3000), (1226.8479, -1886.9334, 0.3000), (1214.0562, -1859.5932, 0.3000), (1205.5967, -1842.3359, 0.3000), (1193.5183, -1816.0287, 5.0550), (1183.2452, -1794.8264, 5.1040), (1176.6729, -1780.8321, 5.0620), (1235.2758, -1895.9870, 0.3000), (1230.0075, -1885.4278, 0.3000), (1217.2158, -1858.0876, 0.3000), (1208.7625, -1840.8434, 0.3000), (1196.6854, -1814.5387, 5.0550), (1186.4023, -1793.3154, 5.1040), (1179.8409, -1779.3443, 5.0620)]
            int[] faceVertexCounts = [4, 4, 4, 4, 4, 4]
            int[] faceVertexIndices = [0, 1, 8, 7, 1, 2, 9, 8, 2, 3, 10, 9, 3, 4, 11, 10, 4, 5, 12, 11, 5, 6, 13, 12]
            uniform token subdivisionScheme = "none"
        }

        def Mesh "Road_479"
        {
            point3f[] points = [(1550.0828, -1830.0255, 5.1630), (1633.0439, -1748.4494, 5.1970), (1552.5368, -1832.5212, 5.1630), (1635.4979, -1750.9450, 5.1970)]
            int[] faceVertexCounts = [4]
            int[] faceVertexIndices = [0, 1, 3, 2]
            uniform token subdivisionScheme = "none"
        }

        def Mesh "Road_480"
        {
            point3f[] points = [(1440.0161, -1527.6160, 6.9290), (1370.2601, -1453.4656, 8.1390), (1442.5653, -1525.2178, 6.9290), (1372.8093, -1451.0674, 8.1390)]
            int[] faceVertexCounts = [4]
            int[] faceVertexIndices = [0, 1, 3, 2]
            uniform token subdivisionScheme = "none"
        }

        def Mesh "Road_481"
        {
            point3f[] points = [(1365.2851, -1447.9314, 8.2780), (1380.3184, -1432.7725, 8.0810), (1394.5952, -1418.0105, 7.9810), (1404.3866, -1405.7731, 8.0740), (1415.8048, -1389.9958, 8.2910), (1423.9465, -1376.7731, 8.6190), (1436.6915, -1351.4505, 9.3140), (1367.7702, -1450.3959, 8.2780), (1382.8188, -1435.2217, 8.0810), (1397.2081, -1420.3392, 7.9810), (1407.1769, -1407.8860, 8.0740), (1418.7067, -1391.9524, 8.2910), (1427.0235, -1378.4411, 8.6190), (1439.8178, -1353.0241, 9.3140)]
            int[] faceVertexCounts = [4, 4, 4, 4, 4, 4]
            int[] faceVertexIndices = [0, 1, 8, 7, 1, 2, 9, 8, 2, 3, 10, 9, 3, 4, 11, 10, 4, 5, 12, 11, 5, 6, 13, 12]
            uniform token subdivisionScheme = "none"
        }

        def Mesh "Road_482"
        {
            point3f[] points = [(1939.4694, -1714.3960, 7.3310), (1940.8184, -1714.2463, 7.3310), (1944.8276, -1713.8597, 7.2990), (1946.9132, -1713.7450, 7.2820), (1948.9784, -1713.7286, 7.2940), (1950.2923, -1713.7685, 7.3380), (1954.2973, -1714.0656, 7.3740), (1939.8558, -1717.8746, 7.3310), (1941.1671, -1717.7289, 7.3310), (1945.1156, -1717.3478, 7.2990), (1947.0228, -1717.2432, 7.2820), (1948.9556, -1717.2286, 7.2940), (1950.0691, -1717.2614, 7.3380), (1954.0383, -1717.5560, 7.3740)]
            int[] faceVertexCounts = [4, 4, 4, 4, 4, 4]
            int[] faceVertexIndices = [0, 1, 8, 7, 1, 2, 9, 8, 2, 3, 10, 9, 3, 4, 11, 10, 4, 5, 12, 11, 5, 6, 13, 12]
            uniform token subdivisionScheme = "none"
        }

        def Mesh "Road_483"
        {
            point3f[] points = [(1332.2594, -1067.4674, 7.4040), (1330.3726, -1048.4695, 7.2230), (1328.6616, -1030.0539, 7.0540), (1325.9398, -1014.2946, 6.8830), (1322.4648, -997.4844, 6.9470), (1315.5729, -968.8575, 6.9750), (1308.9430, -943.3052, 7.1940), (1335.7423, -1067.1215, 7.4040), (1333.8565, -1048.1344, 7.2230), (1332.1325, -1029.6034, 7.0540), (1329.3782, -1013.6407, 6.8830), (1325.8772, -996.7059, 6.9470), (1318.9688, -968.0100, 6.9750), (1312.3308, -942.4261, 7.1940)]
            int[] faceVertexCounts = [4, 4, 4, 4, 4, 4]
            int[] faceVertexIndices = [0, 1, 8, 7, 1, 2, 9, 8, 2, 3, 10, 9, 3, 4, 11, 10, 4, 5, 12, 11, 5, 6, 13, 12]
            uniform token subdivisionScheme = "none"
        }

        def Mesh "Road_484"
        {
            point3f[] points = [(1703.3011, -354.7929, 6.1200), (1701.2333, -348.6177, 5.9920), (1706.6200, -353.6815, 6.1200), (1704.5522, -347.5064, 5.9920)]
            int[] faceVertexCounts = [4]
            int[] faceVertexIndices = [0, 1, 3, 2]
            uniform token subdivisionScheme = "none"
        }

        def Mesh "Road_485"
        {
            point3f[] points = [(2171.0627, -451.6503, 0.3000), (2167.5919, -452.0529, 0.3000), (2165.5040, -452.1563, 0.3000), (2164.5887, -452.1681, 0.3000), (2162.5244, -452.1178, 0.3000), (2160.4270, -451.9554, 6.8660), (2156.4228, -451.4441, 6.8300), (2155.0893, -451.2400, 6.8300), (2137.1471, -447.9734, 6.7560), (2111.6403, -442.9328, 6.7000), (2110.5876, -442.7005, 6.6940), (2096.9655, -439.3237, 6.6830), (2087.3471, -436.3773, 6.6780), (2085.7134, -435.8183, 6.7010), (2066.9257, -429.0044, 6.6340), (2064.2993, -427.7951, 6.6060), (2057.4389, -415.4086, 6.5810), (2055.6404, -411.7157, 6.6370), (2054.0293, -407.9949, 6.6610), (2053.3501, -406.2752, 6.6800), (2048.7372, -393.0693, 6.7190), (2048.0142, -391.3383, 6.7380), (2047.2068, -389.5888, 6.7940), (2046.3264, -387.8847, 6.7960), (2045.3702, -386.2300, 6.8360), (2044.3202, -384.6245, 6.8410), (2043.6878, -383.7518, 6.8720), (2041.1911, -380.5619, 6.8940), (2040.0041, -378.6155, 6.8800), (2039.2781, -376.6874, 6.8700), (2038.9801, -374.3306, 6.8490), (2039.1907, -372.0609, 6.8320), (2039.6064, -369.9824, 6.7890), (2039.9639, -368.5260, 6.7230), (2041.5607, -362.7309, 6.8150), (2042.0843, -360.8993, 6.8550), (2170.6590, -448.1737, 0.3000), (2167.2735, -448.5674, 0.3000), (2165.3699, -448.6589, 0.3000), (2164.6352, -448.6684, 0.3000), (2162.7014, -448.6223, 0.3000), (2160.8126, -448.4767, 6.8660), (2156.8869, -447.9750, 6.8300), (2155.7098, -447.7954, 6.8300), (2137.8044, -444.5357, 6.7560), (2112.3216, -439.4998, 6.7000), (2111.4238, -439.3019, 6.6940), (2097.8843, -435.9465, 6.6830), (2088.3880, -433.0356, 6.6780), (2086.9022, -432.5264, 6.7010), (2068.1041, -425.7087, 6.6340), (2067.2097, -425.8510, 6.6060), (2060.5209, -413.7499, 6.5810), (2058.8207, -410.2543, 6.6370), (2057.2546, -406.6358, 6.6610), (2056.6491, -405.1062, 6.6800), (2052.0329, -391.8910, 6.7190), (2051.2192, -389.9319, 6.7380), (2050.3513, -388.0518, 6.7940), (2049.3971, -386.2051, 6.7960), (2048.3512, -384.3961, 6.8360), (2047.2152, -382.6574, 6.8410), (2046.4616, -381.6173, 6.8720), (2044.0282, -378.5122, 6.8940), (2043.1339, -377.0489, 6.8800), (2042.6831, -375.8775, 6.8700), (2042.4797, -374.2787, 6.8490), (2042.6528, -372.5747, 6.8320), (2043.0251, -370.7323, 6.7890), (2043.3431, -369.4377, 6.7230), (2044.9329, -363.6684, 6.8150), (2045.4495, -361.8612, 6.8550)]
            int[] faceVertexCounts = [4, 4, 4, 4, 4, 4, 4, 4, 4, 4, 4, 4, 4, 4, 4, 4, 4, 4, 4, 4, 4, 4, 4, 4, 4, 4, 4, 4, 4, 4, 4, 4, 4, 4, 4]
            int[] faceVertexIndices = [0, 1, 37, 36, 1, 2, 38, 37, 2, 3, 39, 38, 3, 4, 40, 39, 4, 5, 41, 40, 5, 6, 42, 41, 6, 7, 43, 42, 7, 8, 44, 43, 8, 9, 45, 44, 9, 10, 46, 45, 10, 11, 47, 46, 11, 12, 48, 47, 12, 13, 49, 48, 13, 14, 50, 49, 14, 15, 51, 50, 15, 16, 52, 51, 16, 17, 53, 52, 17, 18, 54, 53, 18, 19, 55, 54, 19, 20, 56, 55, 20, 21, 57, 56, 21, 22, 58, 57, 22, 23, 59, 58, 23, 24, 60, 59, 24, 25, 61, 60, 25, 26, 62, 61, 26, 27, 63, 62, 27, 28, 64, 63, 28, 29, 65, 64, 29, 30, 66, 65, 30, 31, 67, 66, 31, 32, 68, 67, 32, 33, 69, 68, 33, 34, 70, 69, 34, 35, 71, 70]
            uniform token subdivisionScheme = "none"
        }

        def Mesh "Road_486"
        {
            point3f[] points = [(1153.5299, -430.7474, 6.3100), (1145.9278, -427.4083, 6.2540), (1154.9374, -427.5429, 6.3100), (1147.3353, -424.2038, 6.2540)]
            int[] faceVertexCounts = [4]
            int[] faceVertexIndices = [0, 1, 3, 2]
            uniform token subdivisionScheme = "none"
        }

        def Mesh "Road_487"
        {
            point3f[] points = [(2109.7366, -680.0372, 6.8350), (2090.1784, -671.8041, 6.8500), (2074.8054, -665.5847, 6.8010), (2065.7743, -661.5481, 6.7990), (2057.4666, -656.2954, 6.8020), (2050.6024, -648.1522, 6.7010), (2046.9802, -640.0964, 6.6330), (2043.4921, -627.1992, 6.5490), (2039.3332, -611.9510, 6.4920), (2032.3233, -582.5813, 6.3720), (2027.9543, -559.3816, 6.3330), (2023.6386, -538.2552, 6.5630), (2019.2708, -518.2549, 6.6170), (2111.0945, -676.8113, 6.8350), (2091.5165, -668.5700, 6.8500), (2076.1605, -662.3577, 6.8010), (2067.4210, -658.4597, 6.7990), (2059.7808, -653.6696, 6.8020), (2053.5416, -646.2520, 6.7010), (2050.2972, -638.9793, 6.6330), (2046.8697, -626.2819, 6.5490), (2042.7285, -611.1011, 6.4920), (2035.7441, -581.8409, 6.3720), (2031.3890, -558.7086, 6.3330), (2027.0631, -537.5322, 6.5630), (2022.6902, -517.5082, 6.6170)]
            int[] faceVertexCounts = [4, 4, 4, 4, 4, 4, 4, 4, 4, 4, 4, 4]
            int[] faceVertexIndices = [0, 1, 14, 13, 1, 2, 15, 14, 2, 3, 16, 15, 3, 4, 17, 16, 4, 5, 18, 17, 5, 6, 19, 18, 6, 7, 20, 19, 7, 8, 21, 20, 8, 9, 22, 21, 9, 10, 23, 22, 10, 11, 24, 23, 11, 12, 25, 24]
            uniform token subdivisionScheme = "none"
        }

        def Mesh "Road_488"
        {
            point3f[] points = [(926.3388, -270.5285, 6.5610), (919.7144, -246.8931, 6.3870), (915.6704, -226.0914, 6.1090), (912.0031, -203.0807, 5.9560), (908.5569, -177.5906, 5.9660), (904.0863, -145.4641, 5.8100), (899.8637, -116.6166, 5.5460), (897.5964, -97.9628, 5.4100), (894.4734, -80.8064, 5.2120), (892.6648, -71.8594, 5.3010), (889.5270, -65.6980, 5.3360), (929.7089, -269.5837, 6.5610), (923.1177, -246.0759, 6.3870), (919.1175, -225.4849, 6.1090), (915.4660, -202.5728, 5.9560), (912.0243, -177.1142, 5.9660), (907.5512, -144.9701, 5.8100), (903.3315, -116.1428, 5.5460), (901.0574, -97.4417, 5.4100), (897.9123, -80.1549, 5.2120), (895.9907, -70.7693, 5.3010), (892.6505, -64.1187, 5.3360)]
            int[] faceVertexCounts = [4, 4, 4, 4, 4, 4, 4, 4, 4, 4]
            int[] faceVertexIndices = [0, 1, 12, 11, 1, 2, 13, 12, 2, 3, 14, 13, 3, 4, 15, 14, 4, 5, 16, 15, 5, 6, 17, 16, 6, 7, 18, 17, 7, 8, 19, 18, 8, 9, 20, 19, 9, 10, 21, 20]
            uniform token subdivisionScheme = "none"
        }

        def Mesh "Road_489"
        {
            point3f[] points = [(677.0715, -352.0428, 6.0750), (683.7067, -349.8724, 6.1430), (678.1596, -355.3694, 6.0750), (684.7949, -353.1990, 6.1430)]
            int[] faceVertexCounts = [4]
            int[] faceVertexIndices = [0, 1, 3, 2]
            uniform token subdivisionScheme = "none"
        }

        def Mesh "Road_490"
        {
            point3f[] points = [(1020.8148, -109.5488, 5.6630), (1020.6832, -109.3881, 5.6630), (999.9021, -82.5448, 5.6630), (988.2789, -67.6285, 5.5840), (973.6531, -50.3823, 5.5670), (957.1415, -31.4290, 5.5660), (947.4229, -19.6874, 5.6710), (936.5376, -6.5392, 5.7230), (930.0879, 2.0016, 0.3000), (1023.5148, -107.3218, 5.6630), (1023.4505, -107.2452, 5.6630), (1002.6672, -80.3991, 5.6630), (990.9904, -65.4154, 5.5840), (976.3065, -48.0999, 5.5670), (959.8023, -29.1552, 5.5660), (950.1190, -17.4556, 5.6710), (939.2716, -4.3540, 5.7230), (932.8811, 4.1107, 0.3000)]
            int[] faceVertexCounts = [4, 4, 4, 4, 4, 4, 4, 4]
            int[] faceVertexIndices = [0, 1, 10, 9, 1, 2, 11, 10, 2, 3, 12, 11, 3, 4, 13, 12, 4, 5, 14, 13, 5, 6, 15, 14, 6, 7, 16, 15, 7, 8, 17, 16]
            uniform token subdivisionScheme = "none"
        }

        def Mesh "Road_491"
        {
            point3f[] points = [(413.1665, -344.8967, 6.0400), (403.3804, -309.8466, 5.4700), (396.8724, -286.2009, 5.5490), (416.5376, -343.9555, 6.0400), (406.7528, -308.9104, 5.4700), (400.2470, -285.2722, 5.5490)]
            int[] faceVertexCounts = [4, 4]
            int[] faceVertexIndices = [0, 1, 4, 3, 1, 2, 5, 4]
            uniform token subdivisionScheme = "none"
        }

        def Mesh "Road_492"
        {
            point3f[] points = [(1499.8316, -390.1687, 6.8820), (1502.8136, -376.7714, 6.4990), (1503.2480, -390.9291, 6.8820), (1506.2300, -377.5318, 6.4990)]
            int[] faceVertexCounts = [4]
            int[] faceVertexIndices = [0, 1, 3, 2]
            uniform token subdivisionScheme = "none"
        }

        def Mesh "Road_493"
        {
            point3f[] points = [(353.5665, -4.1503, 3.8860), (354.9640, -3.2725, 3.8800), (359.6613, 0.3996, 4.0040), (360.5364, 1.0543, 4.0040), (363.5004, 3.2385, 0.3000), (355.4374, -7.1083, 3.8860), (357.0559, -6.0785, 3.8800), (361.8079, -2.3648, 4.0040), (362.6171, -1.7601, 4.0040), (365.5767, 0.4209, 0.3000)]
            int[] faceVertexCounts = [4, 4, 4, 4]
            int[] faceVertexIndices = [0, 1, 6, 5, 1, 2, 7, 6, 2, 3, 8, 7, 3, 4, 9, 8]
            uniform token subdivisionScheme = "none"
        }

        def Mesh "Road_494"
        {
            point3f[] points = [(1501.6916, -388.8055, 6.8820), (1530.7016, -391.3326, 6.8880), (1558.5899, -392.5742, 6.8660), (1572.4737, -392.4591, 6.8680), (1584.3435, -391.6773, 6.8110), (1594.1915, -390.4711, 6.7770), (1598.0911, -389.8456, 6.7790), (1598.8644, -389.7119, 6.7790), (1608.5844, -387.7213, 6.7510), (1623.9531, -383.5350, 6.7330), (1629.6173, -381.7402, 6.7000), (1631.0794, -381.2583, 6.6870), (1649.9153, -374.5744, 6.5710), (1651.4413, -374.0138, 6.5750), (1501.3879, -392.2923, 6.8820), (1530.4703, -394.8250, 6.8880), (1558.4957, -396.0729, 6.8660), (1572.5955, -395.9570, 6.8680), (1584.6623, -395.1627, 6.8110), (1594.6535, -393.9405, 6.7770), (1598.6528, -393.3003, 6.7790), (1599.5589, -393.1423, 6.7790), (1609.4211, -391.1198, 6.7510), (1624.9104, -386.9015, 6.7330), (1630.6823, -385.0742, 6.7000), (1632.2444, -384.5587, 6.6870), (1651.0885, -377.8720, 6.5710), (1652.6481, -377.2992, 6.5750)]
            int[] faceVertexCounts = [4, 4, 4, 4, 4, 4, 4, 4, 4, 4, 4, 4, 4]
            int[] faceVertexIndices = [0, 1, 15, 14, 1, 2, 16, 15, 2, 3, 17, 16, 3, 4, 18, 17, 4, 5, 19, 18, 5, 6, 20, 19, 6, 7, 21, 20, 7, 8, 22, 21, 8, 9, 23, 22, 9, 10, 24, 23, 10, 11, 25, 24, 11, 12, 26, 25, 12, 13, 27, 26]
            uniform token subdivisionScheme = "none"
        }

        def Mesh "Road_495"
        {
            point3f[] points = [(2002.8556, -351.2655, 6.7720), (2003.6133, -343.7044, 6.5190), (2005.0783, -338.2005, 6.3000), (2006.3384, -351.6126, 6.7720), (2007.0639, -344.2905, 6.5190), (2008.4593, -339.1053, 6.3000)]
            int[] faceVertexCounts = [4, 4]
            int[] faceVertexIndices = [0, 1, 4, 3, 1, 2, 5, 4]
            uniform token subdivisionScheme = "none"
        }

        def Mesh "Road_496"
        {
            point3f[] points = [(1210.4692, -569.8422, 6.6550), (1193.5705, -563.9690, 6.6840), (1211.6182, -566.5361, 6.6550), (1194.7195, -560.6630, 6.6840)]
            int[] faceVertexCounts = [4]
            int[] faceVertexIndices = [0, 1, 3, 2]
            uniform token subdivisionScheme = "none"
        }

        def Mesh "Road_497"
        {
            point3f[] points = [(425.4239, -383.5273, 6.6990), (435.0970, -381.6258, 6.4300), (445.0976, -380.5531, 6.2640), (457.9871, -379.9590, 6.1840), (479.3594, -380.1671, 6.0580), (499.8192, -380.4709, 5.9320), (519.6286, -380.3181, 5.8690), (537.9289, -380.3111, 5.7400), (572.5276, -378.1746, 5.7410), (592.2833, -375.7163, 5.8070), (618.0122, -372.2334, 5.9840), (426.0996, -386.9614, 6.6990), (435.6208, -385.0864, 6.4300), (445.3515, -384.0438, 6.2640), (458.0263, -383.4588, 6.1840), (479.3166, -383.6668, 6.0580), (499.8061, -383.9709, 5.9320), (519.6434, -383.8180, 5.8690), (538.0706, -383.8082, 5.7400), (572.8224, -381.6622, 5.7410), (592.7365, -379.1868, 5.8070), (618.4817, -375.7017, 5.9840)]
            int[] faceVertexCounts = [4, 4, 4, 4, 4, 4, 4, 4, 4, 4]
            int[] faceVertexIndices = [0, 1, 12, 11, 1, 2, 13, 12, 2, 3, 14, 13, 3, 4, 15, 14, 4, 5, 16, 15, 5, 6, 17, 16, 6, 7, 18, 17, 7, 8, 19, 18, 8, 9, 20, 19, 9, 10, 21, 20]
            uniform token subdivisionScheme = "none"
        }

        def Mesh "Road_498"
        {
            point3f[] points = [(85.6053, -476.7076, 4.6800), (94.9268, -478.8025, 4.7720), (111.0757, -481.2419, 4.9330), (126.0471, -483.6225, 5.0580), (137.5974, -484.4270, 5.2060), (146.1479, -484.6694, 5.2430), (155.9598, -483.7839, 5.3570), (168.9682, -481.1474, 5.4850), (186.5275, -477.5165, 5.6670), (210.6472, -472.1541, 5.9560), (229.4865, -468.0729, 6.1180), (242.6562, -465.1643, 6.2770), (84.8385, -480.1226, 4.6800), (94.3132, -482.2483, 4.7720), (110.5400, -484.7007, 4.9330), (125.6302, -487.0976, 5.0580), (137.4159, -487.9223, 5.2060), (146.2714, -488.1672, 5.2430), (156.4922, -487.2431, 5.3570), (169.6710, -484.5761, 5.4850), (187.2658, -480.9377, 5.6670), (211.3986, -475.5725, 5.9560), (230.2332, -471.4923, 6.1180), (243.4110, -468.5819, 6.2770)]
            int[] faceVertexCounts = [4, 4, 4, 4, 4, 4, 4, 4, 4, 4, 4]
            int[] faceVertexIndices = [0, 1, 13, 12, 1, 2, 14, 13, 2, 3, 15, 14, 3, 4, 16, 15, 4, 5, 17, 16, 5, 6, 18, 17, 6, 7, 19, 18, 7, 8, 20, 19, 8, 9, 21, 20, 9, 10, 22, 21, 10, 11, 23, 22]
            uniform token subdivisionScheme = "none"
        }

        def Mesh "Road_499"
        {
            point3f[] points = [(1650.3472, -376.0820, 6.5750), (1648.3253, -368.0156, 6.3670), (1653.7422, -375.2310, 6.5750), (1651.7202, -367.1646, 6.3670)]
            int[] faceVertexCounts = [4]
            int[] faceVertexIndices = [0, 1, 3, 2]
            uniform token subdivisionScheme = "none"
        }

        def Mesh "Road_500"
        {
            point3f[] points = [(1412.9076, -73.2307, 4.5990), (1409.2237, -67.1566, 4.6260), (1405.9029, -58.1829, 4.8630), (1402.8718, -45.2896, 5.0400), (1397.4671, -20.9424, 5.2950), (1415.8975, -71.4112, 4.5990), (1412.3958, -65.6776, 4.6260), (1409.2647, -57.2092, 4.8630), (1406.2854, -44.5166, 5.0400), (1400.8840, -20.1839, 5.2950)]
            int[] faceVertexCounts = [4, 4, 4, 4]
            int[] faceVertexIndices = [0, 1, 6, 5, 1, 2, 7, 6, 2, 3, 8, 7, 3, 4, 9, 8]
            uniform token subdivisionScheme = "none"
        }

        def Mesh "Road_501"
        {
            point3f[] points = [(254.9063, -503.0173, 5.8840), (262.7845, -506.1492, 5.8250), (276.7234, -507.9476, 5.6970), (289.3668, -509.1611, 5.5320), (306.6009, -509.9646, 5.4660), (310.4320, -509.8418, 5.4690), (316.3133, -509.3496, 5.4870), (326.1747, -507.9973, 5.5260), (327.6995, -507.7451, 5.5290), (329.6099, -507.4183, 5.5480), (364.8458, -500.1448, 5.7010), (366.0246, -499.8979, 5.7110), (409.1452, -491.2360, 5.8430), (410.8528, -490.8741, 5.8400), (453.7015, -480.9683, 6.0470), (253.6212, -506.2728, 5.8840), (262.0115, -509.5628, 5.8250), (276.3282, -511.4252, 5.6970), (289.1309, -512.6531, 5.5320), (306.4890, -513.4628, 5.4660), (310.6512, -513.3349, 5.4690), (316.7201, -512.8259, 5.4870), (326.6631, -511.4631, 5.5260), (328.2816, -511.1963, 5.5290), (330.3114, -510.8473, 5.5480), (365.5537, -503.5725, 5.7010), (366.7146, -503.3292, 5.7110), (409.8360, -494.6672, 5.8430), (411.6387, -494.2847, 5.8400), (454.4898, -484.3784, 6.0470)]
            int[] faceVertexCounts = [4, 4, 4, 4, 4, 4, 4, 4, 4, 4, 4, 4, 4, 4]
            int[] faceVertexIndices = [0, 1, 16, 15, 1, 2, 17, 16, 2, 3, 18, 17, 3, 4, 19, 18, 4, 5, 20, 19, 5, 6, 21, 20, 6, 7, 22, 21, 7, 8, 23, 22, 8, 9, 24, 23, 9, 10, 25, 24, 10, 11, 26, 25, 11, 12, 27, 26, 12, 13, 28, 27, 13, 14, 29, 28]
            uniform token subdivisionScheme = "none"
        }

        def Mesh "Road_502"
        {
            point3f[] points = [(1103.9086, -590.5655, 7.1030), (1104.1554, -589.1985, 7.0440), (1104.4787, -587.7497, 7.0490), (1104.9993, -585.7447, 7.0580), (1106.7142, -579.9831, 6.9850), (1106.8347, -579.5675, 6.9560), (1110.2343, -565.9950, 6.8110), (1110.3621, -565.4781, 6.8170), (1112.8593, -555.7988, 6.7410), (1112.9859, -555.2971, 6.7410), (1116.4784, -541.7430, 6.5970), (1116.9755, -539.8970, 6.5970), (1119.4637, -530.2252, 6.6380), (1119.6466, -529.4005, 6.6940), (1121.2966, -521.5404, 6.6750), (1124.6530, -507.7589, 6.7620), (1127.1686, -497.8774, 6.7740), (1127.3289, -497.2238, 6.7780), (1130.1431, -485.5628, 6.7600), (1130.4146, -484.4821, 6.7600), (1132.9011, -474.8033, 6.7330), (1134.9195, -466.8241, 6.6860), (1135.3590, -465.1924, 6.6820), (1136.8876, -459.3973, 6.6000), (1137.0352, -458.7900, 6.6000), (1138.7736, -450.9888, 6.5330), (1139.1315, -449.3525, 6.5400), (1140.9288, -441.5364, 6.5010), (1142.9454, -433.6147, 6.4310), (1143.2386, -432.5742, 6.4310), (1144.9282, -425.4046, 6.2540), (1107.3532, -591.1863, 7.1030), (1107.5860, -589.8917, 7.0440), (1107.8787, -588.5804, 7.0490), (1108.3626, -586.7134, 7.0580), (1110.0695, -580.9792, 6.9850), (1110.2288, -580.4220, 6.9560), (1113.6295, -566.8450, 6.8110), (1113.7516, -566.3507, 6.8170), (1116.2485, -556.6723, 6.7410), (1116.3754, -556.1698, 6.7410), (1119.8666, -542.6207, 6.5970), (1120.3636, -540.7751, 6.5970), (1122.8557, -531.0879, 6.6380), (1123.0711, -530.1237, 6.6940), (1124.7066, -522.3293, 6.6750), (1128.0500, -508.6019, 6.7620), (1130.5609, -498.7390, 6.7740), (1130.7310, -498.0456, 6.7780), (1133.5448, -486.3865, 6.7600), (1133.8050, -485.3512, 6.7600), (1136.2925, -475.6685, 6.7330), (1138.3103, -467.6913, 6.6860), (1138.7422, -466.0890, 6.6820), (1140.2737, -460.2832, 6.6000), (1140.4502, -459.5564, 6.6000), (1142.1904, -451.7477, 6.5330), (1142.5440, -450.1305, 6.5400), (1144.3303, -442.3608, 6.5010), (1146.3346, -434.4882, 6.4310), (1146.6408, -433.3959, 6.4310), (1148.3349, -426.2075, 6.2540)]
            int[] faceVertexCounts = [4, 4, 4, 4, 4, 4, 4, 4, 4, 4, 4, 4, 4, 4, 4, 4, 4, 4, 4, 4, 4, 4, 4, 4, 4, 4, 4, 4, 4, 4]
            int[] faceVertexIndices = [0, 1, 32, 31, 1, 2, 33, 32, 2, 3, 34, 33, 3, 4, 35, 34, 4, 5, 36, 35, 5, 6, 37, 36, 6, 7, 38, 37, 7, 8, 39, 38, 8, 9, 40, 39, 9, 10, 41, 40, 10, 11, 42, 41, 11, 12, 43, 42, 12, 13, 44, 43, 13, 14, 45, 44, 14, 15, 46, 45, 15, 16, 47, 46, 16, 17, 48, 47, 17, 18, 49, 48, 18, 19, 50, 49, 19, 20, 51, 50, 20, 21, 52, 51, 21, 22, 53, 52, 22, 23, 54, 53, 23, 24, 55, 54, 24, 25, 56, 55, 25, 26, 57, 56, 26, 27, 58, 57, 27, 28, 59, 58, 28, 29, 60, 59, 29, 30, 61, 60]
            uniform token subdivisionScheme = "none"
        }

        def Mesh "Road_503"
        {
            point3f[] points = [(1748.7907, -90.3838, 5.6320), (1735.9312, -38.7965, 5.0960), (1728.7347, -16.0828, 4.7590), (1720.3242, 6.5729, 0.3000), (1710.6262, 29.5581, 0.3000), (1696.9763, 55.5660, 0.3000), (1752.1868, -89.5372, 5.6320), (1739.3102, -37.8843, 5.0960), (1732.0444, -14.9444, 4.7590), (1723.5774, 7.8638, 0.3000), (1713.7858, 31.0637, 0.3000), (1700.0755, 57.1924, 0.3000)]
            int[] faceVertexCounts = [4, 4, 4, 4, 4]
            int[] faceVertexIndices = [0, 1, 7, 6, 1, 2, 8, 7, 2, 3, 9, 8, 3, 4, 10, 9, 4, 5, 11, 10]
            uniform token subdivisionScheme = "none"
        }

        def Mesh "Road_504"
        {
            point3f[] points = [(457.0941, -275.4224, 5.1200), (457.1046, -274.5198, 5.1200), (456.9647, -256.5693, 4.8650), (456.3328, -248.6110, 4.8320), (456.0877, -232.2299, 4.7490), (456.1724, -227.7484, 4.6850), (457.9377, -219.7916, 4.6760), (458.1833, -218.7890, 4.6350), (459.0536, -214.9371, 4.6520), (460.1230, -209.1178, 4.6750), (461.1438, -201.2316, 4.6520), (461.1837, -200.8117, 4.6520), (462.1487, -190.8469, 4.6550), (462.4696, -188.7558, 4.6350), (462.8657, -186.7228, 4.6310), (463.3505, -184.6995, 4.6250), (463.9395, -182.6907, 4.6430), (464.6929, -180.5705, 4.6310), (465.4992, -178.6084, 4.6400), (468.9544, -171.3785, 4.6380), (469.7582, -169.6500, 4.6290), (473.1176, -162.3764, 4.6630), (474.0831, -160.5135, 4.6360), (475.1114, -158.7114, 4.6410), (476.2290, -156.9493, 4.6340), (477.4452, -155.2398, 4.6400), (478.7581, -153.6110, 4.6480), (479.7685, -152.4922, 4.6700), (481.2479, -151.0210, 4.6870), (482.8056, -149.6313, 4.6400), (484.4210, -148.3238, 4.6670), (486.1180, -147.0669, 4.6240), (494.4532, -141.5309, 4.6230), (495.7684, -140.6263, 4.5940), (510.5267, -130.3026, 4.5650), (514.1422, -128.1233, 4.5970), (526.4904, -121.4982, 4.5790), (526.7742, -121.3482, 4.5790), (549.4053, -108.5746, 4.5120), (549.8752, -108.3064, 4.4980), (553.5011, -106.2859, 4.5350), (460.5939, -275.4619, 5.1200), (460.6045, -274.4958, 5.1200), (460.4632, -256.4651, 4.8650), (459.8306, -248.4849, 4.8320), (459.5876, -232.1994, 4.7490), (459.6336, -228.2680, 4.6850), (461.3523, -220.5598, 4.6760), (461.5944, -219.5727, 4.6350), (462.4854, -215.6250, 4.6520), (463.5830, -209.6458, 4.6750), (464.6157, -201.6749, 4.6520), (464.6675, -201.1491, 4.6520), (465.6291, -191.2170, 4.6550), (465.9176, -189.3572, 4.6350), (466.2860, -187.4653, 4.6310), (466.7328, -185.5997, 4.6250), (467.2679, -183.7731, 4.6430), (467.9630, -181.8181, 4.6310), (468.6739, -180.0819, 4.6400), (472.1153, -172.8813, 4.6380), (472.9349, -171.1192, 4.6290), (476.2815, -163.8730, 4.6630), (477.1571, -162.1869, 4.6360), (478.1101, -160.5164, 4.6410), (479.1340, -158.9015, 4.6340), (480.2348, -157.3535, 4.6400), (481.4314, -155.8701, 4.6480), (482.2906, -154.9189, 4.6700), (483.6479, -153.5686, 4.6870), (485.0721, -152.2984, 4.6400), (486.5648, -151.0904, 4.6670), (488.0795, -149.9656, 4.6240), (496.3962, -144.4421, 4.6230), (497.7727, -143.4955, 4.5940), (512.4967, -133.1955, 4.5650), (515.8312, -131.1888, 4.5970), (528.1447, -124.5826, 4.5790), (528.4935, -124.3968, 4.5790), (551.1260, -111.6224, 4.5120), (551.5825, -111.3617, 4.4980), (555.2047, -109.3433, 4.5350)]
            int[] faceVertexCounts = [4, 4, 4, 4, 4, 4, 4, 4, 4, 4, 4, 4, 4, 4, 4, 4, 4, 4, 4, 4, 4, 4, 4, 4, 4, 4, 4, 4, 4, 4, 4, 4, 4, 4, 4, 4, 4, 4, 4, 4]
            int[] faceVertexIndices = [0, 1, 42, 41, 1, 2, 43, 42, 2, 3, 44, 43, 3, 4, 45, 44, 4, 5, 46, 45, 5, 6, 47, 46, 6, 7, 48, 47, 7, 8, 49, 48, 8, 9, 50, 49, 9, 10, 51, 50, 10, 11, 52, 51, 11, 12, 53, 52, 12, 13, 54, 53, 13, 14, 55, 54, 14, 15, 56, 55, 15, 16, 57, 56, 16, 17, 58, 57, 17, 18, 59, 58, 18, 19, 60, 59, 19, 20, 61, 60, 20, 21, 62, 61, 21, 22, 63, 62, 22, 23, 64, 63, 23, 24, 65, 64, 24, 25, 66, 65, 25, 26, 67, 66, 26, 27, 68, 67, 27, 28, 69, 68, 28, 29, 70, 69, 29, 30, 71, 70, 30, 31, 72, 71, 31, 32, 73, 72, 32, 33, 74, 73, 33, 34, 75, 74, 34, 35, 76, 75, 35, 36, 77, 76, 36, 37, 78, 77, 37, 38, 79, 78, 38, 39, 80, 79, 39, 40, 81, 80]
            uniform token subdivisionScheme = "none"
        }

        def Mesh "Road_505"
        {
            point3f[] points = [(131.8266, -106.7913, 4.5940), (125.1630, -92.6954, 4.4840), (120.5704, -84.2848, 4.3320), (114.0766, -75.4885, 4.1080), (104.1615, -63.6674, 3.9660), (85.4451, -44.7124, 3.8250), (71.5721, -31.6318, 3.8060), (134.9908, -105.2954, 4.5940), (128.2928, -91.1287, 4.4840), (123.5127, -82.3893, 4.3320), (116.8154, -73.3093, 4.1080), (106.7242, -61.2836, 3.9660), (87.8987, -42.2165, 3.8250), (73.9733, -29.0853, 3.8060)]
            int[] faceVertexCounts = [4, 4, 4, 4, 4, 4]
            int[] faceVertexIndices = [0, 1, 8, 7, 1, 2, 9, 8, 2, 3, 10, 9, 3, 4, 11, 10, 4, 5, 12, 11, 5, 6, 13, 12]
            uniform token subdivisionScheme = "none"
        }

        def Mesh "Road_506"
        {
            point3f[] points = [(1473.8789, -12.6601, 3.3750), (1471.0562, -7.7415, 3.3590), (1476.9145, -10.9180, 3.3750), (1474.0918, -5.9994, 3.3590)]
            int[] faceVertexCounts = [4]
            int[] faceVertexIndices = [0, 1, 3, 2]
            uniform token subdivisionScheme = "none"
        }

        def Mesh "Road_507"
        {
            point3f[] points = [(713.4879, -386.6345, 7.4790), (705.2140, -376.9799, 7.1840), (716.1455, -384.3569, 7.4790), (707.8715, -374.7023, 7.1840)]
            int[] faceVertexCounts = [4]
            int[] faceVertexIndices = [0, 1, 3, 2]
            uniform token subdivisionScheme = "none"
        }

        def Mesh "Road_508"
        {
            point3f[] points = [(1420.0383, -353.7575, 6.0060), (1418.5132, -353.0947, 5.9470), (1414.8469, -351.4620, 5.9050), (1413.1265, -350.6563, 5.9050), (1411.2747, -349.7576, 5.8300), (1404.1385, -345.9922, 5.7240), (1392.1009, -338.7866, 5.8800), (1391.3307, -338.2989, 5.8800), (1369.7709, -323.7842, 5.8560), (1368.3209, -322.7553, 5.8820), (1348.9374, -308.6170, 5.9960), (1345.1397, -305.8516, 5.9310), (1344.1660, -305.1422, 5.9520), (1321.3714, -288.9061, 5.9610), (1320.3059, -288.1699, 5.8780), (1295.1187, -271.9190, 5.9920), (1293.5438, -270.9910, 6.0350), (1267.2335, -256.6153, 6.0280), (1266.6121, -256.2897, 5.9330), (1241.6059, -243.7389, 6.0590), (1239.9570, -242.9967, 6.1120), (1234.5070, -240.6383, 6.1090), (1217.7492, -234.1507, 6.1370), (1216.0744, -233.5534, 6.1800), (1198.9878, -227.9378, 6.3860), (1198.8155, -227.8864, 6.3860), (1421.4332, -350.5475, 6.0060), (1419.9286, -349.8937, 5.9470), (1416.2901, -348.2734, 5.9050), (1414.6332, -347.4973, 5.9050), (1412.8866, -346.6509, 5.8300), (1405.8769, -342.9544, 5.7240), (1393.9027, -335.7860, 5.8800), (1393.2828, -335.3939, 5.8800), (1371.7300, -320.8839, 5.8560), (1370.3810, -319.9258, 5.8820), (1350.9996, -305.7890, 5.9960), (1347.2000, -303.0223, 5.9310), (1346.1979, -302.2923, 5.9520), (1323.4000, -286.0539, 5.9610), (1322.2074, -285.2315, 5.8780), (1297.0090, -268.9734, 5.9920), (1295.2281, -267.9229, 6.0350), (1268.9104, -253.5432, 6.0280), (1268.1835, -253.1623, 5.9330), (1243.1677, -240.6067, 6.0590), (1241.3585, -239.7895, 6.1120), (1235.8023, -237.3868, 6.1090), (1219.0047, -230.8836, 6.1370), (1217.1750, -230.2309, 6.1800), (1200.0796, -224.6124, 6.3860), (1199.8258, -224.5354, 6.3860)]
            int[] faceVertexCounts = [4, 4, 4, 4, 4, 4, 4, 4, 4, 4, 4, 4, 4, 4, 4, 4, 4, 4, 4, 4, 4, 4, 4, 4, 4]
            int[] faceVertexIndices = [0, 1, 27, 26, 1, 2, 28, 27, 2, 3, 29, 28, 3, 4, 30, 29, 4, 5, 31, 30, 5, 6, 32, 31, 6, 7, 33, 32, 7, 8, 34, 33, 8, 9, 35, 34, 9, 10, 36, 35, 10, 11, 37, 36, 11, 12, 38, 37, 12, 13, 39, 38, 13, 14, 40, 39, 14, 15, 41, 40, 15, 16, 42, 41, 16, 17, 43, 42, 17, 18, 44, 43, 18, 19, 45, 44, 19, 20, 46, 45, 20, 21, 47, 46, 21, 22, 48, 47, 22, 23, 49, 48, 23, 24, 50, 49, 24, 25, 51, 50]
            uniform token subdivisionScheme = "none"
        }

        def Mesh "Road_509"
        {
            point3f[] points = [(1521.0671, -377.6970, 6.4950), (1522.5366, -377.9032, 6.5330), (1526.4966, -378.3111, 6.5220), (1526.7384, -378.3346, 6.5220), (1552.6930, -379.5430, 6.2930), (1554.4888, -379.5908, 6.2900), (1580.4665, -380.3667, 6.3620), (1582.2733, -380.4142, 6.3880), (1594.2382, -380.4951, 6.5310), (1598.1387, -380.3030, 6.5190), (1600.0799, -380.1412, 6.5330), (1601.2574, -380.0225, 6.5330), (1605.1262, -379.5174, 6.5720), (1617.0679, -377.1621, 6.6590), (1626.7501, -374.9224, 6.5380), (1630.5062, -373.8439, 6.5190), (1632.3351, -373.2324, 6.4390), (1633.7695, -372.7125, 6.4030), (1637.4179, -371.2188, 6.4650), (1649.3186, -365.9880, 6.3670), (1520.5822, -381.1633, 6.4950), (1522.1429, -381.3810, 6.5330), (1526.1412, -381.7930, 6.5220), (1526.5736, -381.8307, 6.5220), (1552.5347, -383.0394, 6.2930), (1554.3850, -383.0893, 6.2900), (1580.3628, -383.8652, 6.3620), (1582.2406, -383.9141, 6.3880), (1594.2633, -383.9950, 6.5310), (1598.3493, -383.7966, 6.5190), (1600.3936, -383.6271, 6.5330), (1601.6880, -383.4959, 6.5330), (1605.7489, -382.9615, 6.5720), (1617.7954, -380.5857, 6.6590), (1627.5895, -378.3203, 6.5380), (1631.5194, -377.1941, 6.5190), (1633.4819, -376.5392, 6.4390), (1635.0581, -375.9666, 6.4030), (1638.8070, -374.4313, 6.4650), (1650.7269, -369.1922, 6.3670)]
            int[] faceVertexCounts = [4, 4, 4, 4, 4, 4, 4, 4, 4, 4, 4, 4, 4, 4, 4, 4, 4, 4, 4]
            int[] faceVertexIndices = [0, 1, 21, 20, 1, 2, 22, 21, 2, 3, 23, 22, 3, 4, 24, 23, 4, 5, 25, 24, 5, 6, 26, 25, 6, 7, 27, 26, 7, 8, 28, 27, 8, 9, 29, 28, 9, 10, 30, 29, 10, 11, 31, 30, 11, 12, 32, 31, 12, 13, 33, 32, 13, 14, 34, 33, 14, 15, 35, 34, 15, 16, 36, 35, 16, 17, 37, 36, 17, 18, 38, 37, 18, 19, 39, 38]
            uniform token subdivisionScheme = "none"
        }

        def Mesh "Road_510"
        {
            point3f[] points = [(1475.3808, -1756.0466, 5.2690), (1452.2902, -1733.9564, 5.3120), (1429.6940, -1710.1285, 5.5090), (1477.8002, -1753.5175, 5.2690), (1454.7713, -1731.4878, 5.3120), (1432.2337, -1707.7201, 5.5090)]
            int[] faceVertexCounts = [4, 4]
            int[] faceVertexIndices = [0, 1, 4, 3, 1, 2, 5, 4]
            uniform token subdivisionScheme = "none"
        }

        def Mesh "Road_511"
        {
            point3f[] points = [(87.4804, -486.3814, 4.6640), (83.6393, -485.0335, 4.6560), (88.6394, -483.0789, 4.6640), (84.7982, -481.7309, 4.6560)]
            int[] faceVertexCounts = [4]
            int[] faceVertexIndices = [0, 1, 3, 2]
            uniform token subdivisionScheme = "none"
        }

        def Mesh "Road_512"
        {
            point3f[] points = [(82.5034, -483.0358, 4.6560), (83.5065, -478.0687, 4.6800), (85.9341, -483.7286, 4.6560), (86.9372, -478.7615, 4.6800)]
            int[] faceVertexCounts = [4]
            int[] faceVertexIndices = [0, 1, 3, 2]
            uniform token subdivisionScheme = "none"
        }

        def Mesh "Road_513"
        {
            point3f[] points = [(678.9512, -361.9507, 6.3140), (675.9851, -354.3417, 6.0750), (682.2122, -360.6795, 6.3140), (679.2461, -353.0705, 6.0750)]
            int[] faceVertexCounts = [4]
            int[] faceVertexIndices = [0, 1, 3, 2]
            uniform token subdivisionScheme = "none"
        }

        def Mesh "Road_514"
        {
            point3f[] points = [(1528.0290, -1443.2084, 7.1680), (1525.8141, -1440.8645, 7.1670), (1524.3066, -1437.6581, 7.2490), (1524.1541, -1433.7845, 7.2480), (1524.0465, -1431.3658, 7.2710), (1516.2126, -1421.5477, 7.1750), (1505.0860, -1408.2307, 7.1390), (1493.6999, -1397.3351, 7.2950), (1483.4051, -1388.0056, 7.4020), (1472.8601, -1378.9791, 7.7110), (1463.9225, -1371.8887, 8.1050), (1454.2620, -1364.8108, 8.5200), (1446.7962, -1360.4375, 8.7180), (1441.9296, -1357.0757, 8.9550), (1530.5570, -1440.7878, 7.1680), (1528.6878, -1438.8664, 7.1670), (1527.7264, -1436.9134, 7.2490), (1527.6452, -1433.5351, 7.2480), (1527.0074, -1429.4995, 7.2710), (1518.9204, -1419.3301, 7.1750), (1507.6492, -1405.8474, 7.1390), (1496.0877, -1394.7761, 7.2950), (1485.7185, -1385.3791, 7.4020), (1475.0910, -1376.2822, 7.7110), (1466.0433, -1369.1044, 8.1050), (1456.2078, -1361.9015, 8.5200), (1448.6557, -1357.4723, 8.7180), (1443.9198, -1354.1965, 8.9550)]
            int[] faceVertexCounts = [4, 4, 4, 4, 4, 4, 4, 4, 4, 4, 4, 4, 4]
            int[] faceVertexIndices = [0, 1, 15, 14, 1, 2, 16, 15, 2, 3, 17, 16, 3, 4, 18, 17, 4, 5, 19, 18, 5, 6, 20, 19, 6, 7, 21, 20, 7, 8, 22, 21, 8, 9, 23, 22, 9, 10, 24, 23, 10, 11, 25, 24, 11, 12, 26, 25, 12, 13, 27, 26]
            uniform token subdivisionScheme = "none"
        }

        def Mesh "Road_515"
        {
            point3f[] points = [(680.0811, -359.6382, 6.3140), (691.0915, -356.3515, 6.3410), (681.0822, -362.9920, 6.3140), (692.0926, -359.7052, 6.3410)]
            int[] faceVertexCounts = [4]
            int[] faceVertexIndices = [0, 1, 3, 2]
            uniform token subdivisionScheme = "none"
        }

        def Mesh "Road_516"
        {
            point3f[] points = [(1704.3812, -352.5859, 6.1200), (1708.3547, -351.1918, 6.0380), (1709.5946, -350.7769, 5.9770), (1711.5522, -350.1486, 5.8980), (1719.3016, -347.9546, 5.5850), (1727.1943, -346.1662, 5.2520), (1737.0881, -344.4472, 4.9330), (1738.8602, -344.1945, 4.7980), (1742.8858, -343.6792, 4.6200), (1758.8267, -342.2356, 3.8440), (1759.7351, -342.1742, 3.7690), (1803.6750, -340.2655, 2.4280), (1804.5446, -340.2306, 2.4280), (1810.5774, -340.0396, 2.3660), (1705.5399, -355.8885, 6.1200), (1709.5022, -354.4984, 6.0380), (1710.6808, -354.1041, 5.9770), (1712.5294, -353.5095, 5.8980), (1720.1655, -351.3463, 5.5850), (1727.8710, -349.6001, 5.2520), (1737.6715, -347.8982, 4.9330), (1739.3198, -347.6642, 4.7980), (1743.2274, -347.1624, 4.6200), (1759.1385, -345.7217, 3.8440), (1759.8885, -345.6708, 3.7690), (1803.8267, -343.7622, 2.4280), (1804.6590, -343.7287, 2.4280), (1810.6881, -343.5378, 2.3660)]
            int[] faceVertexCounts = [4, 4, 4, 4, 4, 4, 4, 4, 4, 4, 4, 4, 4]
            int[] faceVertexIndices = [0, 1, 15, 14, 1, 2, 16, 15, 2, 3, 17, 16, 3, 4, 18, 17, 4, 5, 19, 18, 5, 6, 20, 19, 6, 7, 21, 20, 7, 8, 22, 21, 8, 9, 23, 22, 9, 10, 24, 23, 10, 11, 25, 24, 11, 12, 26, 25, 12, 13, 27, 26]
            uniform token subdivisionScheme = "none"
        }

        def Mesh "Road_517"
        {
            point3f[] points = [(1361.5063, -21.8489, 5.1450), (1371.1268, -22.8001, 5.2050), (1382.6670, -21.1645, 5.3480), (1398.9269, -18.8309, 5.2950), (1361.1672, -25.3324, 5.1450), (1371.2392, -26.2983, 5.2050), (1383.1604, -24.6296, 5.3480), (1399.4242, -22.2954, 5.2950)]
            int[] faceVertexCounts = [4, 4, 4]
            int[] faceVertexIndices = [0, 1, 5, 4, 1, 2, 6, 5, 2, 3, 7, 6]
            uniform token subdivisionScheme = "none"
        }

        def Mesh "Road_518"
        {
            point3f[] points = [(1309.5449, -498.7334, 6.3990), (1310.3069, -496.6164, 6.3740), (1312.7772, -487.0060, 6.3850), (1313.4297, -483.1924, 6.3560), (1313.6459, -481.4100, 6.3850), (1314.5185, -475.4408, 6.4100), (1314.8522, -474.0407, 6.4100), (1316.5361, -468.2855, 6.4260), (1317.0193, -466.4175, 6.4280), (1317.1971, -465.5523, 6.4130), (1317.5059, -463.6438, 6.4110), (1317.7228, -461.7477, 6.4090), (1318.1700, -455.7816, 6.3530), (1318.2619, -454.7461, 6.3530), (1319.3673, -444.8096, 6.2590), (1319.3936, -444.5484, 6.2590), (1320.7194, -428.6047, 6.1620), (1320.9605, -426.4377, 6.1320), (1322.1286, -415.4870, 6.2230), (1312.8406, -499.9117, 6.3990), (1313.6808, -497.5473, 6.3740), (1316.1864, -487.7983, 6.3850), (1316.8879, -483.7321, 6.3560), (1317.1119, -481.8967, 6.3850), (1317.9734, -476.0009, 6.4100), (1318.2193, -474.9959, 6.4100), (1319.9029, -469.2419, 6.4260), (1320.4218, -467.2378, 6.4280), (1320.6440, -466.1597, 6.4130), (1320.9731, -464.1218, 6.4110), (1321.2103, -462.0433, 6.4090), (1321.6597, -456.0499, 6.3530), (1321.7413, -455.1261, 6.3530), (1322.8460, -445.1954, 6.2590), (1322.8814, -444.8396, 6.2590), (1324.2064, -428.9063, 6.1620), (1324.4405, -426.8116, 6.1320), (1325.6088, -415.8582, 6.2230)]
            int[] faceVertexCounts = [4, 4, 4, 4, 4, 4, 4, 4, 4, 4, 4, 4, 4, 4, 4, 4, 4, 4]
            int[] faceVertexIndices = [0, 1, 20, 19, 1, 2, 21, 20, 2, 3, 22, 21, 3, 4, 23, 22, 4, 5, 24, 23, 5, 6, 25, 24, 6, 7, 26, 25, 7, 8, 27, 26, 8, 9, 28, 27, 9, 10, 29, 28, 10, 11, 30, 29, 11, 12, 31, 30, 12, 13, 32, 31, 13, 14, 33, 32, 14, 15, 34, 33, 15, 16, 35, 34, 16, 17, 36, 35, 17, 18, 37, 36]
            uniform token subdivisionScheme = "none"
        }

        def Mesh "Road_519"
        {
            point3f[] points = [(675.9649, -354.2872, 6.0750), (665.0023, -323.1508, 5.5700), (657.8536, -302.9269, 5.4050), (652.5800, -286.9897, 5.2600), (650.1642, -277.3675, 5.1650), (649.1320, -267.3128, 5.1220), (649.3660, -255.9118, 5.1730), (679.2662, -353.1249, 6.0750), (668.3031, -321.9868, 5.5700), (661.1637, -301.7897, 5.4050), (655.9312, -285.9800, 5.2600), (653.6115, -276.7627, 5.1650), (652.6296, -267.1849, 5.1220), (652.8653, -255.9845, 5.1730)]
            int[] faceVertexCounts = [4, 4, 4, 4, 4, 4]
            int[] faceVertexIndices = [0, 1, 8, 7, 1, 2, 9, 8, 2, 3, 10, 9, 3, 4, 11, 10, 4, 5, 12, 11, 5, 6, 13, 12]
            uniform token subdivisionScheme = "none"
        }

        def Mesh "Road_520"
        {
            point3f[] points = [(1144.9173, -425.4543, 6.2540), (1146.3152, -418.6424, 6.4040), (1146.7345, -416.9306, 6.4220), (1148.3019, -411.1417, 6.3880), (1148.8146, -409.0772, 6.4060), (1150.0572, -403.2318, 6.3570), (1150.3364, -401.8153, 6.3580), (1151.8653, -393.9665, 6.3120), (1151.9508, -393.5400, 6.3090), (1153.8450, -383.7297, 6.4000), (1153.9710, -382.9863, 6.3650), (1155.2729, -375.0920, 6.4350), (1155.5216, -373.7339, 6.4560), (1157.1656, -365.8980, 6.5220), (1157.3384, -365.1296, 6.5190), (1159.4142, -355.3628, 6.5460), (1159.7400, -353.5197, 6.5180), (1160.5038, -349.5752, 6.4300), (1160.6957, -348.7686, 6.4300), (1161.2324, -346.7824, 6.3560), (1162.4282, -342.9431, 6.3330), (1148.3458, -426.1579, 6.2540), (1149.7385, -419.3714, 6.4040), (1150.1176, -417.8277, 6.4220), (1151.6854, -412.0373, 6.3880), (1152.2314, -409.8360, 6.4060), (1153.4828, -403.9496, 6.3570), (1153.7716, -402.4857, 6.3580), (1155.3005, -394.6367, 6.3120), (1155.3871, -394.2046, 6.3090), (1157.2827, -384.3875, 6.4000), (1157.4241, -383.5573, 6.3650), (1158.7248, -375.6701, 6.4350), (1158.9497, -374.4400, 6.4560), (1160.5900, -366.6211, 6.5220), (1160.7613, -365.8602, 6.5190), (1162.8417, -356.0717, 6.5460), (1163.1796, -354.1674, 6.5180), (1163.9355, -350.2634, 6.4300), (1164.0818, -349.6543, 6.4300), (1164.5870, -347.7805, 6.3560), (1165.7698, -343.9841, 6.3330)]
            int[] faceVertexCounts = [4, 4, 4, 4, 4, 4, 4, 4, 4, 4, 4, 4, 4, 4, 4, 4, 4, 4, 4, 4]
            int[] faceVertexIndices = [0, 1, 22, 21, 1, 2, 23, 22, 2, 3, 24, 23, 3, 4, 25, 24, 4, 5, 26, 25, 5, 6, 27, 26, 6, 7, 28, 27, 7, 8, 29, 28, 8, 9, 30, 29, 9, 10, 31, 30, 10, 11, 32, 31, 11, 12, 33, 32, 12, 13, 34, 33, 13, 14, 35, 34, 14, 15, 36, 35, 15, 16, 37, 36, 16, 17, 38, 37, 17, 18, 39, 38, 18, 19, 40, 39, 19, 20, 41, 40]
            uniform token subdivisionScheme = "none"
        }

        def Mesh "Road_521"
        {
            point3f[] points = [(250.2722, -1624.1480, 6.0610), (239.3771, -1588.5298, 6.2450), (230.9711, -1559.0583, 6.2380), (253.6191, -1623.1242, 6.0610), (242.7327, -1587.5347, 6.2450), (234.3369, -1558.0983, 6.2380)]
            int[] faceVertexCounts = [4, 4]
            int[] faceVertexIndices = [0, 1, 4, 3, 1, 2, 5, 4]
            uniform token subdivisionScheme = "none"
        }

        def Mesh "Road_522"
        {
            point3f[] points = [(1908.1203, -994.9785, 7.2670), (1906.5990, -917.2552, 7.2490), (1911.6196, -994.9100, 7.2670), (1910.0984, -917.1867, 7.2490)]
            int[] faceVertexCounts = [4]
            int[] faceVertexIndices = [0, 1, 3, 2]
            uniform token subdivisionScheme = "none"
        }

        def Mesh "Road_523"
        {
            point3f[] points = [(1034.7599, -1014.7841, 6.7340), (1037.2523, -989.3381, 6.7160), (1040.0122, -961.3408, 6.8100), (1044.3986, -930.0958, 6.9550), (1048.3209, -899.6044, 7.0040), (1051.8545, -867.2177, 7.0160), (1054.7768, -846.1587, 7.1060), (1056.1541, -830.6661, 7.2820), (1056.5206, -817.7254, 7.2060), (1055.0821, -807.6460, 7.0430), (1053.6589, -799.6657, 6.9660), (1052.6781, -790.7891, 6.9680), (1053.8843, -778.4950, 7.0100), (1038.2432, -1015.1253, 6.7340), (1040.7355, -989.6804, 6.7160), (1043.4870, -961.7600, 6.8100), (1047.8673, -930.5626, 6.9550), (1051.7965, -900.0166, 7.0040), (1055.3292, -867.6375, 7.0160), (1058.2529, -846.5673, 7.1060), (1059.6476, -830.8795, 7.2820), (1060.0168, -817.5625, 7.2060), (1058.5392, -807.1002, 7.0430), (1057.1232, -799.1674, 6.9660), (1056.1779, -790.8287, 6.9680), (1057.3674, -778.8386, 7.0100)]
            int[] faceVertexCounts = [4, 4, 4, 4, 4, 4, 4, 4, 4, 4, 4, 4]
            int[] faceVertexIndices = [0, 1, 14, 13, 1, 2, 15, 14, 2, 3, 16, 15, 3, 4, 17, 16, 4, 5, 18, 17, 5, 6, 19, 18, 6, 7, 20, 19, 7, 8, 21, 20, 8, 9, 22, 21, 9, 10, 23, 22, 10, 11, 24, 23, 11, 12, 25, 24]
            uniform token subdivisionScheme = "none"
        }

        def Mesh "Road_524"
        {
            point3f[] points = [(151.2654, -606.2219, 6.1870), (145.5975, -596.6802, 6.3260), (154.2745, -604.4344, 6.1870), (148.6066, -594.8927, 6.3260)]
            int[] faceVertexCounts = [4]
            int[] faceVertexIndices = [0, 1, 3, 2]
            uniform token subdivisionScheme = "none"
        }

        def Mesh "Road_525"
        {
            point3f[] points = [(934.8805, -1050.8744, 5.7080), (936.5519, -1049.6749, 5.7080), (938.0595, -1048.7553, 5.7400), (941.6361, -1046.8895, 5.8220), (942.2833, -1046.5547, 5.8220), (943.9841, -1045.6238, 5.8420), (945.7538, -1044.6543, 5.8970), (946.8468, -1043.9910, 5.8750), (936.9226, -1053.7169, 5.7080), (938.4978, -1052.5841, 5.7080), (939.7376, -1051.8267, 5.7400), (943.2532, -1049.9935, 5.8220), (943.9438, -1049.6357, 5.8220), (945.6653, -1048.6936, 5.8420), (947.4882, -1047.6944, 5.8970), (948.6612, -1046.9840, 5.8750)]
            int[] faceVertexCounts = [4, 4, 4, 4, 4, 4, 4]
            int[] faceVertexIndices = [0, 1, 9, 8, 1, 2, 10, 9, 2, 3, 11, 10, 3, 4, 12, 11, 4, 5, 13, 12, 5, 6, 14, 13, 6, 7, 15, 14]
            uniform token subdivisionScheme = "none"
        }

        def Mesh "Road_526"
        {
            point3f[] points = [(1643.5890, -1168.1467, 6.7310), (1650.8994, -1141.6483, 6.8460), (1659.8517, -1109.3787, 7.4470), (1646.9629, -1169.0775, 6.7310), (1654.2727, -1142.5818, 6.8460), (1663.2243, -1110.3143, 7.4470)]
            int[] faceVertexCounts = [4, 4]
            int[] faceVertexIndices = [0, 1, 4, 3, 1, 2, 5, 4]
            uniform token subdivisionScheme = "none"
        }

        def Mesh "Road_527"
        {
            point3f[] points = [(1114.5483, -1643.1772, 5.5230), (1123.4204, -1634.8657, 5.4680), (1133.3149, -1625.0049, 5.3300), (1133.8025, -1624.5127, 5.3300), (1143.7353, -1614.6525, 5.4080), (1144.6677, -1613.7518, 5.4120), (1151.9438, -1606.8936, 5.5670), (1152.2022, -1606.6549, 5.5670), (1159.6769, -1599.8347, 5.6690), (1169.8043, -1590.2027, 5.7800), (1170.1602, -1589.8464, 5.7800), (1177.2091, -1582.7575, 5.8530), (1177.5922, -1582.3866, 5.8530), (1183.4680, -1576.9563, 5.9460), (1184.2081, -1576.2811, 5.9460), (1191.5383, -1569.4840, 6.2090), (1192.2758, -1568.8143, 6.2730), (1196.8313, -1564.8613, 6.5080), (1200.0051, -1562.3322, 6.6260), (1201.4317, -1561.2679, 6.7270), (1208.0654, -1556.7725, 6.8910), (1208.9228, -1556.2190, 6.8600), (1218.5034, -1550.0883, 6.9600), (1225.3195, -1545.8480, 7.0870), (1227.1469, -1544.8329, 7.1500), (1228.6221, -1544.0690, 7.1500), (1232.3110, -1542.3559, 7.2480), (1237.8879, -1540.0659, 7.3800), (1239.6594, -1539.3423, 7.4000), (1246.9189, -1536.0817, 7.6630), (1250.4332, -1534.3103, 7.7710), (1251.6685, -1533.6547, 7.7950), (1256.8369, -1530.7010, 7.9700), (1260.3590, -1528.4617, 8.0320), (1263.5679, -1526.2214, 8.0850), (1266.6654, -1523.8107, 8.1470), (1268.1259, -1522.5564, 8.2380), (1268.8877, -1521.8668, 8.2110), (1276.0186, -1514.8645, 8.5540), (1276.7655, -1514.1854, 8.5340), (1278.3461, -1512.8424, 8.6260), (1281.5834, -1510.3524, 8.6780), (1288.2574, -1505.7274, 8.7540), (1294.8053, -1501.1378, 8.8030), (1295.9313, -1500.3844, 8.8030), (1301.1946, -1497.2026, 8.6820), (1310.6934, -1492.9801, 9.1000), (1319.7466, -1487.4378, 8.4330), (1328.3918, -1481.9585, 8.1770), (1341.0265, -1471.7164, 8.0750), (1350.2745, -1462.9843, 8.2560), (1360.0064, -1452.9453, 8.2540), (1365.3224, -1447.8948, 8.2780), (1116.9412, -1645.7314, 5.5230), (1125.8552, -1637.3801, 5.4680), (1135.7863, -1627.4832, 5.3300), (1136.2693, -1626.9957, 5.3300), (1146.1982, -1617.1392, 5.4080), (1147.0718, -1616.2955, 5.4120), (1154.3437, -1609.4413, 5.5670), (1154.5618, -1609.2399, 5.5670), (1162.0668, -1602.3917, 5.6690), (1172.2187, -1592.7366, 5.7800), (1172.6416, -1592.3147, 5.7800), (1179.6889, -1585.2274, 5.8530), (1179.9710, -1584.9540, 5.8530), (1185.8416, -1579.5284, 5.9460), (1186.5860, -1578.8493, 5.9460), (1193.9158, -1572.0526, 6.2090), (1194.5780, -1571.4506, 6.2730), (1199.0805, -1567.5429, 6.5080), (1202.1606, -1565.0898, 6.6260), (1203.4181, -1564.1496, 6.7270), (1210.0217, -1559.6747, 6.8910), (1210.8102, -1559.1666, 6.8600), (1220.3744, -1553.0462, 6.9600), (1227.1385, -1548.8383, 7.0870), (1228.8063, -1547.9145, 7.1500), (1230.1355, -1547.2249, 7.1500), (1233.6988, -1545.5690, 7.2480), (1239.2161, -1543.3041, 7.3800), (1241.0720, -1542.5446, 7.4000), (1248.4002, -1539.2528, 7.6630), (1252.0260, -1537.4269, 7.7710), (1253.3867, -1536.7039, 7.7950), (1258.6326, -1533.7052, 7.9700), (1262.2981, -1531.3755, 8.0320), (1265.6451, -1529.0383, 8.0850), (1268.8586, -1526.5383, 8.1470), (1270.4312, -1525.1899, 8.2380), (1271.3299, -1524.3739, 8.2110), (1278.4627, -1517.3698, 8.5540), (1279.0598, -1516.8286, 8.5340), (1280.5254, -1515.5811, 8.6260), (1283.6240, -1513.1960, 8.6780), (1290.2585, -1508.5989, 8.7540), (1296.8060, -1504.0096, 8.8030), (1297.7683, -1503.3635, 8.8030), (1302.7626, -1500.3318, 8.6820), (1312.3242, -1496.0769, 9.1000), (1321.5969, -1490.4087, 8.4330), (1330.4716, -1484.7736, 8.1770), (1343.3193, -1474.3608, 8.0750), (1352.7353, -1465.4731, 8.2560), (1362.4848, -1455.4167, 8.2540), (1367.7329, -1450.4325, 8.2780)]
            int[] faceVertexCounts = [4, 4, 4, 4, 4, 4, 4, 4, 4, 4, 4, 4, 4, 4, 4, 4, 4, 4, 4, 4, 4, 4, 4, 4, 4, 4, 4, 4, 4, 4, 4, 4, 4, 4, 4, 4, 4, 4, 4, 4, 4, 4, 4, 4, 4, 4, 4, 4, 4, 4, 4, 4]
            int[] faceVertexIndices = [0, 1, 54, 53, 1, 2, 55, 54, 2, 3, 56, 55, 3, 4, 57, 56, 4, 5, 58, 57, 5, 6, 59, 58, 6, 7, 60, 59, 7, 8, 61, 60, 8, 9, 62, 61, 9, 10, 63, 62, 10, 11, 64, 63, 11, 12, 65, 64, 12, 13, 66, 65, 13, 14, 67, 66, 14, 15, 68, 67, 15, 16, 69, 68, 16, 17, 70, 69, 17, 18, 71, 70, 18, 19, 72, 71, 19, 20, 73, 72, 20, 21, 74, 73, 21, 22, 75, 74, 22, 23, 76, 75, 23, 24, 77, 76, 24, 25, 78, 77, 25, 26, 79, 78, 26, 27, 80, 79, 27, 28, 81, 80, 28, 29, 82, 81, 29, 30, 83, 82, 30, 31, 84, 83, 31, 32, 85, 84, 32, 33, 86, 85, 33, 34, 87, 86, 34, 35, 88, 87, 35, 36, 89, 88, 36, 37, 90, 89, 37, 38, 91, 90, 38, 39, 92, 91, 39, 40, 93, 92, 40, 41, 94, 93, 41, 42, 95, 94, 42, 43, 96, 95, 43, 44, 97, 96, 44, 45, 98, 97, 45, 46, 99, 98, 46, 47, 100, 99, 47, 48, 101, 100, 48, 49, 102, 101, 49, 50, 103, 102, 50, 51, 104, 103, 51, 52, 105, 104]
            uniform token subdivisionScheme = "none"
        }

        def Mesh "Road_528"
        {
            point3f[] points = [(926.3622, -1817.6524, 6.0170), (928.9798, -1816.2976, 6.0080), (940.8323, -1810.9893, 5.6380), (941.2851, -1810.7870, 5.6050), (950.1097, -1806.7560, 5.4050), (967.9540, -1798.0344, 4.8820), (990.4361, -1787.4559, 4.7300), (1010.9809, -1778.2575, 4.5680), (1031.6711, -1768.1933, 4.6600), (1048.0726, -1760.1518, 4.8290), (1063.9235, -1752.2544, 4.8770), (927.9730, -1820.7597, 6.0170), (930.4433, -1819.4769, 6.0080), (942.2628, -1814.1837, 5.6380), (942.7382, -1813.9712, 5.6050), (951.6196, -1809.9135, 5.4050), (969.4650, -1801.1914, 4.8820), (991.8978, -1790.6361, 4.7300), (1012.4622, -1781.4285, 4.5680), (1033.2064, -1771.3386, 4.6600), (1049.6233, -1763.2896, 4.8290), (1065.4843, -1755.3871, 4.8770)]
            int[] faceVertexCounts = [4, 4, 4, 4, 4, 4, 4, 4, 4, 4]
            int[] faceVertexIndices = [0, 1, 12, 11, 1, 2, 13, 12, 2, 3, 14, 13, 3, 4, 15, 14, 4, 5, 16, 15, 5, 6, 17, 16, 6, 7, 18, 17, 7, 8, 19, 18, 8, 9, 20, 19, 9, 10, 21, 20]
            uniform token subdivisionScheme = "none"
        }

        def Mesh "Road_529"
        {
            point3f[] points = [(2057.7008, -1323.7173, 6.7700), (2066.9530, -1291.7946, 6.5480), (2075.6640, -1258.0725, 6.8520), (2081.8231, -1231.5845, 6.9540), (2087.5361, -1203.7946, 6.9650), (2090.4318, -1185.3345, 6.8570), (2091.1711, -1176.4703, 6.7280), (2090.6673, -1168.6704, 6.6780), (2090.1622, -1164.8739, 6.6720), (2088.3493, -1156.1666, 6.6660), (2085.6274, -1146.6118, 6.3830), (2061.0625, -1324.6916, 6.7700), (2070.3289, -1292.7183, 6.5480), (2079.0619, -1258.9117, 6.8520), (2085.2423, -1232.3324, 6.9540), (2090.9770, -1204.4349, 6.9650), (2093.9014, -1185.7948, 6.8570), (2094.6707, -1176.5204, 6.7280), (2094.1542, -1168.3673, 6.6780), (2093.6038, -1164.2372, 6.6720), (2091.7462, -1155.3235, 6.6660), (2088.9936, -1145.6533, 6.3830)]
            int[] faceVertexCounts = [4, 4, 4, 4, 4, 4, 4, 4, 4, 4]
            int[] faceVertexIndices = [0, 1, 12, 11, 1, 2, 13, 12, 2, 3, 14, 13, 3, 4, 15, 14, 4, 5, 16, 15, 5, 6, 17, 16, 6, 7, 18, 17, 7, 8, 19, 18, 8, 9, 20, 19, 9, 10, 21, 20]
            uniform token subdivisionScheme = "none"
        }

        def Mesh "Road_530"
        {
            point3f[] points = [(1708.0541, -1128.3834, 6.3880), (1660.9474, -1111.4938, 7.4470), (1709.2354, -1125.0888, 6.3880), (1662.1286, -1108.1992, 7.4470)]
            int[] faceVertexCounts = [4]
            int[] faceVertexIndices = [0, 1, 3, 2]
            uniform token subdivisionScheme = "none"
        }

        def Mesh "Road_531"
        {
            point3f[] points = [(916.5641, -1830.9459, 6.5520), (916.9126, -1830.7826, 6.5520), (929.5498, -1824.8656, 6.2850), (918.0489, -1834.1153, 6.5520), (918.3967, -1833.9524, 6.5520), (931.0339, -1828.0353, 6.2850)]
            int[] faceVertexCounts = [4, 4]
            int[] faceVertexIndices = [0, 1, 4, 3, 1, 2, 5, 4]
            uniform token subdivisionScheme = "none"
        }

        def Mesh "Road_532"
        {
            point3f[] points = [(1139.3380, -1714.6121, 5.2800), (1144.3960, -1711.5523, 5.2760), (1141.1496, -1717.6068, 5.2800), (1146.2076, -1714.5470, 5.2760)]
            int[] faceVertexCounts = [4]
            int[] faceVertexIndices = [0, 1, 3, 2]
            uniform token subdivisionScheme = "none"
        }

        def Mesh "Road_533"
        {
            point3f[] points = [(962.6896, -1554.1306, 5.3100), (943.7364, -1514.0299, 5.4160), (965.8539, -1552.6350, 5.3100), (946.9007, -1512.5343, 5.4160)]
            int[] faceVertexCounts = [4]
            int[] faceVertexIndices = [0, 1, 3, 2]
            uniform token subdivisionScheme = "none"
        }

        def Mesh "Road_534"
        {
            point3f[] points = [(1110.4823, -911.0231, 7.3480), (1126.6552, -786.6492, 7.3820), (1113.9531, -911.4744, 7.3480), (1130.1260, -787.1005, 7.3820)]
            int[] faceVertexCounts = [4]
            int[] faceVertexIndices = [0, 1, 3, 2]
            uniform token subdivisionScheme = "none"
        }

        def Mesh "Road_535"
        {
            point3f[] points = [(173.4774, -641.8872, 6.2310), (159.2405, -619.4543, 6.3850), (151.2711, -606.2315, 6.1870), (176.4325, -640.0117, 6.2310), (162.2114, -617.6040, 6.3850), (154.2688, -604.4248, 6.1870)]
            int[] faceVertexCounts = [4, 4]
            int[] faceVertexIndices = [0, 1, 4, 3, 1, 2, 5, 4]
            uniform token subdivisionScheme = "none"
        }

        def Mesh "Road_536"
        {
            point3f[] points = [(1734.0941, -1722.3610, 5.7280), (1741.7078, -1718.1055, 5.7800), (1750.5428, -1713.3075, 5.8130), (1759.6369, -1709.0194, 5.9370), (1761.5281, -1708.2096, 5.9340), (1762.1299, -1707.9596, 5.9340), (1769.6355, -1705.0695, 5.9980), (1777.3287, -1702.5503, 6.0410), (1787.0762, -1699.9500, 6.1580), (1796.9423, -1697.9110, 6.3050), (1803.2413, -1696.9054, 6.4570), (1833.0962, -1693.9442, 6.9470), (1833.5869, -1693.8978, 6.9790), (1851.2059, -1691.7681, 7.2160), (1735.8017, -1725.4161, 5.7280), (1743.3956, -1721.1716, 5.7800), (1752.1249, -1716.4294, 5.8130), (1761.1101, -1712.1942, 5.9370), (1762.8974, -1711.4306, 5.9340), (1763.3939, -1711.2234, 5.9340), (1770.8095, -1708.3667, 5.9980), (1778.3144, -1705.9086, 6.0410), (1787.8817, -1703.3561, 6.1580), (1797.5908, -1701.3504, 6.3050), (1803.6226, -1700.3846, 6.4570), (1833.4415, -1697.4271, 6.9470), (1834.0044, -1697.3728, 6.9790), (1851.6259, -1695.2428, 7.2160)]
            int[] faceVertexCounts = [4, 4, 4, 4, 4, 4, 4, 4, 4, 4, 4, 4, 4]
            int[] faceVertexIndices = [0, 1, 15, 14, 1, 2, 16, 15, 2, 3, 17, 16, 3, 4, 18, 17, 4, 5, 19, 18, 5, 6, 20, 19, 6, 7, 21, 20, 7, 8, 22, 21, 8, 9, 23, 22, 9, 10, 24, 23, 10, 11, 25, 24, 11, 12, 26, 25, 12, 13, 27, 26]
            uniform token subdivisionScheme = "none"
        }

        def Mesh "Road_537"
        {
            point3f[] points = [(1429.7259, -1707.6874, 5.5090), (1471.1191, -1666.2599, 5.9070), (1472.2178, -1665.1760, 5.8580), (1513.7011, -1624.6727, 6.2100), (1432.2018, -1710.1612, 5.5090), (1473.5945, -1668.7342, 5.9070), (1474.6632, -1667.6799, 5.8580), (1516.1462, -1627.1770, 6.2100)]
            int[] faceVertexCounts = [4, 4, 4]
            int[] faceVertexIndices = [0, 1, 5, 4, 1, 2, 6, 5, 2, 3, 7, 6]
            uniform token subdivisionScheme = "none"
        }

        def Mesh "Road_538"
        {
            point3f[] points = [(1597.0493, -1546.1846, 7.1750), (1589.2784, -1534.2492, 7.0950), (1588.4026, -1532.6858, 7.0880), (1583.8541, -1523.7486, 7.0420), (1581.3158, -1518.2648, 7.0150), (1580.4875, -1516.4287, 7.0190), (1580.0904, -1515.5395, 7.0190), (1573.6224, -1500.9119, 7.0900), (1572.8153, -1499.0842, 7.0890), (1572.2172, -1497.7357, 7.0890), (1566.3080, -1485.0638, 7.0110), (1565.4332, -1483.3514, 7.0030), (1563.5553, -1479.8533, 7.0260), (1562.5957, -1478.1713, 7.0030), (1560.5326, -1474.7730, 6.9850), (1560.0448, -1474.0081, 6.9910), (1557.8272, -1470.7085, 6.9620), (1556.7088, -1469.1265, 6.9400), (1551.7930, -1462.5209, 6.9370), (1551.4266, -1461.9336, 6.9370), (1549.3177, -1458.5411, 6.9530), (1549.1550, -1458.2864, 6.9530), (1546.9599, -1454.9970, 6.9840), (1543.4913, -1450.2197, 7.0200), (1533.4566, -1437.7989, 7.2210), (1599.9824, -1544.2749, 7.1750), (1592.2247, -1532.3600, 7.0950), (1591.5132, -1531.0814, 7.0880), (1586.9953, -1522.2049, 7.0420), (1584.4957, -1516.8026, 7.0150), (1583.6797, -1514.9934, 7.0190), (1583.2912, -1514.1234, 7.0190), (1576.8235, -1499.4967, 7.0900), (1576.0160, -1497.6680, 7.0890), (1575.3920, -1496.2623, 7.0890), (1569.4734, -1483.5704, 7.0110), (1568.5283, -1481.7173, 7.0030), (1566.6247, -1478.1713, 7.0260), (1565.6038, -1476.3822, 7.0030), (1563.5166, -1472.9438, 6.9850), (1562.9588, -1472.0694, 6.9910), (1560.7166, -1468.7333, 6.9620), (1559.5265, -1467.0503, 6.9400), (1554.6127, -1460.4475, 6.9370), (1554.4008, -1460.0886, 6.9370), (1552.2883, -1456.6902, 6.9530), (1552.0691, -1456.3479, 6.9530), (1549.8240, -1452.9853, 6.9840), (1546.2443, -1448.0586, 7.0200), (1536.1791, -1435.5994, 7.2210)]
            int[] faceVertexCounts = [4, 4, 4, 4, 4, 4, 4, 4, 4, 4, 4, 4, 4, 4, 4, 4, 4, 4, 4, 4, 4, 4, 4, 4]
            int[] faceVertexIndices = [0, 1, 26, 25, 1, 2, 27, 26, 2, 3, 28, 27, 3, 4, 29, 28, 4, 5, 30, 29, 5, 6, 31, 30, 6, 7, 32, 31, 7, 8, 33, 32, 8, 9, 34, 33, 9, 10, 35, 34, 10, 11, 36, 35, 11, 12, 37, 36, 12, 13, 38, 37, 13, 14, 39, 38, 14, 15, 40, 39, 15, 16, 41, 40, 16, 17, 42, 41, 17, 18, 43, 42, 18, 19, 44, 43, 19, 20, 45, 44, 20, 21, 46, 45, 21, 22, 47, 46, 22, 23, 48, 47, 23, 24, 49, 48]
            uniform token subdivisionScheme = "none"
        }

        def Mesh "Road_539"
        {
            point3f[] points = [(1533.5432, -1435.5001, 7.2210), (1553.3639, -1414.4295, 7.1490), (1587.3971, -1377.2683, 7.2670), (1536.0925, -1437.8982, 7.2210), (1555.9335, -1416.8059, 7.1490), (1589.9782, -1379.6322, 7.2670)]
            int[] faceVertexCounts = [4, 4]
            int[] faceVertexIndices = [0, 1, 4, 3, 1, 2, 5, 4]
            uniform token subdivisionScheme = "none"
        }

        def Mesh "Road_540"
        {
            point3f[] points = [(769.0361, -932.1497, 6.6960), (769.8709, -931.7404, 6.6960), (816.9175, -909.1419, 6.8380), (866.1553, -887.0905, 6.7060), (877.6585, -882.0136, 6.6920), (885.0635, -878.7467, 6.6350), (886.7612, -877.9353, 6.6350), (888.3246, -877.0199, 6.6230), (889.7238, -875.9352, 6.6040), (891.0134, -874.6249, 6.6010), (891.3312, -874.2378, 6.6010), (892.3627, -872.7103, 6.5730), (893.1753, -871.0957, 6.5670), (893.8564, -869.3593, 6.5530), (894.4450, -867.5482, 6.5990), (894.9548, -865.6688, 6.6000), (895.0537, -865.2661, 6.6000), (895.4796, -863.3683, 6.5910), (896.1816, -859.5023, 6.6440), (896.6797, -855.6524, 6.6760), (897.5615, -843.7141, 6.7810), (897.6828, -842.1368, 6.7930), (900.2753, -818.2849, 6.9290), (900.4671, -816.7928, 6.9260), (905.0860, -783.1214, 7.2790), (770.5771, -935.2922, 6.6960), (771.3868, -934.8951, 6.6960), (818.3899, -912.3171, 6.8380), (867.5826, -890.2863, 6.7060), (879.0715, -885.2157, 6.6920), (886.4958, -881.9402, 6.6350), (888.4042, -881.0257, 6.6350), (890.2869, -879.9180, 6.6230), (892.0462, -878.5537, 6.6040), (893.5640, -877.0217, 6.6010), (894.1840, -876.2655, 6.6010), (895.3830, -874.4789, 6.5730), (896.3700, -872.5253, 6.5670), (897.1510, -870.5409, 6.5530), (897.7991, -868.5482, 6.5990), (898.3367, -866.5702, 6.6000), (898.4659, -866.0450, 6.6000), (898.9145, -864.0402, 6.5910), (899.6402, -860.0391, 6.6440), (900.1664, -855.9580, 6.6760), (901.0519, -843.9729, 6.7810), (901.1631, -842.5084, 6.7930), (903.7544, -818.6670, 6.9290), (903.9348, -817.2673, 6.9260), (908.5536, -783.5970, 7.2790)]
            int[] faceVertexCounts = [4, 4, 4, 4, 4, 4, 4, 4, 4, 4, 4, 4, 4, 4, 4, 4, 4, 4, 4, 4, 4, 4, 4, 4]
            int[] faceVertexIndices = [0, 1, 26, 25, 1, 2, 27, 26, 2, 3, 28, 27, 3, 4, 29, 28, 4, 5, 30, 29, 5, 6, 31, 30, 6, 7, 32, 31, 7, 8, 33, 32, 8, 9, 34, 33, 9, 10, 35, 34, 10, 11, 36, 35, 11, 12, 37, 36, 12, 13, 38, 37, 13, 14, 39, 38, 14, 15, 40, 39, 15, 16, 41, 40, 16, 17, 42, 41, 17, 18, 43, 42, 18, 19, 44, 43, 19, 20, 45, 44, 20, 21, 46, 45, 21, 22, 47, 46, 22, 23, 48, 47, 23, 24, 49, 48]
            uniform token subdivisionScheme = "none"
        }

        def Mesh "Road_541"
        {
            point3f[] points = [(1098.5572, -318.8464, 6.1060), (1097.5596, -313.7308, 6.0630), (1098.0047, -308.4865, 6.0400), (1099.9299, -298.2581, 6.1110), (1103.1287, -282.9165, 6.1660), (1109.5654, -252.0249, 6.3340), (1101.9903, -318.1651, 6.1060), (1101.0543, -313.5373, 6.0630), (1101.4631, -309.0246, 6.0400), (1103.3616, -298.9460, 6.1110), (1106.5550, -283.6306, 6.1660), (1112.9918, -252.7389, 6.3340)]
            int[] faceVertexCounts = [4, 4, 4, 4, 4]
            int[] faceVertexIndices = [0, 1, 7, 6, 1, 2, 8, 7, 2, 3, 9, 8, 3, 4, 10, 9, 4, 5, 11, 10]
            uniform token subdivisionScheme = "none"
        }

        def Mesh "Road_542"
        {
            point3f[] points = [(1053.9029, -778.3602, 7.0100), (1055.1064, -771.5986, 7.0150), (1055.4273, -769.5851, 7.1030), (1055.9030, -767.5515, 7.2310), (1056.1379, -766.7579, 7.1360), (1057.3898, -762.9720, 7.3050), (1057.9784, -760.9929, 7.3310), (1058.4612, -759.1362, 7.3370), (1060.1970, -751.3404, 7.4210), (1060.4442, -750.3025, 7.4210), (1062.9566, -740.6257, 7.4530), (1063.0698, -740.1718, 7.4530), (1065.4108, -730.4543, 7.3500), (1065.5513, -729.8975, 7.3500), (1068.1226, -720.2371, 7.2540), (1068.3502, -719.3797, 7.2390), (1070.2712, -711.7194, 7.1390), (1057.3488, -778.9735, 7.0100), (1058.5548, -772.1975, 7.0150), (1058.8618, -770.2594, 7.1030), (1059.2980, -768.4024, 7.2310), (1059.4659, -767.8415, 7.1360), (1060.7242, -764.0358, 7.3050), (1061.3495, -761.9339, 7.3310), (1061.8721, -759.9209, 7.3370), (1063.6121, -752.1067, 7.4210), (1063.8335, -751.1757, 7.4210), (1066.3447, -741.5038, 7.4530), (1066.4722, -740.9928, 7.4530), (1068.8130, -731.2759, 7.3500), (1068.9341, -730.7955, 7.3500), (1071.5049, -721.1371, 7.2540), (1071.7439, -720.2358, 7.2390), (1073.6661, -712.5707, 7.1390)]
            int[] faceVertexCounts = [4, 4, 4, 4, 4, 4, 4, 4, 4, 4, 4, 4, 4, 4, 4, 4]
            int[] faceVertexIndices = [0, 1, 18, 17, 1, 2, 19, 18, 2, 3, 20, 19, 3, 4, 21, 20, 4, 5, 22, 21, 5, 6, 23, 22, 6, 7, 24, 23, 7, 8, 25, 24, 8, 9, 26, 25, 9, 10, 27, 26, 10, 11, 28, 27, 11, 12, 29, 28, 12, 13, 30, 29, 13, 14, 31, 30, 14, 15, 32, 31, 15, 16, 33, 32]
            uniform token subdivisionScheme = "none"
        }

        def Mesh "Road_543"
        {
            point3f[] points = [(283.0362, -389.9302, 7.7640), (296.0181, -384.7230, 7.4830), (309.6653, -378.7614, 7.5590), (325.4978, -371.9969, 7.4570), (339.8217, -365.7787, 6.7720), (351.7173, -360.7873, 6.4250), (366.3260, -355.3622, 6.0590), (380.8387, -351.0780, 5.9390), (403.3836, -345.4476, 5.8390), (284.3393, -393.1786, 7.7640), (297.3718, -387.9506, 7.4830), (311.0525, -381.9748, 7.5590), (326.8818, -375.2116, 7.4570), (341.1977, -368.9969, 6.7720), (352.9977, -364.0446, 6.4250), (367.4331, -358.6825, 6.0590), (381.7430, -354.4591, 5.9390), (404.2316, -348.8433, 5.8390)]
            int[] faceVertexCounts = [4, 4, 4, 4, 4, 4, 4, 4]
            int[] faceVertexIndices = [0, 1, 10, 9, 1, 2, 11, 10, 2, 3, 12, 11, 3, 4, 13, 12, 4, 5, 14, 13, 5, 6, 15, 14, 6, 7, 16, 15, 7, 8, 17, 16]
            uniform token subdivisionScheme = "none"
        }

        def Mesh "Road_544"
        {
            point3f[] points = [(1760.2919, -332.2613, 4.1630), (1759.5694, -314.1764, 4.4060), (1759.6947, -310.0352, 4.4230), (1760.0257, -305.9625, 4.4130), (1760.5543, -301.9508, 4.4980), (1760.6345, -301.4564, 4.5080), (1762.9180, -289.6847, 4.6500), (1763.0940, -288.5945, 4.6500), (1763.3693, -286.6671, 4.6760), (1763.7945, -282.7498, 4.7840), (1764.0486, -278.8525, 4.8210), (1764.2533, -268.8854, 4.9990), (1764.2481, -268.0864, 5.0210), (1764.2213, -266.1353, 5.0620), (1763.9449, -260.1846, 5.1120), (1763.7466, -258.3106, 5.1170), (1763.4630, -256.4094, 5.0740), (1763.0909, -254.4991, 5.0740), (1762.9332, -253.8079, 5.0940), (1762.4392, -251.9262, 5.0800), (1761.8699, -250.0869, 5.0740), (1761.2344, -248.2904, 5.0540), (1758.9938, -242.7517, 5.0210), (1758.8330, -242.3801, 5.0210), (1744.9442, -213.5575, 4.8300), (1727.0308, -175.4698, 4.6350), (1726.5285, -174.4803, 4.6580), (1725.6430, -172.7519, 4.6120), (1710.1319, -144.7844, 4.5040), (1709.2041, -143.1541, 4.4810), (1687.9972, -106.9255, 4.2980), (1687.4990, -106.1330, 4.2800), (1686.4490, -104.4860, 4.2690), (1683.0880, -99.5679, 4.2160), (1681.9271, -98.0649, 4.1790), (1680.7926, -96.6804, 4.2060), (1678.2274, -93.5964, 4.1800), (1677.0620, -92.0991, 4.1250), (1674.6896, -88.7891, 4.1470), (1670.3109, -82.0682, 4.0880), (1669.5987, -80.9815, 4.0650), (1667.4152, -77.7025, 3.9830), (1647.5725, -50.1223, 3.7290), (1647.1643, -49.5609, 3.7290), (1627.0208, -22.1935, 3.6620), (1625.9441, -20.8136, 3.6550), (1624.7421, -19.2885, 3.6550), (1610.5817, -2.4760, 3.5540), (1610.0470, -1.8807, 3.4370), (1608.7417, -0.4383, 0.3000), (1599.0249, 9.6095, 0.3000), (1597.9554, 10.6257, 0.3000), (1590.7302, 17.2127, 0.3000), (1575.8541, 26.2530, 0.3000), (1558.6495, 36.4093, 0.3000), (1557.9929, 36.7765, 0.3000), (1543.9685, 44.4659, 0.3000), (1542.3438, 45.3862, 0.3000), (1533.7568, 50.5964, 0.3000), (1527.0863, 55.1434, 0.3000), (1523.8411, 57.5697, 0.3000), (1523.4042, 57.9095, 0.3000), (1517.1854, 63.0414, 0.3000), (1506.8490, 72.6201, 0.3000), (1498.3328, 81.1622, 0.3000), (1494.2768, 85.6879, 0.3000), (1492.7468, 87.5268, 0.3000), (1489.0707, 92.3363, 0.3000), (1486.7594, 95.7099, 0.3000), (1484.6015, 99.1668, 0.3000), (1482.6106, 102.7026, 0.3000), (1481.6632, 104.5257, 0.3000), (1480.8939, 106.0890, 0.3000), (1473.6879, 122.5738, 0.3000), (1472.8458, 124.3038, 0.3000), (1472.4596, 125.0638, 0.3000), (1464.4512, 138.9101, 0.3000), (1463.4842, 140.7814, 0.3000), (1462.5566, 142.7525, 0.3000), (1461.7570, 144.7589, 0.3000), (1461.2135, 146.8735, 0.3000), (1461.0585, 149.1374, 0.3000), (1461.1913, 151.2609, 0.3000), (1461.2627, 152.0239, 0.3000), (1763.7891, -332.1215, 4.1630), (1763.0681, -314.0814, 4.4060), (1763.1892, -310.2310, 4.4230), (1763.5061, -306.3332, 4.4130), (1764.0230, -302.4177, 4.4980), (1764.0711, -302.1194, 4.5080), (1766.3558, -290.3417, 4.6500), (1766.5553, -289.1130, 4.6500), (1766.8445, -287.0836, 4.6760), (1767.2815, -283.0522, 4.7840), (1767.5467, -278.9688, 4.8210), (1767.7527, -268.9501, 4.9990), (1767.7478, -268.0458, 5.0210), (1767.7187, -266.0011, 5.0620), (1767.4384, -259.9712, 5.1120), (1767.2187, -257.8693, 5.1170), (1766.9124, -255.8168, 5.0740), (1766.5203, -253.7994, 5.0740), (1766.3264, -252.9498, 5.0940), (1765.8043, -250.9640, 5.0800), (1765.1920, -248.9851, 5.0740), (1764.4932, -247.0137, 5.0540), (1762.2357, -241.4326, 5.0210), (1761.9869, -240.8627, 5.0210), (1748.1053, -212.0551, 4.8300), (1730.1968, -173.9777, 4.6350), (1729.6456, -172.8886, 4.6580), (1728.7070, -171.0602, 4.6120), (1713.1917, -143.0850, 4.5040), (1712.2256, -141.3876, 4.4810), (1691.0165, -105.1552, 4.2980), (1690.4544, -104.2579, 4.2800), (1689.3542, -102.5341, 4.2690), (1685.9490, -97.5518, 4.2160), (1684.6683, -95.8887, 4.1790), (1683.4886, -94.4485, 4.2060), (1680.9406, -91.3854, 4.1800), (1679.8812, -90.0249, 4.1250), (1677.5935, -86.8352, 4.1470), (1673.2427, -80.1566, 4.0880), (1672.5151, -79.0464, 4.0650), (1670.2641, -75.6692, 3.9830), (1650.4134, -48.0779, 3.7290), (1649.9833, -47.4865, 3.7290), (1629.8366, -20.1148, 3.6620), (1628.6979, -18.6534, 3.6550), (1627.4251, -17.0410, 3.6550), (1613.2561, -0.2182, 3.5540), (1612.6448, 0.4649, 3.4370), (1611.2676, 1.9844, 0.3000), (1601.5306, 12.0532, 0.3000), (1600.3179, 13.2081, 0.3000), (1592.7518, 20.0699, 0.3000), (1577.6516, 29.2561, 0.3000), (1560.4261, 39.4249, 0.3000), (1559.6769, 39.8447, 0.3000), (1545.6554, 47.5325, 0.3000), (1544.1455, 48.3869, 0.3000), (1535.6423, 53.5451, 0.3000), (1529.0998, 58.0062, 0.3000), (1525.9428, 60.3684, 0.3000), (1525.6270, 60.6130, 0.3000), (1519.5102, 65.6577, 0.3000), (1509.2744, 75.1434, 0.3000), (1500.8550, 83.5888, 0.3000), (1496.9071, 87.9969, 0.3000), (1495.5030, 89.6840, 0.3000), (1491.8950, 94.4035, 0.3000), (1489.6883, 97.6259, 0.3000), (1487.6118, 100.9525, 0.3000), (1485.6796, 104.3853, 0.3000), (1484.7843, 106.1095, 0.3000), (1484.0954, 107.5032, 0.3000), (1476.8892, 123.9886, 0.3000), (1475.9836, 125.8543, 0.3000), (1475.4945, 126.8072, 0.3000), (1467.4903, 140.6463, 0.3000), (1466.6238, 142.3283, 0.3000), (1465.7652, 144.1507, 0.3000), (1465.0809, 145.8550, 0.3000), (1464.6699, 147.4241, 0.3000), (1464.5585, 149.1417, 0.3000), (1464.6822, 151.0089, 0.3000), (1464.7472, 151.6958, 0.3000)]
            int[] faceVertexCounts = [4, 4, 4, 4, 4, 4, 4, 4, 4, 4, 4, 4, 4, 4, 4, 4, 4, 4, 4, 4, 4, 4, 4, 4, 4, 4, 4, 4, 4, 4, 4, 4, 4, 4, 4, 4, 4, 4, 4, 4, 4, 4, 4, 4, 4, 4, 4, 4, 4, 4, 4, 4, 4, 4, 4, 4, 4, 4, 4, 4, 4, 4, 4, 4, 4, 4, 4, 4, 4, 4, 4, 4, 4, 4, 4, 4, 4, 4, 4, 4, 4, 4, 4]
            int[] faceVertexIndices = [0, 1, 85, 84, 1, 2, 86, 85, 2, 3, 87, 86, 3, 4, 88, 87, 4, 5, 89, 88, 5, 6, 90, 89, 6, 7, 91, 90, 7, 8, 92, 91, 8, 9, 93, 92, 9, 10, 94, 93, 10, 11, 95, 94, 11, 12, 96, 95, 12, 13, 97, 96, 13, 14, 98, 97, 14, 15, 99, 98, 15, 16, 100, 99, 16, 17, 101, 100, 17, 18, 102, 101, 18, 19, 103, 102, 19, 20, 104, 103, 20, 21, 105, 104, 21, 22, 106, 105, 22, 23, 107, 106, 23, 24, 108, 107, 24, 25, 109, 108, 25, 26, 110, 109, 26, 27, 111, 110, 27, 28, 112, 111, 28, 29, 113, 112, 29, 30, 114, 113, 30, 31, 115, 114, 31, 32, 116, 115, 32, 33, 117, 116, 33, 34, 118, 117, 34, 35, 119, 118, 35, 36, 120, 119, 36, 37, 121, 120, 37, 38, 122, 121, 38, 39, 123, 122, 39, 40, 124, 123, 40, 41, 125, 124, 41, 42, 126, 125, 42, 43, 127, 126, 43, 44, 128, 127, 44, 45, 129, 128, 45, 46, 130, 129, 46, 47, 131, 130, 47, 48, 132, 131, 48, 49, 133, 132, 49, 50, 134, 133, 50, 51, 135, 134, 51, 52, 136, 135, 52, 53, 137, 136, 53, 54, 138, 137, 54, 55, 139, 138, 55, 56, 140, 139, 56, 57, 141, 140, 57, 58, 142, 141, 58, 59, 143, 142, 59, 60, 144, 143, 60, 61, 145, 144, 61, 62, 146, 145, 62, 63, 147, 146, 63, 64, 148, 147, 64, 65, 149, 148, 65, 66, 150, 149, 66, 67, 151, 150, 67, 68, 152, 151, 68, 69, 153, 152, 69, 70, 154, 153, 70, 71, 155, 154, 71, 72, 156, 155, 72, 73, 157, 156, 73, 74, 158, 157, 74, 75, 159, 158, 75, 76, 160, 159, 76, 77, 161, 160, 77, 78, 162, 161, 78, 79, 163, 162, 79, 80, 164, 163, 80, 81, 165, 164, 81, 82, 166, 165, 82, 83, 167, 166]
            uniform token subdivisionScheme = "none"
        }

        def Mesh "Road_545"
        {
            point3f[] points = [(69.1881, -474.7647, 4.8920), (62.4434, -473.1572, 4.7320), (55.9380, -471.2589, 4.6910), (46.1987, -466.9929, 4.7300), (35.9330, -462.2013, 4.7640), (26.8278, -457.8412, 4.8220), (7.4014, -449.3485, 4.9890), (6.1795, -448.8379, 4.9940), (-3.0788, -445.0648, 0.3000), (-4.8648, -444.3120, 0.3000), (-13.9929, -440.2018, 0.3000), (-16.8222, -438.8426, 0.3000), (69.9994, -471.3600, 4.8920), (63.3364, -469.7730, 4.7320), (57.1810, -467.9870, 4.6910), (47.6428, -463.8047, 4.7300), (37.4281, -459.0367, 4.7640), (28.2654, -454.6501, 4.8220), (8.8003, -446.1402, 4.9890), (7.5039, -445.5982, 4.9940), (-1.7518, -441.8260, 0.3000), (-3.4401, -441.1151, 0.3000), (-12.5371, -437.0189, 0.3000), (-15.3064, -435.6879, 0.3000)]
            int[] faceVertexCounts = [4, 4, 4, 4, 4, 4, 4, 4, 4, 4, 4]
            int[] faceVertexIndices = [0, 1, 13, 12, 1, 2, 14, 13, 2, 3, 15, 14, 3, 4, 16, 15, 4, 5, 17, 16, 5, 6, 18, 17, 6, 7, 19, 18, 7, 8, 20, 19, 8, 9, 21, 20, 9, 10, 22, 21, 10, 11, 23, 22]
            uniform token subdivisionScheme = "none"
        }

        def Mesh "Road_546"
        {
            point3f[] points = [(1950.5450, -153.6749, 4.0530), (1943.8486, -151.9305, 4.0140), (1932.3595, -151.4221, 4.0550), (1951.4202, -150.2860, 4.0530), (1944.2805, -148.4573, 4.0140), (1932.5159, -147.9256, 4.0550)]
            int[] faceVertexCounts = [4, 4]
            int[] faceVertexIndices = [0, 1, 4, 3, 1, 2, 5, 4]
            uniform token subdivisionScheme = "none"
        }

        def Mesh "Road_547"
        {
            point3f[] points = [(1413.1192, -71.1312, 4.5990), (1413.3827, -70.8471, 4.5810), (1429.5476, -53.1225, 4.2880), (1430.6901, -51.8234, 4.2300), (1442.4754, -38.2306, 3.9490), (1443.5348, -37.0075, 3.9490), (1454.0547, -24.9594, 3.7680), (1455.0041, -23.8779, 3.7190), (1465.6432, -11.9333, 3.5090), (1466.5653, -10.9199, 3.4770), (1471.2745, -5.6984, 3.3590), (1415.6859, -73.5107, 4.5990), (1415.9684, -73.2059, 4.5810), (1432.1365, -55.4778, 4.2880), (1433.3331, -54.1179, 4.2300), (1445.1199, -40.5233, 3.9490), (1446.1721, -39.3085, 3.9490), (1456.6907, -27.2619, 3.7680), (1457.6191, -26.2043, 3.7190), (1468.2548, -14.2634, 3.5090), (1469.1627, -13.2658, 3.4770), (1473.8736, -8.0425, 3.3590)]
            int[] faceVertexCounts = [4, 4, 4, 4, 4, 4, 4, 4, 4, 4]
            int[] faceVertexIndices = [0, 1, 12, 11, 1, 2, 13, 12, 2, 3, 14, 13, 3, 4, 15, 14, 4, 5, 16, 15, 5, 6, 17, 16, 6, 7, 18, 17, 7, 8, 19, 18, 8, 9, 20, 19, 9, 10, 21, 20]
            uniform token subdivisionScheme = "none"
        }

        def Mesh "Road_548"
        {
            point3f[] points = [(1701.1533, -348.2539, 5.9920), (1700.3818, -341.2493, 5.7540), (1700.0098, -333.1021, 5.4390), (1700.0758, -320.9112, 5.1540), (1699.9407, -300.9283, 4.8730), (1699.9350, -299.3998, 4.8470), (1700.6697, -271.4176, 4.6300), (1700.7704, -269.4260, 4.6380), (1701.9415, -243.4668, 4.6880), (1701.9479, -242.8352, 4.6880), (1701.7828, -228.8460, 4.5590), (1701.7743, -228.4767, 4.5590), (1704.6322, -347.8702, 5.9920), (1703.8718, -340.9854, 5.7540), (1703.5094, -333.0500, 5.4390), (1703.5758, -320.9037, 5.1540), (1703.4406, -300.9053, 4.8730), (1703.4340, -299.4863, 4.8470), (1704.1683, -271.5150, 4.6300), (1704.2667, -269.5851, 4.6380), (1705.4381, -243.6213, 4.6880), (1705.4477, -242.7978, 4.6880), (1705.2825, -228.8037, 4.5590), (1705.2734, -228.3974, 4.5590)]
            int[] faceVertexCounts = [4, 4, 4, 4, 4, 4, 4, 4, 4, 4, 4]
            int[] faceVertexIndices = [0, 1, 13, 12, 1, 2, 14, 13, 2, 3, 15, 14, 3, 4, 16, 15, 4, 5, 17, 16, 5, 6, 18, 17, 6, 7, 19, 18, 7, 8, 20, 19, 8, 9, 21, 20, 9, 10, 22, 21, 10, 11, 23, 22]
            uniform token subdivisionScheme = "none"
        }

        def Mesh "Road_549"
        {
            point3f[] points = [(1193.4972, -563.9417, 6.6840), (1169.8327, -554.5121, 6.6450), (1149.8153, -546.1169, 6.5770), (1126.8165, -537.4123, 6.4150), (1194.7928, -560.6903, 6.6840), (1171.1550, -551.2715, 6.6450), (1151.1082, -542.8645, 6.5770), (1128.0554, -534.1389, 6.4150)]
            int[] faceVertexCounts = [4, 4, 4]
            int[] faceVertexIndices = [0, 1, 5, 4, 1, 2, 6, 5, 2, 3, 7, 6]
            uniform token subdivisionScheme = "none"
        }

        def Mesh "Road_550"
        {
            point3f[] points = [(1501.2943, -392.2816, 6.8820), (1458.7696, -386.2562, 6.9270), (1452.6099, -385.1403, 6.9810), (1434.9706, -381.3573, 6.9440), (1425.2635, -378.7040, 6.9090), (1423.9249, -378.2978, 6.8890), (1414.4018, -375.0819, 6.8190), (1405.0335, -371.3243, 6.7930), (1395.9464, -367.0364, 6.7500), (1395.5368, -366.8278, 6.7500), (1385.0161, -360.9965, 6.7220), (1376.4479, -355.7651, 6.6960), (1374.9777, -354.8392, 6.7140), (1349.9227, -338.3576, 6.6750), (1348.7781, -337.5722, 6.7040), (1316.0781, -314.5637, 6.7370), (1314.8024, -313.6739, 6.7370), (1285.0253, -293.4695, 6.8970), (1284.2354, -292.9402, 6.8890), (1257.4852, -275.4135, 6.8930), (1255.8635, -274.4225, 6.8860), (1234.9695, -262.6713, 6.8550), (1231.4672, -260.8636, 6.8470), (1230.0815, -260.1597, 6.8360), (1215.6561, -253.3491, 6.8450), (1208.3229, -250.4044, 6.8330), (1204.6108, -249.0968, 6.8380), (1203.0896, -248.5969, 6.8150), (1195.2318, -246.2648, 6.8410), (1501.7853, -388.8162, 6.8820), (1459.2774, -382.7933, 6.9270), (1453.3159, -381.7123, 6.9810), (1435.7724, -377.9504, 6.9440), (1426.1975, -375.3310, 6.9090), (1425.0325, -374.9777, 6.8890), (1415.6135, -371.7983, 6.8190), (1406.4324, -368.1161, 6.7930), (1397.4434, -363.8727, 6.7500), (1397.2304, -363.7648, 6.7500), (1386.7710, -357.9683, 6.7220), (1378.2778, -352.7816, 6.6960), (1376.8981, -351.9131, 6.7140), (1351.8487, -335.4351, 6.6750), (1350.7911, -334.7090, 6.7040), (1318.0917, -311.7009, 6.7370), (1316.7692, -310.7787, 6.7370), (1286.9900, -290.5729, 6.8970), (1286.1544, -290.0132, 6.8890), (1259.3978, -272.4823, 6.8930), (1257.5877, -271.3767, 6.8860), (1236.6696, -259.6120, 6.8550), (1233.0669, -257.7506, 6.8470), (1231.5840, -256.9986, 6.8360), (1217.0877, -250.1552, 6.8450), (1209.5808, -247.1382, 6.8330), (1205.7532, -245.7885, 6.8380), (1204.1018, -245.2465, 6.8150), (1196.2277, -242.9094, 6.8410)]
            int[] faceVertexCounts = [4, 4, 4, 4, 4, 4, 4, 4, 4, 4, 4, 4, 4, 4, 4, 4, 4, 4, 4, 4, 4, 4, 4, 4, 4, 4, 4, 4]
            int[] faceVertexIndices = [0, 1, 30, 29, 1, 2, 31, 30, 2, 3, 32, 31, 3, 4, 33, 32, 4, 5, 34, 33, 5, 6, 35, 34, 6, 7, 36, 35, 7, 8, 37, 36, 8, 9, 38, 37, 9, 10, 39, 38, 10, 11, 40, 39, 11, 12, 41, 40, 12, 13, 42, 41, 13, 14, 43, 42, 14, 15, 44, 43, 15, 16, 45, 44, 16, 17, 46, 45, 17, 18, 47, 46, 18, 19, 48, 47, 19, 20, 49, 48, 20, 21, 50, 49, 21, 22, 51, 50, 22, 23, 52, 51, 23, 24, 53, 52, 24, 25, 54, 53, 25, 26, 55, 54, 26, 27, 56, 55, 27, 28, 57, 56]
            uniform token subdivisionScheme = "none"
        }

        def Mesh "Road_551"
        {
            point3f[] points = [(278.6123, -48.3074, 3.8530), (282.7344, -46.1122, 3.7740), (283.9086, -45.5156, 3.7520), (292.8619, -41.0741, 3.7180), (294.5592, -40.2045, 3.7480), (301.5666, -36.3809, 3.7850), (302.6757, -35.7502, 3.7850), (309.6013, -31.7573, 3.8480), (311.0780, -30.9016, 3.7780), (317.9604, -26.8599, 3.8730), (319.5956, -25.8159, 3.9210), (320.2806, -25.3634, 3.9210), (326.8636, -20.8065, 3.9450), (328.8002, -19.5620, 3.9780), (333.9869, -16.5420, 3.9590), (335.6220, -15.5033, 3.9720), (335.9339, -15.2906, 3.9720), (337.4957, -14.1287, 4.0000), (340.6175, -11.6420, 3.9970), (342.0796, -10.5295, 3.9920), (343.8022, -9.3539, 3.9980), (345.5841, -8.2659, 3.9980), (347.4364, -7.2609, 3.9700), (352.8249, -4.6680, 3.8680), (353.5205, -4.1804, 3.8860), (280.2574, -51.3967, 3.8530), (284.3667, -49.2083, 3.7740), (285.4673, -48.6494, 3.7520), (294.4240, -44.2062, 3.7180), (296.2200, -43.2854, 3.7480), (303.2506, -39.4492, 3.7850), (304.4213, -38.7838, 3.7850), (311.3506, -34.7888, 3.8480), (312.8472, -33.9215, 3.7780), (319.7549, -29.8648, 3.8730), (321.4924, -28.7574, 3.9210), (322.2666, -28.2454, 3.9210), (328.8344, -23.6989, 3.9450), (330.5969, -22.5656, 3.9780), (335.7769, -19.5496, 3.9590), (337.5170, -18.4459, 3.9720), (338.0013, -18.1147, 3.9720), (339.6463, -16.8901, 4.0000), (342.7797, -14.3942, 3.9970), (344.1221, -13.3717, 3.9920), (345.7013, -12.2938, 3.9980), (347.3316, -11.2984, 3.9980), (348.9926, -10.3959, 3.9700), (354.4122, -7.7874, 3.8680), (355.4834, -7.0782, 3.8860)]
            int[] faceVertexCounts = [4, 4, 4, 4, 4, 4, 4, 4, 4, 4, 4, 4, 4, 4, 4, 4, 4, 4, 4, 4, 4, 4, 4, 4]
            int[] faceVertexIndices = [0, 1, 26, 25, 1, 2, 27, 26, 2, 3, 28, 27, 3, 4, 29, 28, 4, 5, 30, 29, 5, 6, 31, 30, 6, 7, 32, 31, 7, 8, 33, 32, 8, 9, 34, 33, 9, 10, 35, 34, 10, 11, 36, 35, 11, 12, 37, 36, 12, 13, 38, 37, 13, 14, 39, 38, 14, 15, 40, 39, 15, 16, 41, 40, 16, 17, 42, 41, 17, 18, 43, 42, 18, 19, 44, 43, 19, 20, 45, 44, 20, 21, 46, 45, 21, 22, 47, 46, 22, 23, 48, 47, 23, 24, 49, 48]
            uniform token subdivisionScheme = "none"
        }

        def Mesh "Road_552"
        {
            point3f[] points = [(692.5849, -559.2068, 6.5380), (693.6658, -550.3530, 6.5150), (693.8720, -548.7148, 6.5090), (698.1637, -512.1521, 6.6590), (700.3978, -493.1205, 6.7220), (700.5050, -492.1835, 6.7220), (701.2792, -486.1971, 6.7990), (702.3041, -480.2223, 6.8350), (702.8073, -478.1483, 6.8680), (703.4026, -476.1485, 6.8970), (704.0964, -474.1800, 6.9490), (704.8796, -472.2711, 6.9730), (705.2768, -471.3990, 7.0420), (706.2014, -469.5557, 7.0420), (707.2433, -467.7159, 7.0960), (709.4681, -464.2967, 7.3180), (711.8405, -461.0180, 7.6040), (712.2946, -460.4180, 7.6040), (716.0551, -455.6723, 7.9260), (723.9476, -446.6028, 8.7360), (724.2437, -446.2754, 8.7360), (696.0591, -559.6309, 6.5380), (697.1397, -550.7792, 6.5150), (697.3480, -549.1241, 6.5090), (701.6398, -512.5602, 6.6590), (703.8740, -493.5281, 6.7220), (703.9770, -492.6253, 6.7220), (704.7403, -486.7174, 6.7990), (705.7430, -480.8735, 6.8350), (706.1859, -479.0619, 6.8680), (706.7313, -477.2299, 6.8970), (707.3669, -475.4267, 6.9490), (708.1019, -473.6372, 6.9730), (708.4231, -472.9322, 7.0420), (709.2899, -471.2022, 7.0420), (710.2158, -469.5637, 7.0960), (712.3535, -466.2777, 7.3180), (714.6694, -463.0790, 7.6040), (715.0431, -462.5850, 7.6040), (718.7304, -457.9291, 7.9260), (726.5863, -448.9022, 8.7360), (726.8378, -448.6250, 8.7360)]
            int[] faceVertexCounts = [4, 4, 4, 4, 4, 4, 4, 4, 4, 4, 4, 4, 4, 4, 4, 4, 4, 4, 4, 4]
            int[] faceVertexIndices = [0, 1, 22, 21, 1, 2, 23, 22, 2, 3, 24, 23, 3, 4, 25, 24, 4, 5, 26, 25, 5, 6, 27, 26, 6, 7, 28, 27, 7, 8, 29, 28, 8, 9, 30, 29, 9, 10, 31, 30, 10, 11, 32, 31, 11, 12, 33, 32, 12, 13, 34, 33, 13, 14, 35, 34, 14, 15, 36, 35, 15, 16, 37, 36, 16, 17, 38, 37, 17, 18, 39, 38, 18, 19, 40, 39, 19, 20, 41, 40]
            uniform token subdivisionScheme = "none"
        }

        def Mesh "Road_553"
        {
            point3f[] points = [(2145.0358, -600.0077, 6.5640), (2157.8639, -526.7598, 6.6730), (2148.4833, -600.6115, 6.5640), (2161.3114, -527.3636, 6.6730)]
            int[] faceVertexCounts = [4]
            int[] faceVertexIndices = [0, 1, 3, 2]
            uniform token subdivisionScheme = "none"
        }

        def Mesh "Road_554"
        {
            point3f[] points = [(843.5559, -298.3028, 7.1260), (852.9684, -295.3112, 6.9610), (844.6160, -301.6384, 7.1260), (854.0286, -298.6468, 6.9610)]
            int[] faceVertexCounts = [4]
            int[] faceVertexIndices = [0, 1, 3, 2]
            uniform token subdivisionScheme = "none"
        }

        def Mesh "Road_555"
        {
            point3f[] points = [(402.0686, -347.3414, 5.8390), (401.7803, -344.7804, 5.7650), (400.7042, -336.8643, 5.7910), (400.6343, -336.2693, 5.7490), (399.8640, -330.3425, 5.5360), (399.5338, -328.4676, 5.6320), (399.1469, -326.5817, 5.6320), (397.7287, -320.7755, 5.4260), (397.5529, -320.1083, 5.4050), (393.4200, -304.6578, 5.0560), (393.2863, -304.1177, 5.1860), (390.3418, -292.4923, 5.3190), (390.1832, -291.9340, 5.3110), (389.0538, -288.1006, 5.4600), (405.5466, -346.9495, 5.8390), (405.2510, -344.3285, 5.7650), (404.1729, -336.3972, 5.7910), (404.1056, -335.8221, 5.7490), (403.3296, -329.8528, 5.5360), (402.9720, -327.8125, 5.6320), (402.5545, -325.7827, 5.6320), (401.1271, -319.9386, 5.4260), (400.9342, -319.2044, 5.4050), (396.8017, -303.7555, 5.0560), (396.6793, -303.2592, 5.1860), (393.7334, -291.6282, 5.3190), (393.5420, -290.9499, 5.3110), (392.4111, -287.1115, 5.4600)]
            int[] faceVertexCounts = [4, 4, 4, 4, 4, 4, 4, 4, 4, 4, 4, 4, 4]
            int[] faceVertexIndices = [0, 1, 15, 14, 1, 2, 16, 15, 2, 3, 17, 16, 3, 4, 18, 17, 4, 5, 19, 18, 5, 6, 20, 19, 6, 7, 21, 20, 7, 8, 22, 21, 8, 9, 23, 22, 9, 10, 24, 23, 10, 11, 25, 24, 11, 12, 26, 25, 12, 13, 27, 26]
            uniform token subdivisionScheme = "none"
        }

        def Mesh "Road_556"
        {
            point3f[] points = [(1932.3654, -151.4224, 4.0550), (1923.2496, -151.0457, 4.1970), (1932.5099, -147.9254, 4.0550), (1923.3941, -147.5487, 4.1970)]
            int[] faceVertexCounts = [4]
            int[] faceVertexIndices = [0, 1, 3, 2]
            uniform token subdivisionScheme = "none"
        }

        def Mesh "Road_557"
        {
            point3f[] points = [(2005.8922, -172.2415, 4.9030), (1955.6472, -155.5476, 4.1000), (1950.3819, -153.6241, 4.0530), (2006.9957, -168.9200, 4.9030), (1956.7601, -152.2293, 4.1000), (1951.5833, -150.3368, 4.0530)]
            int[] faceVertexCounts = [4, 4]
            int[] faceVertexIndices = [0, 1, 4, 3, 1, 2, 5, 4]
            uniform token subdivisionScheme = "none"
        }

        def Mesh "Road_558"
        {
            point3f[] points = [(1281.0916, -17.8014, 4.6580), (1275.9994, -15.2737, 4.6200), (1270.7523, -14.4627, 4.6630), (1263.7980, -13.8830, 4.6820), (1250.3788, -13.1115, 4.7970), (1230.2959, -11.8525, 4.9510), (1213.5355, -10.5601, 4.8880), (1282.6375, -14.6613, 4.6580), (1277.0705, -11.9416, 4.6200), (1271.1574, -10.9862, 4.6630), (1264.0300, -10.3907, 4.6820), (1250.5905, -9.6179, 4.7970), (1230.5377, -8.3609, 4.9510), (1213.8046, -7.0705, 4.8880)]
            int[] faceVertexCounts = [4, 4, 4, 4, 4, 4]
            int[] faceVertexIndices = [0, 1, 8, 7, 1, 2, 9, 8, 2, 3, 10, 9, 3, 4, 11, 10, 4, 5, 12, 11, 5, 6, 13, 12]
            uniform token subdivisionScheme = "none"
        }

        def Mesh "Road_559"
        {
            point3f[] points = [(1310.4688, -500.9158, 6.3990), (1278.9517, -486.5965, 6.2250), (1277.8301, -486.1007, 6.1830), (1252.3053, -474.6156, 6.2570), (1250.9962, -474.0181, 6.2570), (1223.7338, -461.5267, 6.3270), (1222.4876, -460.9578, 6.3250), (1178.7288, -441.2776, 6.2490), (1177.7282, -440.8281, 6.2490), (1153.5607, -430.7606, 6.3100), (1311.9166, -497.7293, 6.3990), (1280.3983, -483.4095, 6.2250), (1279.2654, -482.9086, 6.1830), (1253.7423, -471.4242, 6.2570), (1252.4539, -470.8361, 6.2570), (1225.1915, -458.3447, 6.3270), (1223.9237, -457.7660, 6.3250), (1180.1643, -438.0855, 6.2490), (1179.0778, -437.5987, 6.2490), (1154.9066, -427.5297, 6.3100)]
            int[] faceVertexCounts = [4, 4, 4, 4, 4, 4, 4, 4, 4]
            int[] faceVertexIndices = [0, 1, 11, 10, 1, 2, 12, 11, 2, 3, 13, 12, 3, 4, 14, 13, 4, 5, 15, 14, 5, 6, 16, 15, 6, 7, 17, 16, 7, 8, 18, 17, 8, 9, 19, 18]
            uniform token subdivisionScheme = "none"
        }

        def Mesh "Road_560"
        {
            point3f[] points = [(1212.0438, -9.4617, 4.8880), (1211.3727, -7.7734, 4.8510), (1210.6069, -5.9150, 4.8410), (1209.7546, -3.6501, 4.9820), (1209.6367, -0.8400, 5.0540), (1211.0997, 1.4353, 0.3000), (1212.6893, 2.9302, 0.3000), (1213.5638, 3.7490, 0.3000), (1216.3811, 6.5838, 0.3000), (1217.5369, 7.6808, 0.3000), (1225.1528, 14.1645, 0.3000), (1226.3222, 15.2112, 0.3000), (1227.7290, 16.5257, 0.3000), (1236.1626, 25.0417, 0.3000), (1237.7276, 26.5970, 0.3000), (1245.0633, 33.4146, 0.3000), (1246.5548, 34.7122, 0.3000), (1258.6884, 45.1290, 0.3000), (1259.3664, 45.7485, 0.3000), (1270.8985, 56.8256, 0.3000), (1271.6798, 57.5736, 0.3000), (1283.3365, 68.5234, 0.3000), (1284.3982, 69.5439, 0.3000), (1290.8995, 75.6414, 0.3000), (1215.2962, -8.1689, 4.8880), (1214.6166, -6.4592, 4.8510), (1213.8590, -4.6213, 4.8410), (1213.1667, -2.8706, 4.9820), (1213.0151, -1.7548, 5.0540), (1213.7436, -0.8582, 0.3000), (1215.0783, 0.3724, 0.3000), (1216.0254, 1.2609, 0.3000), (1218.8448, 4.0979, 0.3000), (1219.8245, 5.0318, 0.3000), (1227.4309, 11.5074, 0.3000), (1228.6875, 12.6314, 0.3000), (1230.2024, 14.0493, 0.3000), (1238.6466, 22.5760, 0.3000), (1240.1255, 24.0475, 0.3000), (1247.4323, 30.8381, 0.3000), (1248.8365, 32.0581, 0.3000), (1260.9731, 42.4776, 0.3000), (1261.7872, 43.2207, 0.3000), (1273.3229, 54.3012, 0.3000), (1274.0777, 55.0240, 0.3000), (1285.7353, 65.9747, 0.3000), (1286.7970, 66.9951, 0.3000), (1293.2938, 73.0885, 0.3000)]
            int[] faceVertexCounts = [4, 4, 4, 4, 4, 4, 4, 4, 4, 4, 4, 4, 4, 4, 4, 4, 4, 4, 4, 4, 4, 4, 4]
            int[] faceVertexIndices = [0, 1, 25, 24, 1, 2, 26, 25, 2, 3, 27, 26, 3, 4, 28, 27, 4, 5, 29, 28, 5, 6, 30, 29, 6, 7, 31, 30, 7, 8, 32, 31, 8, 9, 33, 32, 9, 10, 34, 33, 10, 11, 35, 34, 11, 12, 36, 35, 12, 13, 37, 36, 13, 14, 38, 37, 14, 15, 39, 38, 15, 16, 40, 39, 16, 17, 41, 40, 17, 18, 42, 41, 18, 19, 43, 42, 19, 20, 44, 43, 20, 21, 45, 44, 21, 22, 46, 45, 22, 23, 47, 46]
            uniform token subdivisionScheme = "none"
        }

        def Mesh "Road_561"
        {
            point3f[] points = [(683.7790, -349.8505, 6.1430), (688.3711, -348.5649, 6.2670), (684.7226, -353.2209, 6.1430), (689.3147, -351.9353, 6.2670)]
            int[] faceVertexCounts = [4]
            int[] faceVertexIndices = [0, 1, 3, 2]
            uniform token subdivisionScheme = "none"
        }

        def Mesh "Road_562"
        {
            point3f[] points = [(2433.3613, -698.7103, 0.3000), (2146.2009, -601.9680, 6.5640), (2434.4787, -695.3935, 0.3000), (2147.3183, -598.6512, 6.5640)]
            int[] faceVertexCounts = [4]
            int[] faceVertexIndices = [0, 1, 3, 2]
            uniform token subdivisionScheme = "none"
        }

        def Mesh "Road_563"
        {
            point3f[] points = [(1684.7218, -527.9797, 6.3690), (1668.8978, -452.1889, 5.9900), (1688.1480, -527.2643, 6.3690), (1672.3239, -451.4735, 5.9900)]
            int[] faceVertexCounts = [4]
            int[] faceVertexIndices = [0, 1, 3, 2]
            uniform token subdivisionScheme = "none"
        }

        def Mesh "Road_564"
        {
            point3f[] points = [(1921.5720, -149.3249, 4.1970), (1920.1393, -58.9222, 3.8020), (1917.5540, 8.9782, 0.3000), (1917.4999, 10.9885, 0.3000), (1917.1482, 27.2558, 0.3000), (1925.0716, -149.2695, 4.1970), (1923.6382, -58.8334, 3.8020), (1921.0516, 9.1102, 0.3000), (1920.9991, 11.0662, 0.3000), (1920.6474, 27.3314, 0.3000)]
            int[] faceVertexCounts = [4, 4, 4, 4]
            int[] faceVertexIndices = [0, 1, 6, 5, 1, 2, 7, 6, 2, 3, 8, 7, 3, 4, 9, 8]
            uniform token subdivisionScheme = "none"
        }

        def Mesh "Road_565"
        {
            point3f[] points = [(1470.8380, -7.0914, 3.3590), (1470.0960, -1.2598, 3.2990), (1470.2406, -0.3485, 3.2990), (1470.6427, 1.4044, 0.3000), (1470.6739, 3.1216, 0.3000), (1470.6121, 3.4835, 0.3000), (1470.0058, 5.0611, 0.3000), (1468.9736, 6.5914, 0.3000), (1467.7715, 7.9265, 0.3000), (1466.3794, 9.2349, 0.3000), (1464.8687, 10.6114, 0.3000), (1456.5916, 19.3220, 0.3000), (1455.4353, 20.5944, 0.3000), (1446.8162, 28.9059, 0.3000), (1445.7117, 29.9227, 0.3000), (1433.9727, 40.7841, 0.3000), (1432.5724, 42.0747, 0.3000), (1419.3970, 54.3357, 0.3000), (1417.9440, 55.7403, 0.3000), (1405.3605, 68.6096, 0.3000), (1404.0138, 70.0139, 0.3000), (1399.8648, 74.3502, 0.3000), (1398.7426, 75.5367, 0.3000), (1389.4103, 85.9743, 0.3000), (1388.7175, 86.7906, 0.3000), (1378.7421, 99.2947, 0.3000), (1378.2378, 99.9685, 0.3000), (1371.0275, 109.5425, 0.3000), (1370.1427, 110.6191, 0.3000), (1368.8711, 112.1021, 0.3000), (1367.5645, 113.5287, 0.3000), (1366.2158, 114.8809, 0.3000), (1364.7601, 116.1838, 0.3000), (1361.6735, 118.7050, 0.3000), (1360.7800, 119.4990, 0.3000), (1359.3345, 121.0049, 0.3000), (1357.9952, 122.5347, 0.3000), (1357.0774, 123.5655, 0.3000), (1355.7244, 124.9521, 0.3000), (1354.3258, 126.2940, 0.3000), (1474.3100, -6.6494, 3.3590), (1473.5775, -0.9004, 3.2990), (1473.6448, -1.1620, 3.2990), (1474.1170, 0.9811, 0.3000), (1474.1716, 3.2482, 0.3000), (1473.9429, 4.5586, 0.3000), (1473.1018, 6.6934, 0.3000), (1471.7423, 8.7325, 0.3000), (1470.2757, 10.3717, 0.3000), (1468.7558, 11.8045, 0.3000), (1467.3810, 13.0483, 0.3000), (1459.1353, 21.7261, 0.3000), (1457.8858, 23.0935, 0.3000), (1449.2392, 31.4317, 0.3000), (1448.0882, 32.4922, 0.3000), (1436.3492, 43.3536, 0.3000), (1434.9556, 44.6380, 0.3000), (1421.7861, 56.8935, 0.3000), (1420.4397, 58.1941, 0.3000), (1407.8653, 71.0542, 0.3000), (1406.5420, 72.4342, 0.3000), (1402.3964, 76.7670, 0.3000), (1401.3450, 77.8771, 0.3000), (1392.0234, 88.3028, 0.3000), (1391.4497, 88.9782, 0.3000), (1381.4814, 101.4733, 0.3000), (1381.0341, 102.0734, 0.3000), (1373.8136, 111.6609, 0.3000), (1372.8204, 112.8728, 0.3000), (1371.4903, 114.4237, 0.3000), (1370.0944, 115.9473, 0.3000), (1368.6216, 117.4230, 0.3000), (1367.0155, 118.8602, 0.3000), (1363.9103, 121.3970, 0.3000), (1363.2370, 121.9916, 0.3000), (1361.9148, 123.3697, 0.3000), (1360.6205, 124.8495, 0.3000), (1359.6282, 125.9621, 0.3000), (1358.1893, 127.4369, 0.3000), (1356.7494, 128.8191, 0.3000)]
            int[] faceVertexCounts = [4, 4, 4, 4, 4, 4, 4, 4, 4, 4, 4, 4, 4, 4, 4, 4, 4, 4, 4, 4, 4, 4, 4, 4, 4, 4, 4, 4, 4, 4, 4, 4, 4, 4, 4, 4, 4, 4, 4]
            int[] faceVertexIndices = [0, 1, 41, 40, 1, 2, 42, 41, 2, 3, 43, 42, 3, 4, 44, 43, 4, 5, 45, 44, 5, 6, 46, 45, 6, 7, 47, 46, 7, 8, 48, 47, 8, 9, 49, 48, 9, 10, 50, 49, 10, 11, 51, 50, 11, 12, 52, 51, 12, 13, 53, 52, 13, 14, 54, 53, 14, 15, 55, 54, 15, 16, 56, 55, 16, 17, 57, 56, 17, 18, 58, 57, 18, 19, 59, 58, 19, 20, 60, 59, 20, 21, 61, 60, 21, 22, 62, 61, 22, 23, 63, 62, 23, 24, 64, 63, 24, 25, 65, 64, 25, 26, 66, 65, 26, 27, 67, 66, 27, 28, 68, 67, 28, 29, 69, 68, 29, 30, 70, 69, 30, 31, 71, 70, 31, 32, 72, 71, 32, 33, 73, 72, 33, 34, 74, 73, 34, 35, 75, 74, 35, 36, 76, 75, 36, 37, 77, 76, 37, 38, 78, 77, 38, 39, 79, 78]
            uniform token subdivisionScheme = "none"
        }

        def Mesh "Road_566"
        {
            point3f[] points = [(242.2841, -465.2917, 6.2770), (249.9608, -461.6549, 6.3650), (253.8193, -460.3584, 6.5350), (261.1926, -457.3886, 6.6260), (262.9770, -456.6024, 6.7410), (263.9234, -456.1768, 6.7170), (278.4149, -449.4146, 7.0540), (278.8150, -449.2319, 7.0540), (293.3737, -442.6115, 7.5040), (293.7777, -442.4189, 7.5040), (306.2497, -436.0740, 7.7950), (307.4766, -435.4414, 7.7930), (321.8840, -428.4834, 8.1310), (323.5699, -427.7097, 8.1390), (332.5932, -423.4380, 8.3830), (334.3071, -422.5549, 8.5370), (335.8761, -421.6957, 8.5060), (340.9207, -418.5532, 8.6740), (345.8710, -415.2219, 8.7750), (346.2746, -414.9519, 8.7750), (358.1229, -407.5001, 9.3480), (358.9529, -406.9982, 9.3480), (367.5473, -401.8921, 8.7530), (367.9576, -401.6541, 8.7530), (376.6663, -396.7450, 8.5060), (377.0616, -396.5332, 8.5300), (384.2404, -392.9517, 8.1920), (387.9406, -391.2962, 8.0520), (388.8832, -390.8955, 8.0520), (403.8502, -385.2503, 7.4280), (404.4721, -385.0268, 7.4280), (413.7924, -381.6430, 7.0340), (243.7830, -468.4545, 6.2770), (251.3372, -464.8729, 6.3650), (255.0618, -463.6304, 6.5350), (262.5208, -460.6269, 6.6260), (264.3963, -459.8018, 6.7410), (265.4007, -459.3498, 6.7170), (279.8942, -452.5866, 7.0540), (280.2640, -452.4179, 7.0540), (294.8244, -445.7967, 7.5040), (295.3619, -445.5399, 7.5040), (307.8383, -439.1927, 7.7950), (309.0052, -438.5899, 7.7930), (323.3997, -431.6382, 8.1310), (325.0616, -430.8759, 8.1390), (334.1083, -426.5931, 8.3830), (335.9489, -425.6459, 8.5370), (337.6872, -424.6906, 8.5060), (342.8233, -421.4910, 8.6740), (347.8247, -418.1259, 8.7750), (348.1407, -417.9129, 8.7750), (359.9830, -410.4649, 9.3480), (360.7425, -410.0061, 9.3480), (369.3337, -404.9019, 8.7530), (369.6779, -404.7022, 8.7530), (378.3828, -399.7952, 8.5060), (378.6283, -399.6630, 8.5300), (385.7587, -396.1052, 8.1920), (389.3590, -394.4960, 8.0520), (390.1260, -394.1674, 8.0520), (405.0834, -388.5259, 7.4280), (405.6658, -388.3169, 7.4280), (414.9868, -384.9329, 7.0340)]
            int[] faceVertexCounts = [4, 4, 4, 4, 4, 4, 4, 4, 4, 4, 4, 4, 4, 4, 4, 4, 4, 4, 4, 4, 4, 4, 4, 4, 4, 4, 4, 4, 4, 4, 4]
            int[] faceVertexIndices = [0, 1, 33, 32, 1, 2, 34, 33, 2, 3, 35, 34, 3, 4, 36, 35, 4, 5, 37, 36, 5, 6, 38, 37, 6, 7, 39, 38, 7, 8, 40, 39, 8, 9, 41, 40, 9, 10, 42, 41, 10, 11, 43, 42, 11, 12, 44, 43, 12, 13, 45, 44, 13, 14, 46, 45, 14, 15, 47, 46, 15, 16, 48, 47, 16, 17, 49, 48, 17, 18, 50, 49, 18, 19, 51, 50, 19, 20, 52, 51, 20, 21, 53, 52, 21, 22, 54, 53, 22, 23, 55, 54, 23, 24, 56, 55, 24, 25, 57, 56, 25, 26, 58, 57, 26, 27, 59, 58, 27, 28, 60, 59, 28, 29, 61, 60, 29, 30, 62, 61, 30, 31, 63, 62]
            uniform token subdivisionScheme = "none"
        }

        def Mesh "Road_567"
        {
            point3f[] points = [(134.4152, -494.9736, 4.8990), (130.0771, -492.3669, 4.9760), (126.1726, -491.8427, 5.0150), (117.0265, -490.9423, 4.8200), (107.4326, -489.7821, 4.7900), (97.4181, -488.3145, 4.7520), (87.7289, -486.4485, 4.6640), (136.2019, -491.9640, 4.8990), (131.3101, -489.0913, 4.9760), (126.5665, -488.3650, 5.0150), (117.4089, -487.4633, 4.8200), (107.8974, -486.3131, 4.7900), (98.0020, -484.8636, 4.7520), (88.3909, -483.0117, 4.6640)]
            int[] faceVertexCounts = [4, 4, 4, 4, 4, 4]
            int[] faceVertexIndices = [0, 1, 8, 7, 1, 2, 9, 8, 2, 3, 10, 9, 3, 4, 11, 10, 4, 5, 12, 11, 5, 6, 13, 12]
            uniform token subdivisionScheme = "none"
        }

        def Mesh "Road_568"
        {
            point3f[] points = [(2085.6261, -736.6053, 6.7460), (2095.9329, -710.4836, 6.9840), (2104.3560, -687.4406, 6.9190), (2095.5913, -685.2188, 7.1230), (2086.3355, -681.7459, 7.1010), (2078.0404, -678.3798, 7.1360), (2069.1446, -674.9104, 7.1740), (2060.6126, -671.3539, 7.2130), (2051.6071, -666.5548, 7.2230), (2046.7735, -661.9286, 7.2240), (2044.9953, -656.8850, 7.1070), (2041.1288, -649.4516, 7.0090), (2037.8757, -639.0788, 6.8500), (2034.0892, -628.4972, 6.8080), (2030.0630, -613.3380, 6.6960), (2026.0226, -595.2833, 6.5660), (2021.5878, -576.2862, 6.4670), (2017.4020, -556.6565, 6.5700), (2013.2736, -534.8451, 6.7410), (2010.7862, -516.9431, 6.9700), (2008.5279, -495.2295, 6.6860), (2006.2109, -474.9588, 6.5760), (2005.2790, -459.0858, 6.6920), (2004.5166, -440.1903, 6.7090), (2004.1372, -425.4075, 6.6600), (2004.1648, -409.7988, 6.6550), (2003.9899, -394.5536, 6.6180), (2004.0188, -378.8541, 6.6240), (2003.0353, -364.4456, 6.6750), (2002.8472, -351.4643, 6.7720), (2088.8818, -737.8899, 6.7460), (2099.2070, -711.7205, 6.9840), (2107.8518, -687.2679, 6.9190), (2096.8299, -681.9453, 7.1230), (2087.6062, -678.4847, 7.1010), (2079.3336, -675.1274, 7.1360), (2070.4527, -671.6640, 7.1740), (2062.1154, -668.1930, 7.2130), (2053.5579, -663.6489, 7.2230), (2049.6805, -659.9794, 7.2240), (2048.1865, -655.4477, 7.1070), (2044.3786, -648.1520, 7.0090), (2041.1936, -637.9645, 6.8500), (2037.4383, -627.4805, 6.8080), (2033.4642, -612.5122, 6.6960), (2029.4345, -594.5029, 6.5660), (2025.0038, -575.5238, 6.4670), (2020.8336, -555.9679, 6.5700), (2016.7260, -534.2698, 6.7410), (2014.2613, -516.5270, 6.9700), (2012.0073, -494.8503, 6.6860), (2009.6969, -474.6454, 6.5760), (2008.7748, -458.9156, 6.6920), (2008.0146, -440.0716, 6.7090), (2007.6369, -425.3671, 6.6600), (2007.6648, -409.7821, 6.6550), (2007.4898, -394.5370, 6.6180), (2007.5171, -378.7432, 6.6240), (2006.5321, -364.2959, 6.6750), (2006.3468, -351.4138, 6.7720)]
            int[] faceVertexCounts = [4, 4, 4, 4, 4, 4, 4, 4, 4, 4, 4, 4, 4, 4, 4, 4, 4, 4, 4, 4, 4, 4, 4, 4, 4, 4, 4, 4, 4]
            int[] faceVertexIndices = [0, 1, 31, 30, 1, 2, 32, 31, 2, 3, 33, 32, 3, 4, 34, 33, 4, 5, 35, 34, 5, 6, 36, 35, 6, 7, 37, 36, 7, 8, 38, 37, 8, 9, 39, 38, 9, 10, 40, 39, 10, 11, 41, 40, 11, 12, 42, 41, 12, 13, 43, 42, 13, 14, 44, 43, 14, 15, 45, 44, 15, 16, 46, 45, 16, 17, 47, 46, 17, 18, 48, 47, 18, 19, 49, 48, 19, 20, 50, 49, 20, 21, 51, 50, 21, 22, 52, 51, 22, 23, 53, 52, 23, 24, 54, 53, 24, 25, 55, 54, 25, 26, 56, 55, 26, 27, 57, 56, 27, 28, 58, 57, 28, 29, 59, 58]
            uniform token subdivisionScheme = "none"
        }

        def Mesh "Road_569"
        {
            point3f[] points = [(1911.6197, -468.5051, 6.5610), (1899.1636, -474.0505, 6.6010), (1897.3353, -474.9521, 6.5710), (1895.3427, -475.7855, 6.5510), (1893.2045, -476.3849, 6.6010), (1891.2143, -476.6507, 6.6100), (1889.0093, -476.6451, 6.6050), (1886.8645, -476.4034, 6.6140), (1885.2021, -476.0696, 6.6140), (1883.1396, -475.4729, 6.5860), (1881.1188, -474.6652, 6.6220), (1879.2142, -473.6645, 6.6190), (1877.9340, -472.8367, 6.7090), (1876.2326, -471.4945, 6.7640), (1874.7254, -469.9914, 6.7640), (1874.2584, -469.4476, 6.7640), (1873.0069, -467.7529, 6.8180), (1871.9061, -465.9260, 6.8700), (1870.9401, -464.0902, 6.8500), (1870.2617, -462.6814, 6.8350), (1867.1006, -455.3233, 6.9550), (1866.8638, -454.7646, 6.9790), (1862.0489, -443.7758, 7.0730), (1861.3388, -442.1080, 7.1120), (1858.2399, -434.7728, 7.1890), (1854.8538, -427.5850, 7.3090), (1854.1535, -426.2686, 7.3270), (1847.1476, -414.1527, 7.4970), (1844.1311, -408.7383, 7.5360), (1843.1289, -407.1462, 7.5730), (1842.0338, -405.6035, 7.6450), (1840.8397, -404.1358, 7.6300), (1839.7451, -402.9506, 7.6780), (1836.9857, -399.4987, 7.7520), (1910.1962, -465.3076, 6.5610), (1897.7237, -470.8604, 6.6010), (1895.8825, -471.7679, 6.5710), (1894.1906, -472.4806, 6.5510), (1892.4829, -472.9601, 6.6010), (1891.0032, -473.1570, 6.6100), (1889.2118, -473.1510, 6.6050), (1887.3872, -472.9426, 6.6140), (1886.0518, -472.6743, 6.6140), (1884.2759, -472.1625, 6.5860), (1882.5850, -471.4871, 6.6220), (1880.9537, -470.6274, 6.6190), (1879.9954, -470.0082, 6.7090), (1878.5568, -468.8776, 6.7640), (1877.2383, -467.5552, 6.7640), (1877.0414, -467.3250, 6.7640), (1875.9165, -465.8076, 6.8180), (1874.9557, -464.2084, 6.8700), (1874.0615, -462.5069, 6.8500), (1873.4681, -461.2783, 6.8350), (1870.3169, -453.9428, 6.9550), (1870.0703, -453.3618, 6.9790), (1865.2566, -442.3755, 7.0730), (1864.5622, -440.7441, 7.1120), (1861.4357, -433.3457, 7.1890), (1858.0078, -426.0679, 7.3090), (1857.1898, -424.5278, 7.3270), (1850.1861, -412.4156, 7.4970), (1847.1663, -406.9954, 7.5360), (1846.0384, -405.2007, 7.5730), (1844.8198, -403.4849, 7.6450), (1843.4917, -401.8518, 7.6300), (1842.4368, -400.7134, 7.6780), (1839.7197, -397.3135, 7.7520)]
            int[] faceVertexCounts = [4, 4, 4, 4, 4, 4, 4, 4, 4, 4, 4, 4, 4, 4, 4, 4, 4, 4, 4, 4, 4, 4, 4, 4, 4, 4, 4, 4, 4, 4, 4, 4, 4]
            int[] faceVertexIndices = [0, 1, 35, 34, 1, 2, 36, 35, 2, 3, 37, 36, 3, 4, 38, 37, 4, 5, 39, 38, 5, 6, 40, 39, 6, 7, 41, 40, 7, 8, 42, 41, 8, 9, 43, 42, 9, 10, 44, 43, 10, 11, 45, 44, 11, 12, 46, 45, 12, 13, 47, 46, 13, 14, 48, 47, 14, 15, 49, 48, 15, 16, 50, 49, 16, 17, 51, 50, 17, 18, 52, 51, 18, 19, 53, 52, 19, 20, 54, 53, 20, 21, 55, 54, 21, 22, 56, 55, 22, 23, 57, 56, 23, 24, 58, 57, 24, 25, 59, 58, 25, 26, 60, 59, 26, 27, 61, 60, 27, 28, 62, 61, 28, 29, 63, 62, 29, 30, 64, 63, 30, 31, 65, 64, 31, 32, 66, 65, 32, 33, 67, 66]
            uniform token subdivisionScheme = "none"
        }

        def Mesh "Road_570"
        {
            point3f[] points = [(856.7382, -302.1361, 6.9730), (862.7042, -299.9529, 6.9470), (863.0982, -299.8166, 6.9470), (913.9271, -281.6610, 6.7110), (930.3020, -275.6613, 6.6210), (857.9410, -305.4229, 6.9730), (863.9034, -303.2410, 6.9470), (864.2753, -303.1127, 6.9470), (915.1109, -284.9547, 6.7110), (931.5061, -278.9476, 6.6210)]
            int[] faceVertexCounts = [4, 4, 4, 4]
            int[] faceVertexIndices = [0, 1, 6, 5, 1, 2, 7, 6, 2, 3, 8, 7, 3, 4, 9, 8]
            uniform token subdivisionScheme = "none"
        }

        def Mesh "Road_571"
        {
            point3f[] points = [(1316.7815, -123.1961, 5.1660), (1297.7699, -61.9240, 4.9840), (1285.3847, -24.8554, 4.9220), (1320.1242, -122.1589, 5.1660), (1301.1041, -60.8595, 4.9840), (1288.7043, -23.7463, 4.9220)]
            int[] faceVertexCounts = [4, 4]
            int[] faceVertexIndices = [0, 1, 4, 3, 1, 2, 5, 4]
            uniform token subdivisionScheme = "none"
        }

        def Mesh "Road_572"
        {
            point3f[] points = [(1428.6478, -254.1056, 5.5660), (1424.9339, -256.4987, 5.6420), (1420.6422, -258.7444, 5.6970), (1412.6754, -259.2427, 5.6920), (1373.5542, -253.8212, 5.7990), (1326.4400, -247.8232, 5.9770), (1426.7512, -251.1640, 5.5660), (1423.1517, -253.4864, 5.6420), (1419.8757, -255.3294, 5.6970), (1413.0461, -255.7623, 5.6920), (1374.0137, -250.3515, 5.7990), (1326.8820, -244.3513, 5.9770)]
            int[] faceVertexCounts = [4, 4, 4, 4, 4]
            int[] faceVertexIndices = [0, 1, 7, 6, 1, 2, 8, 7, 2, 3, 9, 8, 3, 4, 10, 9, 4, 5, 11, 10]
            uniform token subdivisionScheme = "none"
        }

        def Mesh "Road_573"
        {
            point3f[] points = [(840.5563, -1098.7189, 5.6020), (840.2324, -1091.0679, 5.6830), (844.0532, -1098.5708, 5.6020), (843.7293, -1090.9198, 5.6830)]
            int[] faceVertexCounts = [4]
            int[] faceVertexIndices = [0, 1, 3, 2]
            uniform token subdivisionScheme = "none"
        }

        def Mesh "Road_574"
        {
            point3f[] points = [(358.5093, -1046.5779, 5.9920), (359.1021, -1039.0079, 6.0220), (361.9986, -1046.8511, 5.9920), (362.5914, -1039.2811, 6.0220)]
            int[] faceVertexCounts = [4]
            int[] faceVertexIndices = [0, 1, 3, 2]
            uniform token subdivisionScheme = "none"
        }

        def Mesh "Road_575"
        {
            point3f[] points = [(2207.4010, -380.8738, 0.3000), (2199.4609, -379.9019, 0.3000), (2137.8047, -371.8104, 6.9630), (2136.3858, -371.6811, 6.9520), (2110.4875, -369.1733, 6.8300), (2100.5397, -367.5665, 6.7150), (2100.1251, -367.4862, 6.7150), (2090.3132, -365.2462, 6.6510), (2073.0051, -360.1960, 6.5690), (2072.1244, -359.9230, 6.5640), (2047.3302, -352.1319, 6.4920), (2207.8262, -377.3997, 0.3000), (2199.9128, -376.4312, 0.3000), (2138.2570, -368.3398, 6.9630), (2136.7222, -368.1973, 6.9520), (2110.8864, -365.6961, 6.8300), (2101.1017, -364.1119, 6.7150), (2100.9002, -364.0731, 6.7150), (2091.2219, -361.8663, 6.6510), (2073.9882, -356.8369, 6.5690), (2073.1732, -356.5839, 6.5640), (2048.3795, -348.7928, 6.4920)]
            int[] faceVertexCounts = [4, 4, 4, 4, 4, 4, 4, 4, 4, 4]
            int[] faceVertexIndices = [0, 1, 12, 11, 1, 2, 13, 12, 2, 3, 14, 13, 3, 4, 15, 14, 4, 5, 16, 15, 5, 6, 17, 16, 6, 7, 18, 17, 7, 8, 19, 18, 8, 9, 20, 19, 9, 10, 21, 20]
            uniform token subdivisionScheme = "none"
        }

        def Mesh "Road_576"
        {
            point3f[] points = [(718.7598, -392.7422, 7.5160), (713.4920, -386.6392, 7.4790), (721.4093, -390.4553, 7.5160), (716.1415, -384.3522, 7.4790)]
            int[] faceVertexCounts = [4]
            int[] faceVertexIndices = [0, 1, 3, 2]
            uniform token subdivisionScheme = "none"
        }

        def Mesh "Road_577"
        {
            point3f[] points = [(682.6160, -352.1600, 6.1430), (677.5103, -338.7899, 5.7220), (673.4362, -327.1818, 5.5710), (669.5845, -315.8165, 5.4550), (669.0165, -314.2345, 5.4080), (664.2412, -301.0794, 5.3630), (664.0552, -300.5206, 5.3620), (660.1168, -287.0903, 5.2380), (659.8412, -286.0970, 5.2330), (657.2252, -276.4456, 5.2090), (657.0154, -275.6010, 5.2090), (656.1468, -271.6657, 5.2080), (655.7839, -269.6087, 5.1340), (655.5201, -267.5622, 5.1430), (655.4201, -266.4370, 5.1430), (655.3233, -264.3646, 5.1530), (655.3469, -262.2638, 5.1350), (655.4925, -260.1871, 5.1330), (655.6351, -258.9813, 5.1240), (655.9707, -256.9174, 5.1130), (656.8696, -252.8189, 5.1820), (685.8857, -350.9114, 6.1430), (680.7955, -337.5826, 5.7220), (676.7448, -326.0404, 5.5710), (672.8968, -314.6857, 5.4550), (672.3069, -313.0416, 5.4080), (667.5321, -299.8880, 5.3630), (667.4126, -299.5316, 5.3620), (663.4763, -286.1088, 5.2380), (663.2189, -285.1796, 5.2330), (660.6047, -275.5352, 5.2090), (660.4298, -274.8316, 5.2090), (659.5749, -270.9600, 5.2080), (659.2439, -269.0812, 5.1340), (658.9971, -267.1620, 5.1430), (658.9136, -266.2230, 5.1430), (658.8228, -264.3021, 5.1530), (658.8440, -262.4063, 5.1350), (658.9792, -260.4920, 5.1330), (659.0982, -259.4884, 5.1240), (659.4023, -257.6061, 5.1130), (660.2883, -253.5690, 5.1820)]
            int[] faceVertexCounts = [4, 4, 4, 4, 4, 4, 4, 4, 4, 4, 4, 4, 4, 4, 4, 4, 4, 4, 4, 4]
            int[] faceVertexIndices = [0, 1, 22, 21, 1, 2, 23, 22, 2, 3, 24, 23, 3, 4, 25, 24, 4, 5, 26, 25, 5, 6, 27, 26, 6, 7, 28, 27, 7, 8, 29, 28, 8, 9, 30, 29, 9, 10, 31, 30, 10, 11, 32, 31, 11, 12, 33, 32, 12, 13, 34, 33, 13, 14, 35, 34, 14, 15, 36, 35, 15, 16, 37, 36, 16, 17, 38, 37, 17, 18, 39, 38, 18, 19, 40, 39, 19, 20, 41, 40]
            uniform token subdivisionScheme = "none"
        }

        def Mesh "Road_578"
        {
            point3f[] points = [(64.1925, -477.5026, 4.8640), (68.1795, -472.0317, 4.8920), (67.0211, -479.5639, 4.8640), (71.0080, -474.0931, 4.8920)]
            int[] faceVertexCounts = [4]
            int[] faceVertexIndices = [0, 1, 3, 2]
            uniform token subdivisionScheme = "none"
        }

        def Mesh "Road_579"
        {
            point3f[] points = [(352.8284, -6.1409, 3.8860), (352.2134, -4.1283, 3.8630), (351.6811, -2.1250, 3.8410), (351.2482, -0.1175, 0.3000), (351.0663, 0.8339, 0.3000), (349.8132, 8.7588, 0.3000), (349.3329, 12.7772, 0.3000), (349.2394, 13.6631, 0.3000), (347.9219, 31.6599, 0.3000), (346.7966, 45.5849, 0.3000), (346.3170, 49.4884, 0.3000), (346.1403, 50.7490, 0.3000), (343.8511, 64.6633, 0.3000), (343.5339, 66.6085, 0.3000), (343.1723, 68.4342, 0.3000), (342.6026, 70.1587, 0.3000), (342.3123, 70.7657, 0.3000), (341.3544, 72.2203, 0.3000), (340.1770, 73.4010, 0.3000), (339.2328, 74.0224, 0.3000), (337.7265, 74.5962, 0.3000), (336.0956, 74.7772, 0.3000), (334.2866, 74.6910, 0.3000), (332.3793, 74.5011, 0.3000), (330.0540, 74.1847, 0.3000), (314.1000, 72.9364, 0.3000), (312.7379, 72.8239, 0.3000), (296.9221, 70.5442, 0.3000), (295.2403, 70.2722, 0.3000), (293.2070, 69.9837, 0.3000), (291.1057, 69.7819, 0.3000), (288.8639, 69.7611, 0.3000), (286.6320, 70.1661, 0.3000), (285.2695, 70.6696, 0.3000), (283.2901, 71.8423, 0.3000), (281.6072, 73.4263, 0.3000), (280.6777, 74.6995, 0.3000), (279.6862, 76.7523, 0.3000), (279.1087, 78.9086, 0.3000), (278.7280, 80.9450, 0.3000), (278.6520, 81.4152, 0.3000), (356.1755, -5.1177, 3.8860), (355.5785, -3.1658, 3.8630), (355.0841, -1.3068, 3.8410), (354.6748, 0.5955, 0.3000), (354.5216, 1.3919, 0.3000), (353.2769, 9.2617, 0.3000), (352.8091, 13.1845, 0.3000), (352.7297, 13.9236, 0.3000), (351.4117, 31.9270, 0.3000), (350.2825, 45.8989, 0.3000), (349.7890, 49.9296, 0.3000), (349.5950, 51.3101, 0.3000), (347.3048, 65.2309, 0.3000), (346.9777, 67.2332, 0.3000), (346.5568, 69.3260, 0.3000), (345.8771, 71.3946, 0.3000), (345.3138, 72.5661, 0.3000), (344.0654, 74.4341, 0.3000), (342.4243, 76.0842, 0.3000), (340.7769, 77.1633, 0.3000), (338.5514, 77.9976, 0.3000), (336.2182, 78.2750, 0.3000), (334.0349, 78.1819, 0.3000), (331.9644, 77.9764, 0.3000), (329.7557, 77.6720, 0.3000), (313.8252, 76.4256, 0.3000), (312.2558, 76.2905, 0.3000), (296.4171, 74.0075, 0.3000), (294.7174, 73.7329, 0.3000), (292.7925, 73.4591, 0.3000), (290.9159, 73.2768, 0.3000), (289.1599, 73.2486, 0.3000), (287.4673, 73.5649, 0.3000), (286.8546, 73.7901, 0.3000), (285.3938, 74.6396, 0.3000), (284.1804, 75.7988, 0.3000), (283.7182, 76.4329, 0.3000), (282.9678, 77.9693, 0.3000), (282.5232, 79.6772, 0.3000), (282.1716, 81.5708, 0.3000), (282.1076, 81.9711, 0.3000)]
            int[] faceVertexCounts = [4, 4, 4, 4, 4, 4, 4, 4, 4, 4, 4, 4, 4, 4, 4, 4, 4, 4, 4, 4, 4, 4, 4, 4, 4, 4, 4, 4, 4, 4, 4, 4, 4, 4, 4, 4, 4, 4, 4, 4]
            int[] faceVertexIndices = [0, 1, 42, 41, 1, 2, 43, 42, 2, 3, 44, 43, 3, 4, 45, 44, 4, 5, 46, 45, 5, 6, 47, 46, 6, 7, 48, 47, 7, 8, 49, 48, 8, 9, 50, 49, 9, 10, 51, 50, 10, 11, 52, 51, 11, 12, 53, 52, 12, 13, 54, 53, 13, 14, 55, 54, 14, 15, 56, 55, 15, 16, 57, 56, 16, 17, 58, 57, 17, 18, 59, 58, 18, 19, 60, 59, 19, 20, 61, 60, 20, 21, 62, 61, 21, 22, 63, 62, 22, 23, 64, 63, 23, 24, 65, 64, 24, 25, 66, 65, 25, 26, 67, 66, 26, 27, 68, 67, 27, 28, 69, 68, 28, 29, 70, 69, 29, 30, 71, 70, 30, 31, 72, 71, 31, 32, 73, 72, 32, 33, 74, 73, 33, 34, 75, 74, 34, 35, 76, 75, 35, 36, 77, 76, 36, 37, 78, 77, 37, 38, 79, 78, 38, 39, 80, 79, 39, 40, 81, 80]
            uniform token subdivisionScheme = "none"
        }

        def Mesh "Road_580"
        {
            point3f[] points = [(469.4912, -1377.0561, 5.4460), (484.7863, -1377.7703, 5.5430), (495.7547, -1378.4761, 5.6520), (501.4922, -1377.7650, 5.6580), (506.8479, -1376.1784, 5.6450), (522.7202, -1364.6302, 5.4750), (538.8353, -1353.1145, 5.3900), (469.3280, -1380.5523, 5.4460), (484.5977, -1381.2652, 5.5430), (495.7631, -1381.9761, 5.6520), (502.2211, -1381.1882, 5.6580), (508.6781, -1379.1618, 5.6450), (524.7669, -1367.4694, 5.4750), (540.8702, -1355.9621, 5.3900)]
            int[] faceVertexCounts = [4, 4, 4, 4, 4, 4]
            int[] faceVertexIndices = [0, 1, 8, 7, 1, 2, 9, 8, 2, 3, 10, 9, 3, 4, 11, 10, 4, 5, 12, 11, 5, 6, 13, 12]
            uniform token subdivisionScheme = "none"
        }

        def Mesh "Road_581"
        {
            point3f[] points = [(358.9001, -1068.8825, 5.7430), (349.1829, -1067.4072, 6.0890), (359.4254, -1065.4222, 5.7430), (349.7083, -1063.9469, 6.0890)]
            int[] faceVertexCounts = [4]
            int[] faceVertexIndices = [0, 1, 3, 2]
            uniform token subdivisionScheme = "none"
        }

        def Mesh "Road_582"
        {
            point3f[] points = [(263.6824, -1005.1498, 5.8810), (258.8143, -1001.0921, 5.9620), (257.2322, -999.7474, 6.0080), (254.2773, -996.9396, 6.0460), (251.4882, -993.9956, 6.0380), (250.6386, -993.0458, 6.0940), (249.2908, -991.4923, 6.1410), (245.6216, -986.9337, 6.1990), (265.9233, -1002.4612, 5.8810), (261.0610, -998.4085, 5.9620), (259.5952, -997.1656, 6.0080), (256.7541, -994.4667, 6.0460), (254.0454, -991.6060, 6.0380), (253.2688, -990.7368, 6.0940), (251.9964, -989.2720, 6.1410), (248.3482, -984.7392, 6.1990)]
            int[] faceVertexCounts = [4, 4, 4, 4, 4, 4, 4]
            int[] faceVertexIndices = [0, 1, 9, 8, 1, 2, 10, 9, 2, 3, 11, 10, 3, 4, 12, 11, 4, 5, 13, 12, 5, 6, 14, 13, 6, 7, 15, 14]
            uniform token subdivisionScheme = "none"
        }

        def Mesh "Road_583"
        {
            point3f[] points = [(128.9716, -1402.6347, 6.5500), (130.1048, -1401.1557, 6.5560), (140.7080, -1386.6309, 6.5910), (140.9872, -1386.2136, 6.5910), (143.2433, -1382.8825, 6.6240), (144.4789, -1381.2120, 6.6600), (145.7596, -1379.5989, 6.6280), (147.1439, -1377.9791, 6.6670), (148.7839, -1376.4578, 6.6970), (150.6796, -1375.1865, 6.7110), (152.6749, -1374.2846, 6.7680), (153.5331, -1374.0121, 6.7680), (155.6605, -1373.6049, 6.7430), (157.8663, -1373.4901, 6.7390), (160.0719, -1373.6031, 6.7210), (168.0185, -1374.6980, 6.5060), (168.5840, -1374.7559, 6.4300), (170.5293, -1374.9022, 6.4300), (172.4531, -1374.9679, 6.3970), (174.2088, -1374.9628, 6.3790), (183.5671, -1373.5370, 6.4890), (131.7503, -1404.7628, 6.5500), (132.9272, -1403.2255, 6.5560), (143.5373, -1388.6913, 6.5910), (143.8860, -1388.1751, 6.5910), (146.1137, -1384.8852, 6.6240), (147.2567, -1383.3414, 6.6600), (148.4624, -1381.8227, 6.6280), (149.6716, -1380.4000, 6.6670), (150.9575, -1379.2011, 6.6970), (152.3776, -1378.2470, 6.7110), (154.0248, -1377.5137, 6.7680), (154.2881, -1377.4297, 6.7680), (156.0828, -1377.0793, 6.7430), (157.8676, -1376.9901, 6.7390), (159.6541, -1377.0781, 6.7210), (167.5496, -1378.1665, 6.5060), (168.2978, -1378.2442, 6.4300), (170.3387, -1378.3970, 6.4300), (172.4100, -1378.4677, 6.3970), (174.6507, -1378.4348, 6.3790), (184.0941, -1376.9971, 6.4890)]
            int[] faceVertexCounts = [4, 4, 4, 4, 4, 4, 4, 4, 4, 4, 4, 4, 4, 4, 4, 4, 4, 4, 4, 4]
            int[] faceVertexIndices = [0, 1, 22, 21, 1, 2, 23, 22, 2, 3, 24, 23, 3, 4, 25, 24, 4, 5, 26, 25, 5, 6, 27, 26, 6, 7, 28, 27, 7, 8, 29, 28, 8, 9, 30, 29, 9, 10, 31, 30, 10, 11, 32, 31, 11, 12, 33, 32, 12, 13, 34, 33, 13, 14, 35, 34, 14, 15, 36, 35, 15, 16, 37, 36, 16, 17, 38, 37, 17, 18, 39, 38, 18, 19, 40, 39, 19, 20, 41, 40]
            uniform token subdivisionScheme = "none"
        }

        def Mesh "Road_584"
        {
            point3f[] points = [(125.9346, -867.4198, 9.1620), (120.2917, -859.2964, 9.0190), (128.8091, -865.4230, 9.1620), (123.1662, -857.2996, 9.0190)]
            int[] faceVertexCounts = [4]
            int[] faceVertexIndices = [0, 1, 3, 2]
            uniform token subdivisionScheme = "none"
        }

        def Mesh "Road_585"
        {
            point3f[] points = [(412.7606, -383.9274, 7.0340), (412.3231, -382.8124, 7.0340), (410.2275, -377.1675, 6.9180), (409.5959, -375.1991, 6.7940), (407.9829, -369.3858, 6.6510), (405.4495, -359.6305, 6.3950), (405.3490, -359.2850, 6.3950), (403.1882, -351.5762, 6.1310), (402.8677, -350.2498, 6.0580), (402.1238, -347.6220, 5.8390), (416.0185, -382.6485, 7.0340), (415.6006, -381.5843, 7.0340), (413.5220, -375.9858, 6.9180), (412.9592, -374.2305, 6.7940), (411.3650, -368.4851, 6.6510), (408.8362, -358.7473, 6.3950), (408.7187, -358.3391, 6.3950), (406.5633, -350.6493, 6.1310), (406.2473, -349.3399, 6.0580), (405.4915, -346.6689, 5.8390)]
            int[] faceVertexCounts = [4, 4, 4, 4, 4, 4, 4, 4, 4]
            int[] faceVertexIndices = [0, 1, 11, 10, 1, 2, 12, 11, 2, 3, 13, 12, 3, 4, 14, 13, 4, 5, 15, 14, 5, 6, 16, 15, 6, 7, 17, 16, 7, 8, 18, 17, 8, 9, 19, 18]
            uniform token subdivisionScheme = "none"
        }

        def Mesh "Road_586"
        {
            point3f[] points = [(889.5958, -63.9953, 5.3360), (896.1618, -53.2600, 5.2870), (902.1383, -41.9522, 5.2500), (907.0694, -29.5771, 5.2870), (911.7945, -16.3650, 5.3480), (913.9665, -10.5515, 5.4010), (915.8724, -6.2881, 5.4630), (916.8734, -4.3827, 5.5030), (918.0919, -2.5049, 5.5170), (919.7164, -0.7981, 5.5980), (921.7717, 0.5956, 5.6610), (923.7551, 1.5099, 5.7320), (925.6229, 2.2748, 0.3000), (927.1378, 2.9306, 0.3000), (930.7343, 4.6372, 0.3000), (892.5817, -65.8213, 5.3360), (899.2042, -54.9903, 5.2870), (905.3172, -43.4166, 5.2500), (910.3437, -30.8134, 5.2870), (915.0850, -17.5577, 5.3480), (917.2111, -11.8640, 5.4010), (919.0394, -7.7781, 5.4630), (919.8962, -6.1470, 5.5030), (920.8438, -4.6675, 5.5170), (921.9674, -3.4782, 5.5980), (923.4955, -2.4505, 5.6610), (925.1465, -1.7016, 5.7320), (926.9791, -0.9518, 0.3000), (928.6056, -0.2467, 0.3000), (932.2347, 1.4751, 0.3000)]
            int[] faceVertexCounts = [4, 4, 4, 4, 4, 4, 4, 4, 4, 4, 4, 4, 4, 4]
            int[] faceVertexIndices = [0, 1, 16, 15, 1, 2, 17, 16, 2, 3, 18, 17, 3, 4, 19, 18, 4, 5, 20, 19, 5, 6, 21, 20, 6, 7, 22, 21, 7, 8, 23, 22, 8, 9, 24, 23, 9, 10, 25, 24, 10, 11, 26, 25, 11, 12, 27, 26, 12, 13, 28, 27, 13, 14, 29, 28]
            uniform token subdivisionScheme = "none"
        }

        def Mesh "Road_587"
        {
            point3f[] points = [(347.6971, -1065.6037, 6.0890), (348.3824, -1049.2795, 6.2130), (349.0425, -1017.6932, 6.2570), (348.1999, -996.2306, 6.0920), (345.4265, -969.9131, 5.5880), (340.7536, -942.8937, 5.1920), (334.7785, -919.6916, 4.9470), (325.9934, -896.9559, 4.8990), (314.5838, -872.2798, 5.0860), (305.5159, -855.1262, 5.2840), (295.1923, -838.3114, 5.4180), (286.6425, -826.3243, 5.5270), (277.2847, -815.8196, 5.6590), (267.8174, -804.6250, 5.8050), (261.2240, -794.9630, 5.8940), (351.1940, -1065.7505, 6.0890), (351.8810, -1049.3777, 6.2130), (352.5425, -1017.6809, 6.2570), (351.6899, -995.9665, 6.0920), (348.8929, -969.4291, 5.5880), (344.1774, -942.1675, 5.1920), (338.1107, -918.6211, 4.9470), (329.2136, -895.5847, 4.8990), (317.7273, -870.7408, 5.0860), (308.5555, -853.3910, 5.2840), (298.1196, -836.3928, 5.4180), (289.3811, -824.1448, 5.5270), (279.9283, -813.5258, 5.6590), (270.5905, -802.4896, 5.8050), (264.1155, -792.9909, 5.8940)]
            int[] faceVertexCounts = [4, 4, 4, 4, 4, 4, 4, 4, 4, 4, 4, 4, 4, 4]
            int[] faceVertexIndices = [0, 1, 16, 15, 1, 2, 17, 16, 2, 3, 18, 17, 3, 4, 19, 18, 4, 5, 20, 19, 5, 6, 21, 20, 6, 7, 22, 21, 7, 8, 23, 22, 8, 9, 24, 23, 9, 10, 25, 24, 10, 11, 26, 25, 11, 12, 27, 26, 12, 13, 28, 27, 13, 14, 29, 28]
            uniform token subdivisionScheme = "none"
        }

        def Mesh "Road_588"
        {
            point3f[] points = [(335.8992, -1373.0226, 6.1640), (347.6463, -1209.4771, 5.9350), (339.3902, -1373.2733, 6.1640), (351.1373, -1209.7278, 5.9350)]
            int[] faceVertexCounts = [4]
            int[] faceVertexIndices = [0, 1, 3, 2]
            uniform token subdivisionScheme = "none"
        }

        def Mesh "Road_589"
        {
            point3f[] points = [(133.6329, -1003.5631, 8.1970), (144.7348, -995.7198, 8.2140), (153.0799, -989.4517, 8.0820), (159.6932, -984.2394, 7.9350), (164.9698, -978.7905, 7.7010), (168.3412, -972.5783, 7.5830), (169.7524, -968.3315, 7.5330), (135.6525, -1006.4217, 8.1970), (146.7904, -998.5525, 8.2140), (155.2115, -992.2277, 8.0820), (162.0346, -986.8409, 7.9350), (167.7815, -980.8749, 7.7010), (171.5208, -974.0413, 7.5830), (173.0713, -969.4427, 7.5330)]
            int[] faceVertexCounts = [4, 4, 4, 4, 4, 4]
            int[] faceVertexIndices = [0, 1, 8, 7, 1, 2, 9, 8, 2, 3, 10, 9, 3, 4, 11, 10, 4, 5, 12, 11, 5, 6, 13, 12]
            uniform token subdivisionScheme = "none"
        }

        def Mesh "Road_590"
        {
            point3f[] points = [(169.7077, -969.2850, 7.5330), (167.6935, -960.6246, 7.7140), (162.9672, -949.1527, 7.8840), (157.0103, -935.2091, 8.0510), (148.0542, -915.0375, 8.2690), (138.1094, -891.7464, 8.5650), (131.8284, -877.9124, 8.8980), (125.8465, -867.2792, 9.1620), (173.1160, -968.4892, 7.5330), (171.0126, -959.5139, 7.7140), (166.1940, -947.7970, 7.8840), (160.2173, -933.8072, 8.0510), (151.2638, -913.6417, 8.2690), (141.3163, -890.3446, 8.5650), (134.9574, -876.3442, 8.8980), (128.8972, -865.5636, 9.1620)]
            int[] faceVertexCounts = [4, 4, 4, 4, 4, 4, 4]
            int[] faceVertexIndices = [0, 1, 9, 8, 1, 2, 10, 9, 2, 3, 11, 10, 3, 4, 12, 11, 4, 5, 13, 12, 5, 6, 14, 13, 6, 7, 15, 14]
            uniform token subdivisionScheme = "none"
        }

        def Mesh "Road_591"
        {
            point3f[] points = [(336.5755, -1061.7640, 5.8620), (336.9483, -1058.6976, 5.8620), (337.2570, -1054.5005, 5.8670), (337.4869, -1049.6047, 5.8800), (337.5163, -1049.0875, 5.8800), (337.8245, -1043.1131, 5.8820), (337.8566, -1041.3565, 5.8590), (337.7633, -1035.3890, 5.9010), (337.6612, -1033.2603, 5.9200), (337.4528, -1031.5246, 5.9410), (336.9506, -1030.0383, 5.9760), (335.9564, -1028.5940, 5.9670), (334.7157, -1027.4517, 5.9580), (333.2333, -1026.3846, 5.9580), (331.9390, -1025.6011, 5.9430), (330.2638, -1024.7370, 5.9180), (328.5437, -1023.9922, 5.8890), (324.8326, -1022.6303, 5.8080), (323.9770, -1022.3451, 5.8080), (314.3976, -1019.5436, 5.6880), (312.5929, -1019.0737, 5.6590), (293.1751, -1014.3290, 5.4480), (292.7686, -1014.2283, 5.4480), (275.2971, -1009.7708, 5.7400), (269.7546, -1007.8100, 5.7830), (264.1185, -1005.4161, 5.8810), (340.0500, -1062.1857, 5.8620), (340.4330, -1059.0243, 5.8620), (340.7509, -1054.7078, 5.8670), (340.9828, -1049.7722, 5.8800), (341.0116, -1049.2693, 5.8800), (341.3211, -1043.2660, 5.8820), (341.3565, -1041.3297, 5.8590), (341.2622, -1035.3033, 5.9010), (341.1488, -1032.9667, 5.9200), (340.8628, -1030.7358, 5.9410), (340.0694, -1028.4499, 5.9760), (338.6187, -1026.3220, 5.9670), (336.9356, -1024.7458, 5.9580), (335.1766, -1023.4737, 5.9580), (333.6390, -1022.5417, 5.9430), (331.7620, -1021.5739, 5.9180), (329.8117, -1020.7299, 5.8890), (326.0184, -1019.3373, 5.8080), (324.9707, -1018.9892, 5.8080), (315.3640, -1016.1797, 5.6880), (313.4282, -1015.6749, 5.6590), (294.0061, -1010.9291, 5.4480), (293.6333, -1010.8368, 5.4480), (276.2362, -1006.3991, 5.7400), (271.0272, -1004.5496, 5.7830), (265.4872, -1002.1948, 5.8810)]
            int[] faceVertexCounts = [4, 4, 4, 4, 4, 4, 4, 4, 4, 4, 4, 4, 4, 4, 4, 4, 4, 4, 4, 4, 4, 4, 4, 4, 4]
            int[] faceVertexIndices = [0, 1, 27, 26, 1, 2, 28, 27, 2, 3, 29, 28, 3, 4, 30, 29, 4, 5, 31, 30, 5, 6, 32, 31, 6, 7, 33, 32, 7, 8, 34, 33, 8, 9, 35, 34, 9, 10, 36, 35, 10, 11, 37, 36, 11, 12, 38, 37, 12, 13, 39, 38, 13, 14, 40, 39, 14, 15, 41, 40, 15, 16, 42, 41, 16, 17, 43, 42, 17, 18, 44, 43, 18, 19, 45, 44, 19, 20, 46, 45, 20, 21, 47, 46, 21, 22, 48, 47, 22, 23, 49, 48, 23, 24, 50, 49, 24, 25, 51, 50]
            uniform token subdivisionScheme = "none"
        }

        def Mesh "Road_592"
        {
            point3f[] points = [(379.6987, -1452.6601, 6.2680), (373.7846, -1442.1727, 6.2480), (373.2680, -1441.2546, 6.2510), (356.1439, -1409.6050, 6.4290), (355.7327, -1408.8483, 6.3930), (336.1197, -1374.0064, 6.1640), (382.7473, -1450.9409, 6.2680), (376.8333, -1440.4536, 6.2480), (376.3455, -1439.5876, 6.2510), (359.2221, -1407.9393, 6.4290), (358.7832, -1407.1324, 6.3930), (339.1697, -1372.2895, 6.1640)]
            int[] faceVertexCounts = [4, 4, 4, 4, 4]
            int[] faceVertexIndices = [0, 1, 7, 6, 1, 2, 8, 7, 2, 3, 9, 8, 3, 4, 10, 9, 4, 5, 11, 10]
            uniform token subdivisionScheme = "none"
        }

        def Mesh "Road_593"
        {
            point3f[] points = [(929.5514, -1824.8648, 6.2850), (938.6462, -1820.6181, 6.1310), (939.2681, -1820.3330, 6.1050), (980.9853, -1800.9981, 5.1490), (981.9444, -1800.5370, 5.1490), (1008.9092, -1787.4163, 4.7250), (1009.4439, -1787.1618, 4.6810), (1060.2783, -1763.7286, 4.7690), (1067.7906, -1760.1800, 4.8660), (931.0322, -1828.0361, 6.2850), (940.1256, -1823.7901, 6.1310), (940.7396, -1823.5086, 6.1050), (982.4581, -1804.1732, 5.1490), (983.4752, -1803.6845, 5.1490), (1010.4401, -1790.5638, 4.7250), (1010.9095, -1790.3402, 4.6810), (1061.7474, -1766.9054, 4.7690), (1069.2855, -1763.3447, 4.8660)]
            int[] faceVertexCounts = [4, 4, 4, 4, 4, 4, 4, 4]
            int[] faceVertexIndices = [0, 1, 10, 9, 1, 2, 11, 10, 2, 3, 12, 11, 3, 4, 13, 12, 4, 5, 14, 13, 5, 6, 15, 14, 6, 7, 16, 15, 7, 8, 17, 16]
            uniform token subdivisionScheme = "none"
        }

        def Mesh "Road_594"
        {
            point3f[] points = [(1035.4108, -1472.6486, 5.1080), (1033.6250, -1468.8217, 5.2220), (1032.4786, -1466.3667, 5.2440), (1027.8661, -1456.1564, 5.2200), (1017.6859, -1434.0975, 5.2400), (1010.6563, -1420.7820, 5.2220), (1004.9220, -1408.2165, 5.3600), (998.1965, -1394.1000, 5.2540), (990.5153, -1378.1343, 4.9520), (982.6965, -1361.8231, 4.8240), (973.6853, -1342.6576, 4.7850), (966.5016, -1327.3733, 4.7570), (959.8871, -1312.9481, 5.0490), (953.5338, -1299.0966, 5.2680), (951.7413, -1294.4172, 5.2400), (1038.5824, -1471.1686, 5.1080), (1036.7965, -1467.3413, 5.2220), (1035.6647, -1464.9181, 5.2440), (1031.0477, -1454.6978, 5.2200), (1020.8332, -1432.5664, 5.2400), (1013.7953, -1419.2339, 5.2220), (1008.0933, -1406.7356, 5.3600), (1001.3532, -1392.5882, 5.2540), (993.6703, -1376.6192, 4.9520), (985.8587, -1360.3230, 4.8240), (976.8527, -1341.1685, 4.7850), (969.6759, -1325.8990, 4.7570), (963.0685, -1311.4891, 5.0490), (956.7378, -1297.6878, 5.2680), (955.0103, -1293.1666, 5.2400)]
            int[] faceVertexCounts = [4, 4, 4, 4, 4, 4, 4, 4, 4, 4, 4, 4, 4, 4]
            int[] faceVertexIndices = [0, 1, 16, 15, 1, 2, 17, 16, 2, 3, 18, 17, 3, 4, 19, 18, 4, 5, 20, 19, 5, 6, 21, 20, 6, 7, 22, 21, 7, 8, 23, 22, 8, 9, 24, 23, 9, 10, 25, 24, 10, 11, 26, 25, 11, 12, 27, 26, 12, 13, 28, 27, 13, 14, 29, 28]
            uniform token subdivisionScheme = "none"
        }

        def Mesh "Road_595"
        {
            point3f[] points = [(1664.9718, -818.1147, 7.2910), (1692.8566, -737.4243, 7.2480), (1668.2799, -819.2579, 7.2910), (1696.1646, -738.5675, 7.2480)]
            int[] faceVertexCounts = [4]
            int[] faceVertexIndices = [0, 1, 3, 2]
            uniform token subdivisionScheme = "none"
        }

        def Mesh "Road_596"
        {
            point3f[] points = [(270.2091, -1223.2911, 5.7580), (272.0230, -1199.9646, 5.6740), (272.1225, -1199.0114, 5.6740), (272.2957, -1197.0859, 5.7000), (273.5822, -1173.1329, 5.6560), (273.6893, -1171.9771, 5.6510), (274.9579, -1160.0658, 5.6070), (275.2045, -1156.1609, 5.6070), (275.2296, -1154.2525, 5.6110), (275.1837, -1152.3248, 5.6060), (275.0566, -1150.4068, 5.5830), (274.8422, -1148.5056, 5.5620), (274.5323, -1146.6268, 5.5820), (274.1154, -1144.7754, 5.5530), (273.5977, -1142.9776, 5.5580), (272.9689, -1141.1839, 5.5580), (272.2405, -1139.4248, 5.5220), (271.4167, -1137.7043, 5.5300), (270.5027, -1136.0189, 5.5090), (269.5153, -1134.3728, 5.4920), (267.3823, -1131.0791, 5.4510), (262.7478, -1124.6068, 5.4230), (261.6358, -1123.1326, 5.4420), (249.4616, -1107.9789, 5.6710), (273.6986, -1223.5624, 5.7580), (275.5122, -1200.2395, 5.6740), (275.6070, -1199.3402, 5.6740), (275.7901, -1197.2832, 5.7000), (277.0768, -1173.3266, 5.6560), (277.1700, -1172.3441, 5.6510), (278.4420, -1160.3991, 5.6070), (278.7007, -1156.3241, 5.6070), (278.7295, -1154.2343, 5.6110), (278.6802, -1152.1673, 5.6060), (278.5427, -1150.0948, 5.5830), (278.3090, -1148.0242, 5.5620), (277.9676, -1145.9571, 5.5820), (277.5060, -1143.9070, 5.5530), (276.9320, -1141.9134, 5.5580), (276.2385, -1139.9350, 5.5580), (275.4370, -1137.9992, 5.5220), (274.5345, -1136.1139, 5.5300), (273.5426, -1134.2841, 5.5090), (272.4745, -1132.5036, 5.4920), (270.2593, -1129.0859, 5.4510), (265.5836, -1122.5554, 5.4230), (264.3703, -1120.9480, 5.4420), (252.1901, -1105.7869, 5.6710)]
            int[] faceVertexCounts = [4, 4, 4, 4, 4, 4, 4, 4, 4, 4, 4, 4, 4, 4, 4, 4, 4, 4, 4, 4, 4, 4, 4]
            int[] faceVertexIndices = [0, 1, 25, 24, 1, 2, 26, 25, 2, 3, 27, 26, 3, 4, 28, 27, 4, 5, 29, 28, 5, 6, 30, 29, 6, 7, 31, 30, 7, 8, 32, 31, 8, 9, 33, 32, 9, 10, 34, 33, 10, 11, 35, 34, 11, 12, 36, 35, 12, 13, 37, 36, 13, 14, 38, 37, 14, 15, 39, 38, 15, 16, 40, 39, 16, 17, 41, 40, 17, 18, 42, 41, 18, 19, 43, 42, 19, 20, 44, 43, 20, 21, 45, 44, 21, 22, 46, 45, 22, 23, 47, 46]
            uniform token subdivisionScheme = "none"
        }

        def Mesh "Road_597"
        {
            point3f[] points = [(320.3873, -1483.1137, 6.4970), (320.7663, -1465.3666, 6.6100), (323.8865, -1483.1884, 6.4970), (324.2655, -1465.4413, 6.6100)]
            int[] faceVertexCounts = [4]
            int[] faceVertexIndices = [0, 1, 3, 2]
            uniform token subdivisionScheme = "none"
        }

        def Mesh "Road_598"
        {
            point3f[] points = [(1440.0792, -1525.1541, 6.9290), (1528.0815, -1440.7352, 7.1680), (1442.5022, -1527.6798, 6.9290), (1530.5044, -1443.2610, 7.1680)]
            int[] faceVertexCounts = [4]
            int[] faceVertexIndices = [0, 1, 3, 2]
            uniform token subdivisionScheme = "none"
        }

        def Mesh "Road_599"
        {
            point3f[] points = [(1530.0683, -1922.9613, 0.3000), (1669.7061, -1786.6468, 5.4630), (1532.5132, -1925.4658, 0.3000), (1672.1509, -1789.1513, 5.4630)]
            int[] faceVertexCounts = [4]
            int[] faceVertexIndices = [0, 1, 3, 2]
            uniform token subdivisionScheme = "none"
        }

        def Mesh "Road_600"
        {
            point3f[] points = [(1729.4713, -1052.7502, 7.7480), (1750.9313, -947.7956, 7.5270), (1732.9003, -1053.4513, 7.7480), (1754.3603, -948.4968, 7.5270)]
            int[] faceVertexCounts = [4]
            int[] faceVertexIndices = [0, 1, 3, 2]
            uniform token subdivisionScheme = "none"
        }

        def Mesh "Road_601"
        {
            point3f[] points = [(-72.6688, -1499.4818, 0.3000), (-15.0294, -1493.4070, 0.3000), (25.0275, -1489.2502, 6.6220), (59.4417, -1485.6949, 6.5530), (99.3346, -1481.6882, 6.3550), (129.6880, -1478.1861, 6.3690), (130.2974, -1478.1308, 6.3820), (171.2318, -1473.4997, 6.5890), (191.7631, -1471.3134, 6.7390), (211.9996, -1469.2923, 6.7230), (232.1186, -1468.2162, 6.6970), (251.6171, -1469.1045, 6.7040), (264.9609, -1469.5349, 6.6870), (277.3791, -1471.0461, 6.5950), (291.3705, -1475.4184, 6.4740), (-72.3020, -1502.9625, 0.3000), (-14.6649, -1496.8880, 0.3000), (25.3880, -1492.7315, 6.6220), (59.7960, -1489.1770, 6.5530), (99.7066, -1485.1683, 6.3550), (130.0875, -1481.6632, 6.3690), (130.6898, -1481.6088, 6.3820), (171.6177, -1476.9783, 6.5890), (192.1225, -1474.7949, 6.7390), (212.2677, -1472.7820, 6.7230), (232.1349, -1471.7161, 6.6970), (251.4766, -1472.6017, 6.7040), (264.7002, -1473.0252, 6.6870), (276.6165, -1474.4620, 6.5950), (290.3251, -1478.7586, 6.4740)]
            int[] faceVertexCounts = [4, 4, 4, 4, 4, 4, 4, 4, 4, 4, 4, 4, 4, 4]
            int[] faceVertexIndices = [0, 1, 16, 15, 1, 2, 17, 16, 2, 3, 18, 17, 3, 4, 19, 18, 4, 5, 20, 19, 5, 6, 21, 20, 6, 7, 22, 21, 7, 8, 23, 22, 8, 9, 24, 23, 9, 10, 25, 24, 10, 11, 26, 25, 11, 12, 27, 26, 12, 13, 28, 27, 13, 14, 29, 28]
            uniform token subdivisionScheme = "none"
        }

        def Mesh "Road_602"
        {
            point3f[] points = [(840.2868, -1091.4329, 5.6830), (838.8832, -1086.0164, 5.7150), (838.3701, -1084.1473, 5.7390), (837.7979, -1082.4054, 5.7080), (837.1140, -1080.6143, 5.7180), (835.5882, -1077.0058, 5.7430), (808.5130, -1018.9863, 6.3510), (843.6749, -1090.5549, 5.6830), (842.2679, -1085.1255, 5.7150), (841.7217, -1083.1389, 5.7390), (841.0957, -1081.2331, 5.7080), (840.3533, -1079.2888, 5.7180), (838.7630, -1075.5325, 5.7430), (811.6847, -1017.5062, 6.3510)]
            int[] faceVertexCounts = [4, 4, 4, 4, 4, 4]
            int[] faceVertexIndices = [0, 1, 8, 7, 1, 2, 9, 8, 2, 3, 10, 9, 3, 4, 11, 10, 4, 5, 12, 11, 5, 6, 13, 12]
            uniform token subdivisionScheme = "none"
        }

        def Mesh "Road_603"
        {
            point3f[] points = [(114.6524, -615.6727, 4.1130), (113.0137, -610.7468, 4.2610), (112.3512, -604.6986, 4.4020), (113.7415, -598.1902, 4.6260), (117.7337, -592.7736, 4.9880), (123.0244, -588.6367, 5.4750), (137.5188, -579.7736, 6.2010), (117.9711, -614.5608, 4.1130), (116.4359, -610.0133, 4.2610), (115.8463, -604.8848, 4.4020), (116.9302, -599.6333, 4.6260), (120.2317, -595.2252, 4.9880), (124.9415, -591.5650, 5.4750), (139.3445, -582.7597, 6.2010)]
            int[] faceVertexCounts = [4, 4, 4, 4, 4, 4]
            int[] faceVertexIndices = [0, 1, 8, 7, 1, 2, 9, 8, 2, 3, 10, 9, 3, 4, 11, 10, 4, 5, 12, 11, 5, 6, 13, 12]
            uniform token subdivisionScheme = "none"
        }

        def Mesh "Road_604"
        {
            point3f[] points = [(1669.6292, -1789.0714, 5.4630), (1664.8043, -1783.7242, 5.3510), (1672.2278, -1786.7267, 5.4630), (1667.4028, -1781.3794, 5.3510)]
            int[] faceVertexCounts = [4]
            int[] faceVertexIndices = [0, 1, 3, 2]
            uniform token subdivisionScheme = "none"
        }

        def Mesh "Road_605"
        {
            point3f[] points = [(374.2391, -713.6531, 5.9150), (372.0203, -706.6702, 5.8920), (369.9831, -700.7780, 5.8480), (377.5748, -712.5931, 5.9150), (375.3434, -705.5716, 5.8920), (373.2910, -699.6344, 5.8480)]
            int[] faceVertexCounts = [4, 4]
            int[] faceVertexIndices = [0, 1, 4, 3, 1, 2, 5, 4]
            uniform token subdivisionScheme = "none"
        }

        def Mesh "Road_606"
        {
            point3f[] points = [(1926.8054, -1671.2742, 7.4870), (1933.5997, -1669.0473, 7.5310), (1939.4165, -1666.5237, 7.4480), (1942.2827, -1664.5094, 7.4070), (1945.9565, -1660.8459, 7.3220), (1927.8963, -1674.5999, 7.4870), (1934.8364, -1672.3215, 7.5310), (1941.0474, -1669.6205, 7.4480), (1944.5651, -1667.1629, 7.4070), (1948.4257, -1663.3264, 7.3220)]
            int[] faceVertexCounts = [4, 4, 4, 4]
            int[] faceVertexIndices = [0, 1, 6, 5, 1, 2, 7, 6, 2, 3, 8, 7, 3, 4, 9, 8]
            uniform token subdivisionScheme = "none"
        }

        def Mesh "Road_607"
        {
            point3f[] points = [(1739.0834, -1731.1367, 5.8660), (1733.6436, -1725.0553, 5.7280), (1741.6920, -1728.8032, 5.8660), (1736.2522, -1722.7218, 5.7280)]
            int[] faceVertexCounts = [4]
            int[] faceVertexIndices = [0, 1, 3, 2]
            uniform token subdivisionScheme = "none"
        }

        def Mesh "Road_608"
        {
            point3f[] points = [(1835.2803, -1101.4292, 7.5510), (1824.7690, -1098.9430, 7.5450), (1814.3738, -1094.1868, 7.5240), (1836.0830, -1098.0225, 7.5510), (1825.9148, -1095.6359, 7.5450), (1815.8322, -1091.0051, 7.5240)]
            int[] faceVertexCounts = [4, 4]
            int[] faceVertexIndices = [0, 1, 4, 3, 1, 2, 5, 4]
            uniform token subdivisionScheme = "none"
        }

        def Mesh "Road_609"
        {
            point3f[] points = [(1528.0816, -1440.7351, 7.1680), (1533.6065, -1435.4362, 7.2210), (1530.5043, -1443.2611, 7.1680), (1536.0292, -1437.9621, 7.2210)]
            int[] faceVertexCounts = [4]
            int[] faceVertexIndices = [0, 1, 3, 2]
            uniform token subdivisionScheme = "none"
        }

        def Mesh "Road_610"
        {
            point3f[] points = [(1044.6259, -1229.5761, 6.0320), (1038.2063, -1220.7249, 6.1450), (1047.4592, -1227.5212, 6.0320), (1041.0396, -1218.6700, 6.1450)]
            int[] faceVertexCounts = [4]
            int[] faceVertexIndices = [0, 1, 3, 2]
            uniform token subdivisionScheme = "none"
        }

        def Mesh "Road_611"
        {
            point3f[] points = [(477.7570, -548.3354, 6.1960), (497.6172, -516.8874, 6.2490), (522.3366, -478.8742, 6.0980), (480.7163, -550.2042, 6.1960), (500.5627, -518.7779, 6.2490), (525.2708, -480.7822, 6.0980)]
            int[] faceVertexCounts = [4, 4]
            int[] faceVertexIndices = [0, 1, 4, 3, 1, 2, 5, 4]
            uniform token subdivisionScheme = "none"
        }

        def Mesh "Road_612"
        {
            point3f[] points = [(859.5512, -1098.8033, 5.4590), (856.4976, -1094.6291, 5.4610), (853.7048, -1091.0687, 5.5310), (851.6400, -1089.9395, 5.5560), (849.7990, -1089.9137, 5.5590), (847.2048, -1090.9773, 5.5860), (842.5722, -1092.6409, 5.6830), (862.3760, -1096.7367, 5.4590), (859.2839, -1092.5109, 5.4610), (856.0772, -1088.4955, 5.5310), (852.6219, -1086.5801, 5.5560), (849.1302, -1086.4782, 5.5590), (845.9791, -1087.6989, 5.5860), (841.3894, -1089.3468, 5.6830)]
            int[] faceVertexCounts = [4, 4, 4, 4, 4, 4]
            int[] faceVertexIndices = [0, 1, 8, 7, 1, 2, 9, 8, 2, 3, 10, 9, 3, 4, 11, 10, 4, 5, 12, 11, 5, 6, 13, 12]
            uniform token subdivisionScheme = "none"
        }

        def Mesh "Road_613"
        {
            point3f[] points = [(1437.2247, -1353.6521, 9.3140), (1432.5658, -1350.2609, 9.5700), (1439.2845, -1350.8224, 9.3140), (1434.6256, -1347.4312, 9.5700)]
            int[] faceVertexCounts = [4]
            int[] faceVertexIndices = [0, 1, 3, 2]
            uniform token subdivisionScheme = "none"
        }

        def Mesh "Road_614"
        {
            point3f[] points = [(1752.0057, -949.7749, 7.5270), (1718.7876, -936.7187, 7.5820), (1753.2860, -946.5175, 7.5270), (1720.0679, -933.4613, 7.5820)]
            int[] faceVertexCounts = [4]
            int[] faceVertexIndices = [0, 1, 3, 2]
            uniform token subdivisionScheme = "none"
        }

        def Mesh "Road_615"
        {
            point3f[] points = [(914.0182, -1823.4984, 6.3350), (920.7359, -1820.5696, 6.1830), (926.3624, -1817.6523, 6.0170), (915.4174, -1826.7065, 6.3350), (922.2340, -1823.7327, 6.1830), (927.9729, -1820.7597, 6.0170)]
            int[] faceVertexCounts = [4, 4]
            int[] faceVertexIndices = [0, 1, 4, 3, 1, 2, 5, 4]
            uniform token subdivisionScheme = "none"
        }

        def Mesh "Road_616"
        {
            point3f[] points = [(1907.6881, -918.8415, 7.2490), (1670.1990, -822.0336, 7.2610), (1665.9650, -820.3067, 7.2910), (1909.0093, -915.6004, 7.2490), (1671.5202, -818.7926, 7.2610), (1667.2868, -817.0659, 7.2910)]
            int[] faceVertexCounts = [4, 4]
            int[] faceVertexIndices = [0, 1, 4, 3, 1, 2, 5, 4]
            uniform token subdivisionScheme = "none"
        }

        def Mesh "Road_617"
        {
            point3f[] points = [(1926.7463, -1688.6951, 7.3030), (1925.6055, -1673.0644, 7.4870), (1930.2370, -1688.4403, 7.3030), (1929.0962, -1672.8097, 7.4870)]
            int[] faceVertexCounts = [4]
            int[] faceVertexIndices = [0, 1, 3, 2]
            uniform token subdivisionScheme = "none"
        }

        def Mesh "Road_618"
        {
            point3f[] points = [(1909.9235, -996.6934, 7.2670), (1896.3177, -997.1094, 7.1530), (1880.2416, -997.5316, 7.1480), (1871.9284, -996.0268, 7.3080), (1863.1390, -993.0505, 7.3910), (1836.4671, -981.9374, 7.3800), (1795.2111, -966.3236, 7.6490), (1909.8165, -993.1950, 7.2670), (1896.2183, -993.6108, 7.1530), (1880.3917, -994.0348, 7.1480), (1872.8208, -992.6425, 7.3080), (1864.4324, -989.7983, 7.3910), (1837.7486, -978.6805, 7.3800), (1796.4499, -963.0501, 7.6490)]
            int[] faceVertexCounts = [4, 4, 4, 4, 4, 4]
            int[] faceVertexIndices = [0, 1, 8, 7, 1, 2, 9, 8, 2, 3, 10, 9, 3, 4, 11, 10, 4, 5, 12, 11, 5, 6, 13, 12]
            uniform token subdivisionScheme = "none"
        }

        def Mesh "Road_619"
        {
            point3f[] points = [(1329.4607, -1180.5920, 8.5060), (1243.7439, -1165.9341, 8.8330), (1330.0507, -1177.1421, 8.5060), (1244.3338, -1162.4842, 8.8330)]
            int[] faceVertexCounts = [4]
            int[] faceVertexIndices = [0, 1, 3, 2]
            uniform token subdivisionScheme = "none"
        }

        def Mesh "Road_620"
        {
            point3f[] points = [(220.6351, -594.1789, 4.3710), (206.7355, -589.8928, 3.5560), (194.6552, -588.5531, 3.1370), (182.0957, -587.3344, 2.7460), (221.6650, -590.8339, 4.3710), (207.4757, -586.4719, 3.5560), (195.0182, -585.0720, 3.1370), (182.4337, -583.8507, 2.7460)]
            int[] faceVertexCounts = [4, 4, 4]
            int[] faceVertexIndices = [0, 1, 5, 4, 1, 2, 6, 5, 2, 3, 7, 6]
            uniform token subdivisionScheme = "none"
        }

        def Mesh "Road_621"
        {
            point3f[] points = [(1177.2023, -1778.6917, 5.0620), (1187.2188, -1771.1366, 4.9620), (1206.8655, -1751.6101, 5.0830), (1258.4940, -1701.1028, 5.4760), (1307.0272, -1654.3636, 5.8460), (1344.0356, -1618.0902, 6.0430), (1179.3115, -1781.4847, 5.0620), (1189.5783, -1773.7218, 4.9620), (1209.3185, -1754.1067, 5.0830), (1260.9321, -1703.6139, 5.4760), (1309.4647, -1656.8753, 5.8460), (1346.4856, -1620.5897, 6.0430)]
            int[] faceVertexCounts = [4, 4, 4, 4, 4]
            int[] faceVertexIndices = [0, 1, 7, 6, 1, 2, 8, 7, 2, 3, 9, 8, 3, 4, 10, 9, 4, 5, 11, 10]
            uniform token subdivisionScheme = "none"
        }

        def Mesh "Road_622"
        {
            point3f[] points = [(1433.2263, -1350.5566, 9.5700), (1423.4760, -1348.4471, 9.9250), (1418.1271, -1346.2249, 10.2610), (1411.7572, -1341.8414, 10.4510), (1405.1642, -1336.0523, 10.7820), (1398.8720, -1329.9982, 11.0480), (1393.9556, -1324.7832, 11.3660), (1433.9652, -1347.1355, 9.5700), (1424.4313, -1345.0800, 9.9250), (1419.8526, -1343.1798, 10.2610), (1413.9204, -1339.0899, 10.4510), (1407.5332, -1333.4759, 10.7820), (1401.3537, -1327.5302, 11.0480), (1396.5025, -1322.3825, 11.3660)]
            int[] faceVertexCounts = [4, 4, 4, 4, 4, 4]
            int[] faceVertexIndices = [0, 1, 8, 7, 1, 2, 9, 8, 2, 3, 10, 9, 3, 4, 11, 10, 4, 5, 12, 11, 5, 6, 13, 12]
            uniform token subdivisionScheme = "none"
        }

        def Mesh "Road_623"
        {
            point3f[] points = [(1111.0929, -1655.7240, 5.5400), (1118.9490, -1651.6937, 5.5450), (1112.6905, -1658.8381, 5.5400), (1120.5466, -1654.8078, 5.5450)]
            int[] faceVertexCounts = [4]
            int[] faceVertexIndices = [0, 1, 3, 2]
            uniform token subdivisionScheme = "none"
        }

        def Mesh "Road_624"
        {
            point3f[] points = [(1849.6660, -1693.4842, 7.2160), (1849.7389, -1687.5128, 7.1950), (1849.6505, -1685.6052, 7.2550), (1849.6008, -1684.9436, 7.2700), (1849.3888, -1683.0223, 7.2500), (1849.0731, -1681.1553, 7.2500), (1848.6462, -1679.3260, 7.2680), (1848.0872, -1677.5576, 7.2780), (1847.3560, -1675.8029, 7.2740), (1847.1974, -1675.4748, 7.2490), (1846.2742, -1673.8129, 7.2490), (1845.2353, -1672.2800, 7.2140), (1844.0609, -1670.8194, 7.1730), (1842.7814, -1669.4097, 7.1340), (1841.4170, -1668.0489, 7.1320), (1840.4147, -1667.1239, 7.0850), (1838.9457, -1665.8589, 7.0510), (1837.4339, -1664.6552, 7.0440), (1835.8798, -1663.5144, 6.9900), (1834.2829, -1662.4418, 6.9710), (1832.6398, -1661.4430, 6.9640), (1831.0839, -1660.5870, 6.9820), (1829.3815, -1659.7438, 6.9560), (1825.7747, -1658.1904, 6.9520), (1795.1430, -1645.9497, 7.0310), (1779.2537, -1639.9259, 7.0130), (1748.2555, -1627.6977, 6.9450), (1719.9115, -1616.5519, 7.0130), (1702.3247, -1609.3063, 6.9480), (1687.4133, -1603.6180, 6.9770), (1674.5074, -1598.8153, 7.0370), (1660.7376, -1593.0113, 7.0330), (1652.5856, -1588.7574, 7.0590), (1647.8628, -1585.0927, 7.0670), (1646.2158, -1584.0228, 7.0800), (1644.4004, -1582.5863, 7.0800), (1642.4329, -1580.1393, 7.1110), (1637.3727, -1577.0506, 7.1520), (1631.4790, -1573.7070, 7.2120), (1617.5427, -1566.4709, 7.2550), (1607.1910, -1560.5127, 7.3200), (1597.4087, -1554.8717, 7.1390), (1593.3388, -1550.1887, 7.1190), (1853.1658, -1693.5268, 7.2160), (1853.2388, -1687.5050, 7.1950), (1853.1455, -1685.4179, 7.2550), (1853.0831, -1684.5916, 7.2700), (1852.8551, -1682.5377, 7.2500), (1852.5043, -1680.4648, 7.2500), (1852.0213, -1678.3995, 7.2680), (1851.3748, -1676.3568, 7.2780), (1850.5718, -1674.4216, 7.2740), (1850.2756, -1673.8092, 7.2490), (1849.2550, -1671.9785, 7.2490), (1848.0507, -1670.2006, 7.2140), (1846.7222, -1668.5463, 7.1730), (1845.3142, -1666.9941, 7.1340), (1843.8483, -1665.5313, 7.1320), (1842.7365, -1664.5049, 7.0850), (1841.1779, -1663.1631, 7.0510), (1839.5598, -1661.8748, 7.0440), (1837.8914, -1660.6503, 6.9900), (1836.1682, -1659.4930, 6.9710), (1834.3954, -1658.4151, 6.9640), (1832.7015, -1657.4832, 6.9820), (1830.8222, -1656.5540, 6.9560), (1827.0828, -1654.9440, 6.9520), (1796.4221, -1642.6918, 7.0310), (1780.5234, -1636.6643, 7.0130), (1749.5382, -1624.4412, 6.9450), (1721.2125, -1613.3027, 7.0130), (1703.6189, -1606.0544, 6.9480), (1688.6483, -1600.3432, 6.9770), (1675.8003, -1595.5629, 7.0370), (1662.1957, -1589.8295, 7.0330), (1654.4204, -1585.7769, 7.0590), (1649.9530, -1582.2854, 7.0670), (1648.2494, -1581.1741, 7.0800), (1646.9133, -1580.1501, 7.0800), (1644.5986, -1577.3898, 7.1110), (1639.1484, -1574.0345, 7.1520), (1633.1267, -1570.6192, 7.2120), (1619.2134, -1563.3954, 7.2550), (1608.9367, -1557.4791, 7.3200), (1599.4951, -1552.0615, 7.1390), (1595.9966, -1547.9114, 7.1190)]
            int[] faceVertexCounts = [4, 4, 4, 4, 4, 4, 4, 4, 4, 4, 4, 4, 4, 4, 4, 4, 4, 4, 4, 4, 4, 4, 4, 4, 4, 4, 4, 4, 4, 4, 4, 4, 4, 4, 4, 4, 4, 4, 4, 4, 4, 4]
            int[] faceVertexIndices = [0, 1, 44, 43, 1, 2, 45, 44, 2, 3, 46, 45, 3, 4, 47, 46, 4, 5, 48, 47, 5, 6, 49, 48, 6, 7, 50, 49, 7, 8, 51, 50, 8, 9, 52, 51, 9, 10, 53, 52, 10, 11, 54, 53, 11, 12, 55, 54, 12, 13, 56, 55, 13, 14, 57, 56, 14, 15, 58, 57, 15, 16, 59, 58, 16, 17, 60, 59, 17, 18, 61, 60, 18, 19, 62, 61, 19, 20, 63, 62, 20, 21, 64, 63, 21, 22, 65, 64, 22, 23, 66, 65, 23, 24, 67, 66, 24, 25, 68, 67, 25, 26, 69, 68, 26, 27, 70, 69, 27, 28, 71, 70, 28, 29, 72, 71, 29, 30, 73, 72, 30, 31, 74, 73, 31, 32, 75, 74, 32, 33, 76, 75, 33, 34, 77, 76, 34, 35, 78, 77, 35, 36, 79, 78, 36, 37, 80, 79, 37, 38, 81, 80, 38, 39, 82, 81, 39, 40, 83, 82, 40, 41, 84, 83, 41, 42, 85, 84]
            uniform token subdivisionScheme = "none"
        }

        def Mesh "Road_625"
        {
            point3f[] points = [(1684.9812, -1031.7873, 7.6630), (1703.6837, -974.2042, 7.7180), (1717.7786, -934.5045, 7.5820), (1688.3101, -1032.8684, 7.6630), (1707.0003, -975.3223, 7.7180), (1721.0769, -935.6755, 7.5820)]
            int[] faceVertexCounts = [4, 4]
            int[] faceVertexIndices = [0, 1, 4, 3, 1, 2, 5, 4]
            uniform token subdivisionScheme = "none"
        }

        def Mesh "Road_626"
        {
            point3f[] points = [(1733.9673, -1725.3380, 5.7280), (1731.3242, -1723.5476, 5.7840), (1729.6570, -1722.7005, 5.7940), (1729.0904, -1722.4027, 5.7940), (1721.8798, -1718.5295, 5.7180), (1716.5332, -1715.8987, 5.7520), (1714.7976, -1715.0566, 5.7520), (1707.6831, -1711.4352, 5.6230), (1694.7489, -1705.1591, 5.6230), (1735.9285, -1722.4391, 5.7280), (1733.1493, -1720.5612, 5.7840), (1731.2590, -1719.5887, 5.7940), (1730.7446, -1719.3183, 5.7940), (1723.4895, -1715.4216, 5.7180), (1718.0743, -1712.7562, 5.7520), (1716.3737, -1711.9316, 5.7520), (1709.2324, -1708.2968, 5.6230), (1696.2768, -1702.0103, 5.6230)]
            int[] faceVertexCounts = [4, 4, 4, 4, 4, 4, 4, 4]
            int[] faceVertexIndices = [0, 1, 10, 9, 1, 2, 11, 10, 2, 3, 12, 11, 3, 4, 13, 12, 4, 5, 14, 13, 5, 6, 15, 14, 6, 7, 16, 15, 7, 8, 17, 16]
            uniform token subdivisionScheme = "none"
        }

        def Mesh "Road_627"
        {
            point3f[] points = [(1957.7429, -1664.0409, 7.4470), (1947.1572, -1663.8358, 7.3220), (1957.8106, -1660.5415, 7.4470), (1947.2250, -1660.3365, 7.3220)]
            int[] faceVertexCounts = [4]
            int[] faceVertexIndices = [0, 1, 3, 2]
            uniform token subdivisionScheme = "none"
        }

        def Mesh "Road_628"
        {
            point3f[] points = [(2100.8001, -1594.8211, 9.0370), (2103.8686, -1586.1985, 8.8950), (2105.1268, -1580.6569, 8.7600), (2105.4011, -1576.5875, 8.5250), (2104.6955, -1572.6328, 8.4550), (2104.3217, -1567.9317, 8.3730), (2104.7151, -1562.3151, 8.1840), (2106.8856, -1556.3062, 7.9460), (2109.8491, -1547.3411, 7.2520), (2114.5368, -1535.2368, 6.6600), (2121.3001, -1521.5652, 6.5450), (2132.2855, -1500.6612, 6.3860), (2132.6905, -1499.9440, 6.3860), (2141.2302, -1484.1116, 6.4470), (2141.6964, -1483.2300, 6.4750), (2147.3274, -1472.6388, 6.3860), (2147.7136, -1471.9067, 6.3860), (2150.4792, -1466.5900, 6.4030), (2150.8667, -1465.8275, 6.4380), (2153.6114, -1460.4854, 6.4720), (2154.2337, -1459.3409, 6.4960), (2156.2883, -1455.8784, 6.4840), (2157.2691, -1454.3075, 6.4890), (2161.5858, -1447.5706, 0.3000), (2162.2470, -1446.5472, 0.3000), (2164.4065, -1443.1840, 0.3000), (2165.3246, -1441.7469, 0.3000), (2170.7150, -1433.3273, 0.3000), (2171.0407, -1432.8361, 0.3000), (2173.2938, -1429.5253, 0.3000), (2174.1123, -1428.3384, 0.3000), (2179.5582, -1420.4250, 0.3000), (2186.3558, -1410.5448, 0.3000), (2187.3751, -1409.0364, 0.3000), (2193.9364, -1398.9995, 0.3000), (2194.6321, -1397.9221, 0.3000), (2200.2397, -1389.3347, 0.3000), (2206.9414, -1379.3713, 0.3000), (2207.4569, -1378.6268, 0.3000), (2212.0452, -1372.0760, 0.3000), (2212.2339, -1371.8079, 0.3000), (2218.7978, -1362.4407, 0.3000), (2104.0978, -1595.9938, 9.0370), (2107.2170, -1587.2176, 8.8950), (2108.5843, -1581.2009, 8.7600), (2108.8967, -1576.4135, 8.5250), (2108.1682, -1572.1963, 8.4550), (2107.8217, -1567.9285, 8.3730), (2108.1309, -1563.0780, 8.1840), (2110.1956, -1557.4436, 7.9460), (2113.1391, -1548.5352, 7.2520), (2117.7353, -1536.6579, 6.6600), (2124.4137, -1523.1638, 6.5450), (2135.3821, -1502.2925, 6.3860), (2135.7695, -1501.6082, 6.3860), (2144.3114, -1485.7718, 6.4470), (2144.7870, -1484.8725, 6.4750), (2150.4181, -1474.2812, 6.3860), (2150.8175, -1473.5241, 6.3860), (2153.5862, -1468.2015, 6.4030), (2153.9807, -1467.4252, 6.4380), (2156.7183, -1462.0970, 6.4720), (2157.2593, -1461.1003, 6.4960), (2159.2856, -1457.6857, 6.4840), (2160.2201, -1456.1894, 6.4890), (2164.5318, -1449.4603, 0.3000), (2165.1909, -1448.4402, 0.3000), (2167.3529, -1445.0731, 0.3000), (2168.2725, -1443.6336, 0.3000), (2173.6611, -1435.2169, 0.3000), (2173.9370, -1434.8012, 0.3000), (2176.1842, -1431.4991, 0.3000), (2176.9953, -1430.3229, 0.3000), (2182.4415, -1422.4090, 0.3000), (2189.2415, -1412.5254, 0.3000), (2190.3007, -1410.9575, 0.3000), (2196.8670, -1400.9130, 0.3000), (2197.5637, -1399.8341, 0.3000), (2203.1561, -1391.2699, 0.3000), (2209.8437, -1381.3274, 0.3000), (2210.3247, -1380.6332, 0.3000), (2214.9118, -1374.0841, 0.3000), (2215.1001, -1373.8166, 0.3000), (2221.6641, -1364.4492, 0.3000)]
            int[] faceVertexCounts = [4, 4, 4, 4, 4, 4, 4, 4, 4, 4, 4, 4, 4, 4, 4, 4, 4, 4, 4, 4, 4, 4, 4, 4, 4, 4, 4, 4, 4, 4, 4, 4, 4, 4, 4, 4, 4, 4, 4, 4, 4]
            int[] faceVertexIndices = [0, 1, 43, 42, 1, 2, 44, 43, 2, 3, 45, 44, 3, 4, 46, 45, 4, 5, 47, 46, 5, 6, 48, 47, 6, 7, 49, 48, 7, 8, 50, 49, 8, 9, 51, 50, 9, 10, 52, 51, 10, 11, 53, 52, 11, 12, 54, 53, 12, 13, 55, 54, 13, 14, 56, 55, 14, 15, 57, 56, 15, 16, 58, 57, 16, 17, 59, 58, 17, 18, 60, 59, 18, 19, 61, 60, 19, 20, 62, 61, 20, 21, 63, 62, 21, 22, 64, 63, 22, 23, 65, 64, 23, 24, 66, 65, 24, 25, 67, 66, 25, 26, 68, 67, 26, 27, 69, 68, 27, 28, 70, 69, 28, 29, 71, 70, 29, 30, 72, 71, 30, 31, 73, 72, 31, 32, 74, 73, 32, 33, 75, 74, 33, 34, 76, 75, 34, 35, 77, 76, 35, 36, 78, 77, 36, 37, 79, 78, 37, 38, 80, 79, 38, 39, 81, 80, 39, 40, 82, 81, 40, 41, 83, 82]
            uniform token subdivisionScheme = "none"
        }

        def Mesh "Road_629"
        {
            point3f[] points = [(1272.1763, -1057.1903, 7.0790), (1274.8173, -1044.5657, 7.0380), (1275.1390, -1028.8793, 6.9970), (1275.2461, -1008.1091, 6.9470), (1273.4124, -994.0077, 6.9850), (1271.8356, -975.4903, 7.0630), (1270.0413, -952.1787, 7.1590), (1270.1358, -937.3936, 7.1410), (1275.6027, -1057.9046, 7.0790), (1278.2983, -1044.9301, 7.0380), (1278.6387, -1028.9209, 6.9970), (1278.7418, -1007.9361, 6.9470), (1276.8934, -993.6440, 6.9850), (1275.3242, -975.2091, 7.0630), (1273.5378, -952.0225, 7.1590), (1273.6358, -937.4165, 7.1410)]
            int[] faceVertexCounts = [4, 4, 4, 4, 4, 4, 4]
            int[] faceVertexIndices = [0, 1, 9, 8, 1, 2, 10, 9, 2, 3, 11, 10, 3, 4, 12, 11, 4, 5, 13, 12, 5, 6, 14, 13, 6, 7, 15, 14]
            uniform token subdivisionScheme = "none"
        }

        def Mesh "Road_630"
        {
            point3f[] points = [(1441.8949, -1357.0510, 8.9550), (1437.2249, -1353.6522, 9.3140), (1443.9545, -1354.2212, 8.9550), (1439.2844, -1350.8223, 9.3140)]
            int[] faceVertexCounts = [4]
            int[] faceVertexIndices = [0, 1, 3, 2]
            uniform token subdivisionScheme = "none"
        }

        def Mesh "Road_631"
        {
            point3f[] points = [(1026.3638, -1474.4043, 5.3640), (1036.3289, -1470.2910, 5.1080), (1027.6992, -1477.6395, 5.3640), (1037.6643, -1473.5262, 5.1080)]
            int[] faceVertexCounts = [4]
            int[] faceVertexIndices = [0, 1, 3, 2]
            uniform token subdivisionScheme = "none"
        }

        def Mesh "Road_632"
        {
            point3f[] points = [(115.7710, -613.4524, 4.1130), (117.4944, -612.8942, 3.9480), (124.8775, -610.0448, 3.3770), (137.6923, -604.2337, 2.2700), (138.3011, -603.9698, 2.2700), (140.2897, -603.1785, 2.3800), (116.8525, -616.7811, 4.1130), (118.7210, -616.1722, 3.9480), (126.2566, -613.2617, 3.3770), (139.1356, -607.4222, 2.2700), (139.6168, -607.2131, 2.2700), (141.5836, -606.4306, 2.3800)]
            int[] faceVertexCounts = [4, 4, 4, 4, 4]
            int[] faceVertexIndices = [0, 1, 7, 6, 1, 2, 8, 7, 2, 3, 9, 8, 3, 4, 10, 9, 4, 5, 11, 10]
            uniform token subdivisionScheme = "none"
        }

        def Mesh "Road_633"
        {
            point3f[] points = [(1685.9096, -1033.9155, 7.6630), (1646.4647, -1015.6297, 7.7020), (1687.3817, -1030.7401, 7.6630), (1647.9368, -1012.4543, 7.7020)]
            int[] faceVertexCounts = [4]
            int[] faceVertexIndices = [0, 1, 3, 2]
            uniform token subdivisionScheme = "none"
        }

        def Mesh "Road_634"
        {
            point3f[] points = [(718.9360, -390.2783, 7.5160), (722.5049, -387.1742, 7.4820), (723.6144, -386.2500, 7.5070), (726.7658, -383.6869, 7.6040), (744.3616, -370.4803, 7.5730), (744.8096, -370.1532, 7.6720), (759.4887, -359.7399, 7.6500), (761.3030, -358.5527, 7.5990), (781.8136, -346.1048, 7.4470), (782.9931, -345.3872, 7.5120), (789.8720, -341.2372, 7.4190), (795.2273, -338.3476, 7.3720), (799.0314, -336.5628, 7.4030), (804.6288, -334.2953, 7.3200), (805.2290, -334.0715, 7.3330), (807.1573, -333.3747, 7.3330), (813.6060, -331.2965, 7.3640), (721.2330, -392.9191, 7.5160), (724.7889, -389.8262, 7.4820), (725.8314, -388.9582, 7.5070), (728.8837, -386.4734, 7.6040), (746.4617, -373.2802, 7.5730), (746.8358, -373.0071, 7.6720), (761.5027, -362.6023, 7.6500), (763.1269, -361.5400, 7.5990), (783.6297, -349.0968, 7.4470), (784.8029, -348.3830, 7.5120), (791.6179, -344.2706, 7.4190), (796.8187, -341.4648, 7.3720), (800.4157, -339.7774, 7.4030), (805.9344, -337.5426, 7.3200), (806.4261, -337.3604, 7.3330), (808.2577, -336.6973, 7.3330), (814.6795, -334.6278, 7.3640)]
            int[] faceVertexCounts = [4, 4, 4, 4, 4, 4, 4, 4, 4, 4, 4, 4, 4, 4, 4, 4]
            int[] faceVertexIndices = [0, 1, 18, 17, 1, 2, 19, 18, 2, 3, 20, 19, 3, 4, 21, 20, 4, 5, 22, 21, 5, 6, 23, 22, 6, 7, 24, 23, 7, 8, 25, 24, 8, 9, 26, 25, 9, 10, 27, 26, 10, 11, 28, 27, 11, 12, 29, 28, 12, 13, 30, 29, 13, 14, 31, 30, 14, 15, 32, 31, 15, 16, 33, 32]
            uniform token subdivisionScheme = "none"
        }

        def Mesh "Road_635"
        {
            point3f[] points = [(1958.4521, -1573.5975, 6.8290), (1978.2714, -1516.9912, 6.5490), (1978.5787, -1516.1451, 6.5490), (2009.1249, -1435.7911, 6.5880), (2009.3388, -1435.2307, 6.5880), (2034.3416, -1367.7440, 6.7270), (2034.9902, -1365.9436, 6.7440), (2046.4563, -1333.9500, 6.6860), (2046.9767, -1332.4935, 6.6860), (1961.7554, -1574.7541, 6.8290), (1981.5746, -1518.1484, 6.5490), (1981.8505, -1517.3883, 6.5490), (2012.3964, -1437.0348, 6.5880), (2012.6207, -1436.4469, 6.5880), (2037.6239, -1368.9592, 6.7270), (2038.2849, -1367.1247, 6.7440), (2049.7512, -1335.1307, 6.6860), (2050.2727, -1333.6711, 6.6860)]
            int[] faceVertexCounts = [4, 4, 4, 4, 4, 4, 4, 4]
            int[] faceVertexIndices = [0, 1, 10, 9, 1, 2, 11, 10, 2, 3, 12, 11, 3, 4, 13, 12, 4, 5, 14, 13, 5, 6, 15, 14, 6, 7, 16, 15, 7, 8, 17, 16]
            uniform token subdivisionScheme = "none"
        }

        def Mesh "Road_636"
        {
            point3f[] points = [(1803.7436, -2128.6469, 0.3000), (1809.0562, -2109.3431, 0.3000), (1811.6946, -2101.6980, 0.3000), (1812.4347, -2099.7791, 0.3000), (1812.8316, -2098.7848, 0.3000), (1816.0748, -2091.4001, 0.3000), (1820.7213, -2082.4373, 0.3000), (1826.8236, -2072.0579, 0.3000), (1827.6370, -2070.7476, 0.3000), (1840.9968, -2050.7607, 0.3000), (1856.6490, -2029.9571, 0.3000), (1857.0669, -2029.4288, 0.3000), (1890.8950, -1987.4298, 0.3000), (1897.9378, -1977.8066, 0.3000), (1898.7523, -1976.6559, 0.3000), (1906.4453, -1965.0333, 0.3000), (1913.4371, -1953.0167, 0.3000), (1917.9628, -1944.1762, 0.3000), (1918.7216, -1942.5864, 0.3000), (1923.5074, -1931.6557, 0.3000), (1927.6155, -1920.4936, 0.3000), (1930.4730, -1911.0187, 0.3000), (1932.3630, -1903.3071, 0.3000), (1932.5658, -1902.3764, 0.3000), (1934.6951, -1890.6774, 0.3000), (1937.7516, -1860.8922, 0.3000), (1937.8922, -1859.1655, 0.3000), (1941.6666, -1805.3326, 7.0500), (1941.9285, -1797.3991, 7.0230), (1941.9742, -1795.5689, 7.0260), (1942.7951, -1759.5937, 7.3640), (1942.8361, -1758.8627, 7.3640), (1943.2180, -1750.8901, 7.3850), (1943.2358, -1748.9929, 7.3810), (1943.1507, -1747.1001, 7.3820), (1942.9460, -1745.2240, 7.3670), (1942.6108, -1743.2924, 7.3680), (1942.1716, -1741.4975, 7.3530), (1939.7780, -1733.8860, 7.3750), (1939.5237, -1732.9994, 7.3860), (1939.0337, -1730.9972, 7.3580), (1938.6348, -1728.9552, 7.3310), (1938.3315, -1726.9023, 7.3150), (1938.1128, -1724.8489, 7.3170), (1937.9683, -1722.7963, 7.3150), (1937.8997, -1720.9596, 7.3150), (1937.9005, -1716.9372, 7.3270), (1937.9128, -1716.1091, 7.3310), (1807.1181, -2129.5756, 0.3000), (1812.4132, -2110.3333, 0.3000), (1814.9945, -2102.8642, 0.3000), (1815.6953, -2101.0513, 0.3000), (1816.0418, -2100.1794, 0.3000), (1819.2270, -2092.9211, 0.3000), (1823.7805, -2084.1377, 0.3000), (1829.8362, -2073.8396, 0.3000), (1830.5506, -2072.6869, 0.3000), (1843.8490, -2052.7893, 0.3000), (1859.4446, -2032.0630, 0.3000), (1859.7929, -2031.6240, 0.3000), (1893.6391, -1989.6023, 0.3000), (1900.7657, -1979.8689, 0.3000), (1901.6652, -1978.5962, 0.3000), (1909.4185, -1966.8800, 0.3000), (1916.5009, -1954.7087, 0.3000), (1921.0851, -1945.7577, 0.3000), (1921.9217, -1944.0039, 0.3000), (1926.7542, -1932.9625, 0.3000), (1930.9316, -1921.6130, 0.3000), (1933.8466, -1911.9510, 0.3000), (1935.7648, -1904.1302, 0.3000), (1936.0076, -1903.0118, 0.3000), (1938.1680, -1891.1118, 0.3000), (1941.2337, -1861.2454, 0.3000), (1941.3835, -1859.4115, 0.3000), (1945.1591, -1805.5608, 7.0500), (1945.4268, -1797.5096, 7.0230), (1945.4733, -1795.6491, 7.0260), (1946.2941, -1759.6758, 7.3640), (1946.3319, -1759.0327, 7.3640), (1946.7152, -1751.0307, 7.3850), (1946.7352, -1748.9307, 7.3810), (1946.6404, -1746.8313, 7.3820), (1946.4113, -1744.7326, 7.3670), (1946.0371, -1742.5778, 7.3680), (1945.5236, -1740.4904, 7.3530), (1943.1193, -1732.8440, 7.3750), (1942.9134, -1732.1274, 7.3860), (1942.4519, -1730.2451, 7.3580), (1942.0844, -1728.3639, 7.3310), (1941.8036, -1726.4613, 7.3150), (1941.5992, -1724.5408, 7.3170), (1941.4630, -1722.6042, 7.3150), (1941.3994, -1720.9200, 7.3150), (1941.4005, -1716.9467, 7.3270), (1941.4124, -1716.1616, 7.3310)]
            int[] faceVertexCounts = [4, 4, 4, 4, 4, 4, 4, 4, 4, 4, 4, 4, 4, 4, 4, 4, 4, 4, 4, 4, 4, 4, 4, 4, 4, 4, 4, 4, 4, 4, 4, 4, 4, 4, 4, 4, 4, 4, 4, 4, 4, 4, 4, 4, 4, 4, 4]
            int[] faceVertexIndices = [0, 1, 49, 48, 1, 2, 50, 49, 2, 3, 51, 50, 3, 4, 52, 51, 4, 5, 53, 52, 5, 6, 54, 53, 6, 7, 55, 54, 7, 8, 56, 55, 8, 9, 57, 56, 9, 10, 58, 57, 10, 11, 59, 58, 11, 12, 60, 59, 12, 13, 61, 60, 13, 14, 62, 61, 14, 15, 63, 62, 15, 16, 64, 63, 16, 17, 65, 64, 17, 18, 66, 65, 18, 19, 67, 66, 19, 20, 68, 67, 20, 21, 69, 68, 21, 22, 70, 69, 22, 23, 71, 70, 23, 24, 72, 71, 24, 25, 73, 72, 25, 26, 74, 73, 26, 27, 75, 74, 27, 28, 76, 75, 28, 29, 77, 76, 29, 30, 78, 77, 30, 31, 79, 78, 31, 32, 80, 79, 32, 33, 81, 80, 33, 34, 82, 81, 34, 35, 83, 82, 35, 36, 84, 83, 36, 37, 85, 84, 37, 38, 86, 85, 38, 39, 87, 86, 39, 40, 88, 87, 40, 41, 89, 88, 41, 42, 90, 89, 42, 43, 91, 90, 43, 44, 92, 91, 44, 45, 93, 92, 45, 46, 94, 93, 46, 47, 95, 94]
            uniform token subdivisionScheme = "none"
        }

        def Mesh "Road_637"
        {
            point3f[] points = [(751.5376, -1145.4947, 5.2720), (759.6691, -1141.4634, 5.8620), (767.5447, -1137.3775, 5.8000), (778.5136, -1131.5306, 5.7160), (789.9254, -1125.7235, 5.5720), (798.0007, -1120.4619, 5.5180), (753.0922, -1148.6305, 5.2720), (761.2521, -1144.5850, 5.8620), (769.1767, -1140.4738, 5.8000), (780.1303, -1134.6349, 5.7160), (791.6543, -1128.7666, 5.5720), (799.9104, -1123.3950, 5.5180)]
            int[] faceVertexCounts = [4, 4, 4, 4, 4]
            int[] faceVertexIndices = [0, 1, 7, 6, 1, 2, 8, 7, 2, 3, 9, 8, 3, 4, 10, 9, 4, 5, 11, 10]
            uniform token subdivisionScheme = "none"
        }

        def Mesh "Road_638"
        {
            point3f[] points = [(1246.0040, -1280.6747, 11.4920), (1232.3422, -1277.7274, 11.2250), (1228.4685, -1277.0755, 11.0580), (1227.3718, -1276.9110, 11.0590), (1219.4847, -1276.0158, 11.0060), (1209.5514, -1275.4089, 10.7760), (1208.7912, -1275.3761, 10.7530), (1188.8412, -1274.9513, 10.5270), (1158.8793, -1275.3041, 9.4120), (1156.9301, -1275.3411, 9.3810), (1246.7420, -1277.2534, 11.4920), (1233.0456, -1274.2988, 11.2250), (1229.0355, -1273.6217, 11.0580), (1227.7821, -1273.4351, 11.0590), (1219.7788, -1272.5282, 11.0060), (1209.7602, -1271.9151, 10.7760), (1208.8687, -1271.8770, 10.7530), (1188.8462, -1271.4513, 10.5270), (1158.8366, -1271.8044, 9.4120), (1156.8638, -1271.8417, 9.3810)]
            int[] faceVertexCounts = [4, 4, 4, 4, 4, 4, 4, 4, 4]
            int[] faceVertexIndices = [0, 1, 11, 10, 1, 2, 12, 11, 2, 3, 13, 12, 3, 4, 14, 13, 4, 5, 15, 14, 5, 6, 16, 15, 6, 7, 17, 16, 7, 8, 18, 17, 8, 9, 19, 18]
            uniform token subdivisionScheme = "none"
        }

        def Mesh "Road_639"
        {
            point3f[] points = [(1665.9689, -820.3083, 7.2910), (1614.1759, -799.3297, 7.2720), (1613.8126, -799.1804, 7.2720), (1473.7488, -740.2965, 7.2710), (1472.0585, -739.6025, 7.2620), (1386.6386, -705.5371, 7.3520), (1385.3893, -705.0459, 7.3520), (1667.2828, -817.0643, 7.2910), (1615.4900, -796.0858, 7.2720), (1615.1689, -795.9539, 7.2720), (1475.1049, -737.0699, 7.2710), (1473.3556, -736.3517, 7.2620), (1387.9349, -702.2860, 7.3520), (1386.6700, -701.7886, 7.3520)]
            int[] faceVertexCounts = [4, 4, 4, 4, 4, 4]
            int[] faceVertexIndices = [0, 1, 8, 7, 1, 2, 9, 8, 2, 3, 10, 9, 3, 4, 11, 10, 4, 5, 12, 11, 5, 6, 13, 12]
            uniform token subdivisionScheme = "none"
        }

        def Mesh "Road_640"
        {
            point3f[] points = [(378.4833, -695.8196, 5.7740), (383.1503, -686.7325, 6.0120), (390.6755, -676.3425, 6.1670), (403.2529, -659.6301, 6.2930), (412.7993, -647.4823, 6.3240), (421.0499, -635.3547, 6.3470), (381.5977, -697.4166, 5.7740), (386.1169, -688.5897, 6.0120), (393.4863, -678.4280, 6.1670), (406.0307, -661.7595, 6.2930), (415.6220, -649.5517, 6.3240), (423.9436, -637.3236, 6.3470)]
            int[] faceVertexCounts = [4, 4, 4, 4, 4]
            int[] faceVertexIndices = [0, 1, 7, 6, 1, 2, 8, 7, 2, 3, 9, 8, 3, 4, 10, 9, 4, 5, 11, 10]
            uniform token subdivisionScheme = "none"
        }

        def Mesh "Road_641"
        {
            point3f[] points = [(1731.3346, -1396.8645, 7.0130), (1644.5617, -1319.0708, 7.2320), (1733.6710, -1394.2585, 7.0130), (1646.8980, -1316.4648, 7.2320)]
            int[] faceVertexCounts = [4]
            int[] faceVertexIndices = [0, 1, 3, 2]
            uniform token subdivisionScheme = "none"
        }

        def Mesh "Road_642"
        {
            point3f[] points = [(1490.1322, -374.9953, 6.5850), (1490.7270, -374.0694, 6.5850), (1493.8402, -368.9827, 6.4830), (1494.7152, -367.3259, 6.4640), (1495.5302, -365.5816, 6.4640), (1496.0090, -364.4349, 6.4070), (1496.6797, -362.6285, 6.4000), (1497.2507, -360.8219, 6.3720), (1498.7851, -355.0514, 6.2130), (1499.1005, -353.7599, 6.2070), (1503.5739, -334.2779, 6.0140), (1503.9560, -332.5247, 5.8820), (1508.1129, -312.9717, 5.5730), (1508.4433, -311.3805, 5.5500), (1512.4014, -291.7860, 5.4340), (1512.6124, -290.6844, 5.4340), (1516.5709, -271.0867, 5.2510), (1516.8350, -269.9565, 5.2510), (1520.5250, -254.3997, 5.0180), (1520.8533, -252.7949, 5.0110), (1523.8197, -237.0476, 4.8780), (1527.3968, -221.3958, 4.7380), (1527.5967, -220.4993, 4.7380), (1531.4288, -200.8779, 4.6380), (1534.9885, -182.9485, 4.4750), (1538.1980, -169.2023, 4.2830), (1538.2932, -168.7232, 4.2830), (1540.7447, -154.9428, 4.1670), (1541.0364, -153.4984, 4.1560), (1542.6096, -145.6909, 4.0670), (1543.1760, -141.8262, 4.0430), (1543.3598, -139.8593, 4.0390), (1543.4685, -137.9528, 4.0140), (1543.5020, -134.0279, 4.0100), (1543.3339, -130.0835, 3.9550), (1543.2950, -129.5132, 3.9550), (1543.1431, -127.5799, 3.9220), (1541.9910, -117.6644, 3.7990), (1541.8158, -116.3267, 3.8990), (1540.2764, -106.4723, 3.6820), (1539.8974, -104.6863, 3.6570), (1538.9539, -100.8795, 3.6520), (1537.2120, -95.1973, 3.5600), (1536.6840, -93.6914, 3.5270), (1536.0042, -91.8724, 3.4890), (1534.5029, -88.2417, 3.4880), (1532.8022, -84.7045, 3.4150), (1531.9189, -83.0507, 3.4840), (1530.9735, -81.3847, 3.5180), (1526.7450, -74.6494, 3.4980), (1519.9655, -64.4422, 3.5630), (1518.9401, -62.9305, 3.4870), (1514.4298, -56.3293, 3.3940), (1493.0773, -376.8864, 6.5850), (1493.7061, -375.9066, 6.5850), (1496.8537, -370.7628, 6.4830), (1497.8484, -368.8859, 6.4640), (1498.7251, -367.0106, 6.4640), (1499.2703, -365.7052, 6.4070), (1499.9902, -363.7647, 6.4000), (1500.6226, -361.7601, 6.3720), (1502.1709, -355.9380, 6.2130), (1502.5110, -354.5463, 6.2070), (1506.9859, -335.0581, 6.0140), (1507.3791, -333.2540, 5.8820), (1511.5367, -313.6983, 5.5730), (1511.8737, -312.0749, 5.5500), (1515.8325, -292.4771, 5.4340), (1516.0435, -291.3755, 5.4340), (1520.0004, -271.7853, 5.2510), (1520.2407, -270.7637, 5.2510), (1523.9330, -255.1973, 5.0180), (1524.2918, -253.4481, 5.0110), (1527.2461, -237.7617, 4.8780), (1530.8091, -222.1745, 4.7380), (1531.0310, -221.1743, 4.7380), (1534.8629, -201.5539, 4.6380), (1538.4112, -183.6800, 4.4750), (1541.6073, -169.9938, 4.2830), (1541.7385, -169.3391, 4.2830), (1544.1892, -155.5633, 4.1670), (1544.4674, -154.1901, 4.1560), (1546.0523, -146.3213, 4.0670), (1546.6474, -142.2728, 4.0430), (1546.8498, -140.1230, 4.0390), (1546.9674, -138.0386, 4.0140), (1547.0014, -133.9684, 4.0100), (1546.8302, -129.9231, 3.9550), (1546.7848, -129.2471, 3.9550), (1546.6222, -127.1973, 3.9220), (1545.4669, -117.2541, 3.7990), (1545.2754, -115.7969, 3.8990), (1543.7296, -105.9020, 3.6820), (1543.3038, -103.8823, 3.6570), (1542.3217, -99.9267, 3.6520), (1540.5495, -94.1430, 3.5600), (1539.9739, -92.4970, 3.5270), (1539.2535, -90.5717, 3.4890), (1537.6985, -86.8141, 3.4880), (1535.9355, -83.1448, 3.4150), (1534.9843, -81.3615, 3.4840), (1533.9540, -79.5499, 3.5180), (1529.6800, -72.7426, 3.4980), (1522.8786, -62.5021, 3.5630), (1521.8312, -60.9579, 3.4870), (1517.3197, -54.3548, 3.3940)]
            int[] faceVertexCounts = [4, 4, 4, 4, 4, 4, 4, 4, 4, 4, 4, 4, 4, 4, 4, 4, 4, 4, 4, 4, 4, 4, 4, 4, 4, 4, 4, 4, 4, 4, 4, 4, 4, 4, 4, 4, 4, 4, 4, 4, 4, 4, 4, 4, 4, 4, 4, 4, 4, 4, 4, 4]
            int[] faceVertexIndices = [0, 1, 54, 53, 1, 2, 55, 54, 2, 3, 56, 55, 3, 4, 57, 56, 4, 5, 58, 57, 5, 6, 59, 58, 6, 7, 60, 59, 7, 8, 61, 60, 8, 9, 62, 61, 9, 10, 63, 62, 10, 11, 64, 63, 11, 12, 65, 64, 12, 13, 66, 65, 13, 14, 67, 66, 14, 15, 68, 67, 15, 16, 69, 68, 16, 17, 70, 69, 17, 18, 71, 70, 18, 19, 72, 71, 19, 20, 73, 72, 20, 21, 74, 73, 21, 22, 75, 74, 22, 23, 76, 75, 23, 24, 77, 76, 24, 25, 78, 77, 25, 26, 79, 78, 26, 27, 80, 79, 27, 28, 81, 80, 28, 29, 82, 81, 29, 30, 83, 82, 30, 31, 84, 83, 31, 32, 85, 84, 32, 33, 86, 85, 33, 34, 87, 86, 34, 35, 88, 87, 35, 36, 89, 88, 36, 37, 90, 89, 37, 38, 91, 90, 38, 39, 92, 91, 39, 40, 93, 92, 40, 41, 94, 93, 41, 42, 95, 94, 42, 43, 96, 95, 43, 44, 97, 96, 44, 45, 98, 97, 45, 46, 99, 98, 46, 47, 100, 99, 47, 48, 101, 100, 48, 49, 102, 101, 49, 50, 103, 102, 50, 51, 104, 103, 51, 52, 105, 104]
            uniform token subdivisionScheme = "none"
        }

        def Mesh "Road_643"
        {
            point3f[] points = [(1670.2411, -450.1207, 5.9900), (1753.2655, -432.1713, 5.6360), (1758.3278, -431.1497, 5.6570), (1670.9806, -453.5417, 5.9900), (1754.0024, -435.5929, 5.6360), (1759.0201, -434.5805, 5.6570)]
            int[] faceVertexCounts = [4, 4]
            int[] faceVertexIndices = [0, 1, 4, 3, 1, 2, 5, 4]
            uniform token subdivisionScheme = "none"
        }

        def Mesh "Road_644"
        {
            point3f[] points = [(1785.1472, -1227.1244, 6.4340), (1752.4958, -1198.9396, 6.4140), (1751.9433, -1198.4773, 6.4430), (1787.4342, -1224.4749, 6.4340), (1754.7821, -1196.2896, 6.4140), (1754.1902, -1195.7937, 6.4430)]
            int[] faceVertexCounts = [4, 4]
            int[] faceVertexIndices = [0, 1, 4, 3, 1, 2, 5, 4]
            uniform token subdivisionScheme = "none"
        }

        def Mesh "Road_645"
        {
            point3f[] points = [(719.2298, -361.3624, 7.1440), (728.8711, -353.8376, 7.0990), (730.3726, -352.5884, 7.0570), (742.2957, -341.9417, 6.6750), (742.5159, -341.7399, 6.6750), (755.8228, -329.6293, 6.9490), (721.3832, -364.1215, 7.1440), (731.0370, -356.5870, 7.0990), (732.6934, -355.2083, 7.0570), (744.6275, -344.5518, 6.6750), (744.8718, -344.3282, 6.6750), (758.1786, -332.2178, 6.9490)]
            int[] faceVertexCounts = [4, 4, 4, 4, 4]
            int[] faceVertexIndices = [0, 1, 7, 6, 1, 2, 8, 7, 2, 3, 9, 8, 3, 4, 10, 9, 4, 5, 11, 10]
            uniform token subdivisionScheme = "none"
        }

        def Mesh "Road_646"
        {
            point3f[] points = [(156.5396, -596.7202, 2.5640), (165.1780, -594.1071, 2.1110), (171.8346, -591.1599, 2.3400), (177.0440, -588.0167, 2.5690), (181.0823, -584.3024, 2.7460), (157.5540, -600.0700, 2.5640), (166.3760, -597.3957, 2.1110), (173.4349, -594.2726, 2.3400), (179.1255, -590.8304, 2.5690), (183.4471, -586.8827, 2.7460)]
            int[] faceVertexCounts = [4, 4, 4, 4]
            int[] faceVertexIndices = [0, 1, 6, 5, 1, 2, 7, 6, 2, 3, 8, 7, 3, 4, 9, 8]
            uniform token subdivisionScheme = "none"
        }

        def Mesh "Road_647"
        {
            point3f[] points = [(254.5917, -1229.5520, 5.6320), (258.2035, -1227.5242, 5.6880), (259.2579, -1226.8411, 5.6870), (259.7653, -1226.5156, 5.6870), (261.0002, -1225.6330, 5.7010), (262.6569, -1224.4285, 5.6820), (264.4885, -1223.2645, 5.6970), (266.7854, -1222.2522, 5.6920), (271.7591, -1221.6876, 5.7580), (256.3054, -1232.6038, 5.6320), (259.9626, -1230.5500, 5.6880), (261.1552, -1229.7822, 5.6870), (261.7587, -1229.3924, 5.6870), (263.0488, -1228.4708, 5.7010), (264.6284, -1227.3204, 5.6820), (266.1649, -1226.3369, 5.6970), (267.4959, -1225.6793, 5.6920), (272.1486, -1225.1659, 5.7580)]
            int[] faceVertexCounts = [4, 4, 4, 4, 4, 4, 4, 4]
            int[] faceVertexIndices = [0, 1, 10, 9, 1, 2, 11, 10, 2, 3, 12, 11, 3, 4, 13, 12, 4, 5, 14, 13, 5, 6, 15, 14, 6, 7, 16, 15, 7, 8, 17, 16]
            uniform token subdivisionScheme = "none"
        }

        def Mesh "Road_648"
        {
            point3f[] points = [(380.9909, -224.3376, 5.4030), (369.5755, -184.2684, 4.6500), (369.3228, -183.3332, 4.6500), (362.5259, -158.2491, 4.1660), (362.3525, -157.6595, 4.1660), (358.5703, -146.0217, 4.1340), (384.3570, -223.3786, 5.4030), (372.9418, -183.3105, 4.6500), (372.7010, -182.4180, 4.6500), (365.9035, -157.3318, 4.1660), (365.6828, -156.5827, 4.1660), (361.8989, -144.9399, 4.1340)]
            int[] faceVertexCounts = [4, 4, 4, 4, 4]
            int[] faceVertexIndices = [0, 1, 7, 6, 1, 2, 8, 7, 2, 3, 9, 8, 3, 4, 10, 9, 4, 5, 11, 10]
            uniform token subdivisionScheme = "none"
        }

        def Mesh "Road_649"
        {
            point3f[] points = [(557.4706, -1211.5135, 5.7060), (557.6339, -1192.7319, 5.7670), (558.9938, -1167.9509, 6.5200), (559.6231, -1150.0103, 7.3350), (558.5029, -1138.1046, 7.7220), (551.4214, -1123.2454, 7.6520), (544.4681, -1109.1364, 7.1970), (537.0622, -1094.2710, 6.6670), (515.0716, -1065.5962, 6.1690), (469.0410, -1003.4026, 5.9970), (560.9705, -1211.5438, 5.7060), (561.1318, -1192.8543, 5.7670), (562.4901, -1168.1134, 6.5200), (563.1225, -1149.9453, 7.3350), (561.8510, -1137.0847, 7.7220), (554.5722, -1121.7213, 7.6520), (547.6034, -1107.5807, 7.1970), (539.9635, -1092.3133, 6.6670), (517.8736, -1063.4988, 6.1690), (471.8543, -1001.3205, 5.9970)]
            int[] faceVertexCounts = [4, 4, 4, 4, 4, 4, 4, 4, 4]
            int[] faceVertexIndices = [0, 1, 11, 10, 1, 2, 12, 11, 2, 3, 13, 12, 3, 4, 14, 13, 4, 5, 15, 14, 5, 6, 16, 15, 6, 7, 17, 16, 7, 8, 18, 17, 8, 9, 19, 18]
            uniform token subdivisionScheme = "none"
        }

        def Mesh "Road_650"
        {
            point3f[] points = [(1125.7221, -535.4217, 6.4150), (1127.2090, -528.2211, 6.4770), (1127.3436, -527.7203, 6.4730), (1138.2986, -487.2161, 6.6450), (1147.7311, -448.2622, 6.3900), (1147.8262, -447.8678, 6.3900), (1152.0672, -430.3752, 6.3140), (1152.5500, -428.6680, 6.3100), (1129.1498, -536.1295, 6.4150), (1130.6342, -528.9409, 6.4770), (1130.7222, -528.6342, 6.4730), (1141.6888, -488.0860, 6.6450), (1151.1328, -449.0858, 6.3900), (1151.2276, -448.6924, 6.3900), (1155.4659, -431.2112, 6.3140), (1155.9173, -429.6224, 6.3100)]
            int[] faceVertexCounts = [4, 4, 4, 4, 4, 4, 4]
            int[] faceVertexIndices = [0, 1, 9, 8, 1, 2, 10, 9, 2, 3, 11, 10, 3, 4, 12, 11, 4, 5, 13, 12, 5, 6, 14, 13, 6, 7, 15, 14]
            uniform token subdivisionScheme = "none"
        }

        def Mesh "Road_651"
        {
            point3f[] points = [(1896.4453, -1554.1070, 7.0690), (1884.6456, -1550.9495, 6.9900), (1867.8563, -1546.7111, 6.9880), (1840.1005, -1540.3677, 6.9700), (1821.7735, -1536.7086, 7.0090), (1805.4892, -1533.8216, 7.0530), (1788.6054, -1530.6250, 7.0640), (1769.2534, -1526.8489, 7.1310), (1744.5884, -1522.3191, 7.2340), (1731.7103, -1519.6088, 7.2590), (1727.2318, -1518.3685, 7.2640), (1722.2109, -1516.3119, 7.2660), (1716.9710, -1512.6645, 7.2680), (1710.6261, -1505.8805, 7.3140), (1693.8193, -1490.0150, 7.3130), (1668.4949, -1468.2160, 7.3700), (1897.3500, -1550.7260, 7.0690), (1885.5221, -1547.5610, 6.9900), (1868.6652, -1543.3059, 6.9880), (1840.8429, -1536.9474, 6.9700), (1822.4240, -1533.2696, 7.0090), (1806.1206, -1530.3790, 7.0530), (1789.2667, -1527.1881, 7.0640), (1769.9024, -1523.4096, 7.1310), (1745.2511, -1518.8824, 7.2340), (1732.4852, -1516.1957, 7.2590), (1728.3742, -1515.0602, 7.2640), (1723.9062, -1513.2500, 7.2660), (1719.3205, -1510.0703, 7.2680), (1713.0737, -1503.3786, 7.3140), (1696.1521, -1487.4057, 7.3130), (1670.7783, -1465.5634, 7.3700)]
            int[] faceVertexCounts = [4, 4, 4, 4, 4, 4, 4, 4, 4, 4, 4, 4, 4, 4, 4]
            int[] faceVertexIndices = [0, 1, 17, 16, 1, 2, 18, 17, 2, 3, 19, 18, 3, 4, 20, 19, 4, 5, 21, 20, 5, 6, 22, 21, 6, 7, 23, 22, 7, 8, 24, 23, 8, 9, 25, 24, 9, 10, 26, 25, 10, 11, 27, 26, 11, 12, 28, 27, 12, 13, 29, 28, 13, 14, 30, 29, 14, 15, 31, 30]
            uniform token subdivisionScheme = "none"
        }

        def Mesh "Road_652"
        {
            point3f[] points = [(739.6996, -1151.1563, 5.9600), (746.2036, -1147.8968, 2.1060), (751.5961, -1145.4670, 5.2720), (741.2678, -1154.2853, 5.9600), (747.7137, -1151.0543, 2.1060), (753.0337, -1148.6582, 5.2720)]
            int[] faceVertexCounts = [4, 4]
            int[] faceVertexIndices = [0, 1, 4, 3, 1, 2, 5, 4]
            uniform token subdivisionScheme = "none"
        }

        def Mesh "Road_653"
        {
            point3f[] points = [(1648.2891, -367.8288, 6.3670), (1645.7069, -349.0670, 5.4830), (1644.7537, -333.0233, 4.9850), (1644.6918, -330.6646, 4.9700), (1644.5348, -308.6719, 4.6830), (1644.5320, -307.5879, 4.6610), (1644.4150, -291.5930, 4.4680), (1644.4185, -290.7866, 4.4680), (1645.2083, -264.8100, 4.6110), (1645.2497, -263.8746, 4.6010), (1651.7564, -367.3514, 6.3670), (1649.1890, -348.7132, 5.4830), (1648.2484, -332.8305, 4.9850), (1648.1916, -330.6334, 4.9700), (1648.0348, -308.6477, 4.6830), (1648.0320, -307.5634, 4.6610), (1647.9149, -291.5691, 4.4680), (1647.9170, -290.8904, 4.4680), (1648.7067, -264.9181, 4.6110), (1648.7463, -264.0300, 4.6010)]
            int[] faceVertexCounts = [4, 4, 4, 4, 4, 4, 4, 4, 4]
            int[] faceVertexIndices = [0, 1, 11, 10, 1, 2, 12, 11, 2, 3, 13, 12, 3, 4, 14, 13, 4, 5, 15, 14, 5, 6, 16, 15, 6, 7, 17, 16, 7, 8, 18, 17, 8, 9, 19, 18]
            uniform token subdivisionScheme = "none"
        }

        def Mesh "Road_654"
        {
            point3f[] points = [(845.3714, -308.6644, 7.0510), (842.4404, -300.5662, 7.1260), (848.6625, -307.4733, 7.0510), (845.7315, -299.3750, 7.1260)]
            int[] faceVertexCounts = [4]
            int[] faceVertexIndices = [0, 1, 3, 2]
            uniform token subdivisionScheme = "none"
        }

        def Mesh "Road_655"
        {
            point3f[] points = [(892.6489, -386.9470, 7.0060), (892.5001, -383.1709, 6.9840), (892.3579, -381.2350, 6.9690), (892.1914, -379.4905, 6.9510), (891.6783, -375.5893, 6.9010), (890.9731, -371.7454, 6.8910), (890.0736, -367.9439, 6.8900), (888.9696, -364.2045, 6.8730), (887.6441, -360.5129, 6.8480), (886.9124, -358.7245, 6.8510), (886.4433, -357.6550, 6.8510), (885.6120, -355.8638, 6.8770), (884.9198, -354.4156, 6.8590), (874.3377, -335.1495, 6.7310), (873.9219, -334.4440, 6.7110), (855.8440, -304.6881, 6.9730), (896.1462, -386.8091, 7.0060), (895.9955, -382.9922, 6.9840), (895.8456, -380.9422, 6.9690), (895.6663, -379.0722, 6.9510), (895.1357, -375.0449, 6.9010), (894.3984, -371.0264, 6.8910), (893.4562, -367.0451, 6.8900), (892.2964, -363.1173, 6.8730), (890.9209, -359.2831, 6.8480), (890.1394, -357.3693, 6.8510), (889.6298, -356.2072, 6.8510), (888.7781, -354.3718, 6.8770), (887.9941, -352.7428, 6.8590), (877.4034, -333.4610, 6.7310), (876.9138, -332.6277, 6.7110), (858.8352, -302.8708, 6.9730)]
            int[] faceVertexCounts = [4, 4, 4, 4, 4, 4, 4, 4, 4, 4, 4, 4, 4, 4, 4]
            int[] faceVertexIndices = [0, 1, 17, 16, 1, 2, 18, 17, 2, 3, 19, 18, 3, 4, 20, 19, 4, 5, 21, 20, 5, 6, 22, 21, 6, 7, 23, 22, 7, 8, 24, 23, 8, 9, 25, 24, 9, 10, 26, 25, 10, 11, 27, 26, 11, 12, 28, 27, 12, 13, 29, 28, 13, 14, 30, 29, 14, 15, 31, 30]
            uniform token subdivisionScheme = "none"
        }

        def Mesh "Road_656"
        {
            point3f[] points = [(83.7895, -485.0788, 4.6560), (75.2603, -482.9206, 4.7430), (65.1556, -480.2241, 4.8640), (84.6480, -481.6857, 4.6560), (76.1427, -479.5336, 4.7430), (66.0580, -476.8424, 4.8640)]
            int[] faceVertexCounts = [4, 4]
            int[] faceVertexIndices = [0, 1, 4, 3, 1, 2, 5, 4]
            uniform token subdivisionScheme = "none"
        }

        def Mesh "Road_657"
        {
            point3f[] points = [(1212.6875, -567.5890, 6.6550), (1214.4120, -572.4139, 6.5770), (1214.1972, -578.3014, 6.5540), (1211.3526, -583.6617, 6.5630), (1205.8998, -586.3100, 6.5660), (1200.3296, -584.5151, 6.5940), (1195.6387, -580.1189, 6.6300), (1192.7418, -574.1567, 6.6380), (1192.0364, -568.5470, 6.6360), (1192.3979, -562.2147, 6.6840), (1209.3998, -568.7893, 6.6550), (1210.9513, -572.9369, 6.5770), (1210.8124, -577.4107, 6.5540), (1208.8809, -581.1837, 6.5630), (1205.6593, -582.8182, 6.5660), (1202.1900, -581.5505, 6.5940), (1198.4671, -578.0574, 6.6300), (1196.0861, -573.1243, 6.6380), (1195.5354, -568.4639, 6.6360), (1195.8920, -562.4174, 6.6840)]
            int[] faceVertexCounts = [4, 4, 4, 4, 4, 4, 4, 4, 4]
            int[] faceVertexIndices = [0, 1, 11, 10, 1, 2, 12, 11, 2, 3, 13, 12, 3, 4, 14, 13, 4, 5, 15, 14, 5, 6, 16, 15, 6, 7, 17, 16, 7, 8, 18, 17, 8, 9, 19, 18]
            uniform token subdivisionScheme = "none"
        }

        def Mesh "Road_658"
        {
            point3f[] points = [(1061.8965, -160.5838, 5.9040), (1050.6621, -147.9615, 5.8370), (1049.8412, -146.9437, 5.8260), (1034.3191, -126.0994, 5.7390), (1033.4786, -125.0036, 5.7250), (1020.8112, -109.5445, 5.6630), (1064.5109, -158.2568, 5.9040), (1053.2838, -145.6428, 5.8370), (1052.6449, -144.8487, 5.8260), (1037.1246, -124.0069, 5.7390), (1036.1906, -122.7911, 5.7250), (1023.5184, -107.3261, 5.6630)]
            int[] faceVertexCounts = [4, 4, 4, 4, 4]
            int[] faceVertexIndices = [0, 1, 7, 6, 1, 2, 8, 7, 2, 3, 9, 8, 3, 4, 10, 9, 4, 5, 11, 10]
            uniform token subdivisionScheme = "none"
        }

        def Mesh "Road_659"
        {
            point3f[] points = [(1110.1441, -445.3354, 6.4890), (1110.5513, -443.3679, 6.5170), (1111.4092, -439.4213, 6.4550), (1112.4273, -435.4965, 6.4230), (1112.9280, -433.8450, 6.4230), (1113.5862, -431.8969, 6.4430), (1114.3187, -429.9635, 6.4330), (1115.1359, -428.0548, 6.4350), (1116.0477, -426.1690, 6.4290), (1117.2240, -424.0735, 6.4180), (1118.4868, -422.2546, 6.4000), (1119.9614, -420.6711, 6.3870), (1120.6089, -420.1083, 6.3870), (1122.4030, -418.8643, 6.3770), (1124.4731, -417.8787, 6.3140), (1126.7295, -417.2596, 6.3020), (1129.0689, -417.1369, 6.2750), (1130.9619, -417.4280, 6.2450), (1133.1139, -418.1397, 6.2610), (1136.7795, -419.8780, 6.2420), (1138.0266, -420.4285, 6.2420), (1139.8196, -421.1301, 6.2280), (1141.7772, -421.7946, 6.2420), (1147.3277, -424.2005, 6.2540), (1113.5714, -446.0448, 6.4890), (1113.9739, -444.0999, 6.5170), (1114.8139, -440.2326, 6.4550), (1115.8045, -436.4157, 6.4230), (1116.2593, -434.9184, 6.4230), (1116.8812, -433.0772, 6.4430), (1117.5647, -431.2725, 6.4330), (1118.3212, -429.5052, 6.4350), (1119.1479, -427.7933, 6.4290), (1120.1980, -425.9188, 6.4180), (1121.2111, -424.4519, 6.4000), (1122.4627, -423.1193, 6.3870), (1122.6783, -422.9309, 6.3870), (1124.1626, -421.8898, 6.3770), (1125.6963, -421.1580, 6.3140), (1127.2879, -420.7148, 6.3020), (1128.9324, -420.6342, 6.2750), (1130.1060, -420.8217, 6.2450), (1131.7453, -421.3610, 6.2610), (1135.3018, -423.0508, 6.2420), (1136.6935, -423.6647, 6.2420), (1138.6217, -424.4187, 6.2280), (1140.4520, -425.0340, 6.2420), (1145.9355, -427.4117, 6.2540)]
            int[] faceVertexCounts = [4, 4, 4, 4, 4, 4, 4, 4, 4, 4, 4, 4, 4, 4, 4, 4, 4, 4, 4, 4, 4, 4, 4]
            int[] faceVertexIndices = [0, 1, 25, 24, 1, 2, 26, 25, 2, 3, 27, 26, 3, 4, 28, 27, 4, 5, 29, 28, 5, 6, 30, 29, 6, 7, 31, 30, 7, 8, 32, 31, 8, 9, 33, 32, 9, 10, 34, 33, 10, 11, 35, 34, 11, 12, 36, 35, 12, 13, 37, 36, 13, 14, 38, 37, 14, 15, 39, 38, 15, 16, 40, 39, 16, 17, 41, 40, 17, 18, 42, 41, 18, 19, 43, 42, 19, 20, 44, 43, 20, 21, 45, 44, 21, 22, 46, 45, 22, 23, 47, 46]
            uniform token subdivisionScheme = "none"
        }

        def Mesh "Road_660"
        {
            point3f[] points = [(1928.7388, -606.4805, 7.3620), (1928.9813, -604.5292, 7.3390), (1929.1449, -602.6124, 7.3160), (1929.1642, -601.6625, 7.2970), (1929.0621, -599.7941, 7.2640), (1928.7876, -597.9674, 7.2270), (1928.3609, -596.1291, 7.1920), (1927.8356, -594.2757, 7.1460), (1927.3193, -592.6763, 7.1770), (1925.2323, -587.1263, 7.1470), (1921.3165, -577.9608, 7.0610), (1921.0471, -577.3251, 7.0610), (1912.3845, -554.8001, 6.7730), (1904.2320, -534.3947, 6.6920), (1903.5328, -532.7786, 6.6740), (1896.9662, -518.1982, 6.5810), (1896.5955, -517.3851, 6.5810), (1894.9827, -513.6994, 6.5580), (1894.2112, -511.7596, 6.5130), (1893.5437, -509.7602, 6.5560), (1893.0204, -507.7374, 6.5240), (1892.6416, -505.6385, 6.4950), (1892.4293, -503.5160, 6.4930), (1892.3749, -501.3945, 6.4770), (1892.4603, -499.4626, 6.4820), (1892.6913, -497.3648, 6.4930), (1893.0588, -495.2865, 6.5100), (1893.5514, -493.2455, 6.5230), (1894.1468, -491.2496, 6.5550), (1894.8219, -489.2934, 6.5710), (1895.5647, -487.3826, 6.5760), (1896.0655, -486.1945, 6.5610), (1897.7755, -482.5154, 6.5940), (1899.7830, -478.7507, 6.6310), (1909.5109, -465.8525, 6.5610), (1932.2122, -606.9115, 7.3620), (1932.4623, -604.8935, 7.3390), (1932.6382, -602.8286, 7.3160), (1932.6628, -601.5627, 7.2970), (1932.5439, -599.4376, 7.2640), (1932.2258, -597.3125, 7.2270), (1931.7505, -595.2569, 7.1920), (1931.1861, -593.2638, 7.1460), (1930.6083, -591.4794, 7.1770), (1928.4731, -585.8046, 7.1470), (1924.5352, -576.5861, 7.0610), (1924.3127, -576.0658, 7.0610), (1915.6434, -553.5236, 6.7730), (1907.4794, -533.0892, 6.6920), (1906.7263, -531.3463, 6.6740), (1900.1571, -516.7602, 6.5810), (1899.7980, -515.9730, 6.5810), (1898.2047, -512.3325, 6.5580), (1897.4983, -510.5578, 6.5130), (1896.8994, -508.7657, 6.5560), (1896.4394, -506.9887, 6.5240), (1896.1078, -505.1531, 6.4950), (1895.9224, -503.2971, 6.4930), (1895.8748, -501.4213, 6.4770), (1895.9495, -499.7374, 6.4820), (1896.1559, -497.8613, 6.4930), (1896.4848, -496.0024, 6.5100), (1896.9306, -494.1570, 6.5230), (1897.4788, -492.3212, 6.5550), (1898.1078, -490.4987, 6.5710), (1898.8133, -488.6851, 6.5760), (1899.2520, -487.6424, 6.5610), (1900.9104, -484.0718, 6.5940), (1902.6426, -480.7689, 6.6310), (1912.3051, -467.9602, 6.5610)]
            int[] faceVertexCounts = [4, 4, 4, 4, 4, 4, 4, 4, 4, 4, 4, 4, 4, 4, 4, 4, 4, 4, 4, 4, 4, 4, 4, 4, 4, 4, 4, 4, 4, 4, 4, 4, 4, 4]
            int[] faceVertexIndices = [0, 1, 36, 35, 1, 2, 37, 36, 2, 3, 38, 37, 3, 4, 39, 38, 4, 5, 40, 39, 5, 6, 41, 40, 6, 7, 42, 41, 7, 8, 43, 42, 8, 9, 44, 43, 9, 10, 45, 44, 10, 11, 46, 45, 11, 12, 47, 46, 12, 13, 48, 47, 13, 14, 49, 48, 14, 15, 50, 49, 15, 16, 51, 50, 16, 17, 52, 51, 17, 18, 53, 52, 18, 19, 54, 53, 19, 20, 55, 54, 20, 21, 56, 55, 21, 22, 57, 56, 22, 23, 58, 57, 23, 24, 59, 58, 24, 25, 60, 59, 25, 26, 61, 60, 26, 27, 62, 61, 27, 28, 63, 62, 28, 29, 64, 63, 29, 30, 65, 64, 30, 31, 66, 65, 31, 32, 67, 66, 32, 33, 68, 67, 33, 34, 69, 68]
            uniform token subdivisionScheme = "none"
        }

        def Mesh "Road_661"
        {
            point3f[] points = [(55.9881, -485.9543, 4.9210), (64.3494, -477.3161, 4.8640), (58.5030, -488.3886, 4.9210), (66.8642, -479.7504, 4.8640)]
            int[] faceVertexCounts = [4]
            int[] faceVertexIndices = [0, 1, 3, 2]
            uniform token subdivisionScheme = "none"
        }

        def Mesh "Road_662"
        {
            point3f[] points = [(364.2613, -125.7481, 4.3010), (384.6565, -108.0274, 4.2370), (418.7282, -79.4055, 4.1740), (439.7485, -62.4626, 4.2570), (455.0944, -49.9641, 4.3380), (366.5568, -128.3901, 4.3010), (386.9246, -110.6931, 4.2370), (420.9588, -82.1026, 4.1740), (441.9508, -65.1829, 4.2570), (457.3047, -52.6779, 4.3380)]
            int[] faceVertexCounts = [4, 4, 4, 4]
            int[] faceVertexIndices = [0, 1, 6, 5, 1, 2, 7, 6, 2, 3, 8, 7, 3, 4, 9, 8]
            uniform token subdivisionScheme = "none"
        }

        def Mesh "Road_663"
        {
            point3f[] points = [(1317.8891, -121.0208, 5.1660), (1321.1291, -119.9192, 5.1810), (1332.6457, -116.4872, 5.1380), (1334.5233, -116.0074, 5.1320), (1344.2848, -113.8213, 5.0740), (1344.7659, -113.7104, 5.0740), (1350.5640, -112.3153, 5.0230), (1354.3472, -111.2162, 5.0210), (1354.9478, -111.0182, 5.0210), (1364.4259, -107.7369, 4.9340), (1370.3506, -106.0542, 4.8850), (1372.1108, -105.4457, 4.8670), (1373.8462, -104.7031, 4.8520), (1374.8032, -104.2098, 4.8520), (1376.4266, -103.2362, 4.8520), (1377.9353, -102.1808, 4.8440), (1382.5593, -98.4061, 4.8550), (1383.5825, -97.5921, 4.8550), (1394.3191, -88.7563, 4.7720), (1404.3556, -78.7194, 4.6680), (1405.6238, -77.5295, 4.6680), (1407.1530, -76.1483, 4.6400), (1413.2740, -70.9835, 4.5990), (1319.0166, -124.3343, 5.1660), (1322.1568, -123.2649, 5.1810), (1333.6276, -119.8466, 5.1380), (1335.3039, -119.4192, 5.1320), (1345.0508, -117.2365, 5.0740), (1345.5822, -117.1138, 5.0740), (1351.4459, -115.7024, 5.0230), (1355.3408, -114.5722, 5.0210), (1356.0895, -114.3268, 5.0210), (1365.4995, -111.0681, 4.9340), (1371.3527, -109.4077, 4.8850), (1373.3710, -108.7110, 4.8670), (1375.3093, -107.8826, 4.8520), (1376.5298, -107.2543, 4.8520), (1378.3327, -106.1716, 4.8520), (1380.0985, -104.9323, 4.8440), (1384.7664, -101.1224, 4.8550), (1385.8031, -100.2975, 4.8550), (1396.6726, -91.3469, 4.7720), (1406.8218, -81.2028, 4.6680), (1407.9920, -80.1066, 4.6680), (1409.4283, -78.8079, 4.6400), (1415.5311, -73.6585, 4.5990)]
            int[] faceVertexCounts = [4, 4, 4, 4, 4, 4, 4, 4, 4, 4, 4, 4, 4, 4, 4, 4, 4, 4, 4, 4, 4, 4]
            int[] faceVertexIndices = [0, 1, 24, 23, 1, 2, 25, 24, 2, 3, 26, 25, 3, 4, 27, 26, 4, 5, 28, 27, 5, 6, 29, 28, 6, 7, 30, 29, 7, 8, 31, 30, 8, 9, 32, 31, 9, 10, 33, 32, 10, 11, 34, 33, 11, 12, 35, 34, 12, 13, 36, 35, 13, 14, 37, 36, 14, 15, 38, 37, 15, 16, 39, 38, 16, 17, 40, 39, 17, 18, 41, 40, 18, 19, 42, 41, 19, 20, 43, 42, 20, 21, 44, 43, 21, 22, 45, 44]
            uniform token subdivisionScheme = "none"
        }

        def Mesh "Road_664"
        {
            point3f[] points = [(136.9344, -492.8216, 4.8990), (139.1038, -498.3315, 4.7310), (139.3212, -503.6855, 4.6980), (138.8865, -509.1246, 4.6350), (137.6034, -523.5872, 4.4520), (136.5168, -531.5409, 4.3100), (132.9476, -535.5482, 4.2630), (128.1157, -536.7892, 4.4220), (123.1095, -535.3463, 4.5680), (117.8114, -530.5659, 4.7250), (113.0265, -524.8194, 4.7950), (104.6842, -515.9413, 5.0110), (98.0386, -508.5664, 5.1070), (92.2129, -501.3988, 4.9270), (87.9515, -494.9674, 4.4170), (86.4085, -489.4750, 4.5610), (86.3102, -484.7606, 4.6640), (133.6826, -494.1161, 4.8990), (135.6874, -499.0916, 4.7310), (135.8223, -503.5994, 4.6980), (135.3995, -508.8231, 4.6350), (134.1220, -523.2270, 4.4520), (133.2230, -530.3573, 4.3100), (131.1262, -532.5594, 4.2630), (128.1993, -533.2902, 4.4220), (124.9659, -532.3792, 4.5680), (120.3480, -528.1543, 4.7250), (115.6312, -522.4815, 4.7950), (107.2571, -513.5685, 5.0110), (100.6951, -506.2876, 5.1070), (95.0209, -499.3095, 4.9270), (91.0925, -493.4235, 4.4170), (89.8675, -488.9407, 4.5610), (89.8096, -484.6996, 4.6640)]
            int[] faceVertexCounts = [4, 4, 4, 4, 4, 4, 4, 4, 4, 4, 4, 4, 4, 4, 4, 4]
            int[] faceVertexIndices = [0, 1, 18, 17, 1, 2, 19, 18, 2, 3, 20, 19, 3, 4, 21, 20, 4, 5, 22, 21, 5, 6, 23, 22, 6, 7, 24, 23, 7, 8, 25, 24, 8, 9, 26, 25, 9, 10, 27, 26, 10, 11, 28, 27, 11, 12, 29, 28, 12, 13, 30, 29, 13, 14, 31, 30, 14, 15, 32, 31, 15, 16, 33, 32]
            uniform token subdivisionScheme = "none"
        }

        def Mesh "Road_665"
        {
            point3f[] points = [(855.8158, -304.6401, 6.9730), (851.9748, -297.8396, 6.9610), (858.8633, -302.9188, 6.9730), (855.0223, -296.1183, 6.9610)]
            int[] faceVertexCounts = [4]
            int[] faceVertexIndices = [0, 1, 3, 2]
            uniform token subdivisionScheme = "none"
        }

        def Mesh "Road_666"
        {
            point3f[] points = [(422.9160, -380.1476, 6.5920), (413.1654, -344.8926, 6.0400), (426.2894, -379.2146, 6.5920), (416.5387, -343.9596, 6.0400)]
            int[] faceVertexCounts = [4]
            int[] faceVertexIndices = [0, 1, 3, 2]
            uniform token subdivisionScheme = "none"
        }

        def Mesh "Road_667"
        {
            point3f[] points = [(358.5703, -146.0217, 4.1340), (357.4148, -142.4659, 4.3390), (356.8357, -140.8202, 4.3390), (354.8026, -135.1804, 4.2760), (354.5035, -134.3557, 4.2870), (361.8989, -144.9400, 4.1340), (360.7350, -141.3584, 4.3390), (360.1304, -139.6392, 4.3390), (358.0949, -133.9926, 4.2760), (357.7936, -133.1621, 4.2870)]
            int[] faceVertexCounts = [4, 4, 4, 4]
            int[] faceVertexIndices = [0, 1, 6, 5, 1, 2, 7, 6, 2, 3, 8, 7, 3, 4, 9, 8]
            uniform token subdivisionScheme = "none"
        }

        def Mesh "Road_668"
        {
            point3f[] points = [(1649.5112, -365.9165, 6.3670), (1656.0560, -363.9160, 6.3950), (1664.8482, -361.3191, 6.5350), (1673.5936, -357.7699, 6.5350), (1685.5213, -352.9591, 6.3800), (1694.1329, -349.1616, 6.2330), (1702.3353, -346.4032, 5.9920), (1650.5343, -369.2636, 6.3670), (1657.0613, -367.2685, 6.3950), (1666.0058, -364.6222, 6.5350), (1674.9055, -361.0147, 6.5350), (1686.8743, -356.1870, 6.3800), (1695.4046, -352.4224, 6.2330), (1703.4502, -349.7209, 5.9920)]
            int[] faceVertexCounts = [4, 4, 4, 4, 4, 4]
            int[] faceVertexIndices = [0, 1, 8, 7, 1, 2, 9, 8, 2, 3, 10, 9, 3, 4, 11, 10, 4, 5, 12, 11, 5, 6, 13, 12]
            uniform token subdivisionScheme = "none"
        }

        def Mesh "Road_669"
        {
            point3f[] points = [(356.9988, -15.9199, 4.1260), (352.8929, -6.3173, 3.8860), (360.2170, -14.5438, 4.1260), (356.1110, -4.9413, 3.8860)]
            int[] faceVertexCounts = [4]
            int[] faceVertexIndices = [0, 1, 3, 2]
            uniform token subdivisionScheme = "none"
        }

        def Mesh "Road_670"
        {
            point3f[] points = [(1255.2410, -588.8257, 6.5380), (1250.4733, -586.8259, 6.5490), (1240.3482, -582.5097, 6.5290), (1230.5573, -578.2266, 6.5800), (1220.7640, -574.1118, 6.6560), (1210.3737, -569.8058, 6.6550), (1256.5948, -585.5981, 6.5380), (1251.8399, -583.6037, 6.5490), (1241.7356, -579.2964, 6.5290), (1231.9367, -575.0099, 6.5800), (1222.1117, -570.8817, 6.6560), (1211.7137, -566.5725, 6.6550)]
            int[] faceVertexCounts = [4, 4, 4, 4, 4]
            int[] faceVertexIndices = [0, 1, 7, 6, 1, 2, 8, 7, 2, 3, 9, 8, 3, 4, 10, 9, 4, 5, 11, 10]
            uniform token subdivisionScheme = "none"
        }

        def Mesh "Road_671"
        {
            point3f[] points = [(797.8161, -1120.6002, 5.5180), (806.2549, -1113.3611, 5.3930), (814.7225, -1105.9766, 5.3010), (821.9292, -1099.3452, 5.3760), (828.7049, -1094.0429, 5.4670), (834.2728, -1091.6460, 5.5140), (841.4429, -1089.3286, 5.6830), (800.0949, -1123.2567, 5.5180), (808.5446, -1116.0082, 5.3930), (817.0555, -1108.5856, 5.3010), (824.2040, -1102.0051, 5.3760), (830.5609, -1097.0102, 5.4670), (835.4789, -1094.9317, 5.5140), (842.5187, -1092.6591, 5.6830)]
            int[] faceVertexCounts = [4, 4, 4, 4, 4, 4]
            int[] faceVertexIndices = [0, 1, 8, 7, 1, 2, 9, 8, 2, 3, 10, 9, 3, 4, 11, 10, 4, 5, 12, 11, 5, 6, 13, 12]
            uniform token subdivisionScheme = "none"
        }

        def Mesh "Road_672"
        {
            point3f[] points = [(375.1024, -711.5690, 5.9150), (388.6786, -704.5407, 5.9320), (389.8415, -703.9277, 5.9300), (404.2173, -696.8483, 5.8660), (408.1907, -695.3176, 5.8470), (432.9156, -687.3920, 5.7340), (441.5072, -683.8811, 5.7080), (454.6784, -678.2010, 5.6500), (468.2646, -671.7176, 5.6350), (477.9047, -666.1675, 5.7580), (490.0627, -657.5526, 5.8860), (496.1654, -652.6123, 5.9560), (505.6171, -643.8750, 5.9820), (516.5488, -632.3845, 5.7170), (526.7253, -619.4931, 5.7240), (376.7115, -714.6772, 5.9150), (390.2895, -707.6479, 5.9320), (391.3943, -707.0644, 5.9300), (405.7060, -700.0159, 5.8660), (409.2846, -698.6422, 5.8470), (434.0523, -690.7022, 5.7340), (442.8684, -687.1055, 5.7080), (456.1270, -681.3871, 5.6500), (469.8754, -674.8249, 5.6350), (479.8112, -669.1027, 5.7580), (492.1492, -660.3627, 5.8860), (498.4762, -655.2410, 5.9560), (508.0826, -646.3592, 5.9820), (519.1947, -634.6756, 5.7170), (529.4723, -621.6621, 5.7240)]
            int[] faceVertexCounts = [4, 4, 4, 4, 4, 4, 4, 4, 4, 4, 4, 4, 4, 4]
            int[] faceVertexIndices = [0, 1, 16, 15, 1, 2, 17, 16, 2, 3, 18, 17, 3, 4, 19, 18, 4, 5, 20, 19, 5, 6, 21, 20, 6, 7, 22, 21, 7, 8, 23, 22, 8, 9, 24, 23, 9, 10, 25, 24, 10, 11, 26, 25, 11, 12, 27, 26, 12, 13, 28, 27, 13, 14, 29, 28]
            uniform token subdivisionScheme = "none"
        }

        def Mesh "Road_673"
        {
            point3f[] points = [(1956.0291, -1662.2002, 7.4470), (1956.1116, -1660.6159, 7.4510), (1956.8331, -1648.6382, 7.4570), (1956.9268, -1647.4217, 7.4570), (1959.1169, -1627.4882, 7.4620), (1963.8463, -1599.8596, 7.2650), (1964.1134, -1598.5108, 7.2650), (1968.6630, -1576.9521, 7.1180), (1974.1976, -1555.6252, 6.9610), (1974.6386, -1554.0576, 6.9320), (1983.1650, -1527.3713, 6.7750), (1988.7479, -1512.3268, 6.7330), (1989.0915, -1511.4425, 6.7080), (1993.4972, -1499.1487, 6.7090), (2007.3437, -1464.4244, 6.7130), (2021.2204, -1427.4182, 6.8330), (2035.6314, -1387.5854, 6.6190), (2044.6768, -1361.9983, 6.6050), (2051.1358, -1343.4436, 6.6160), (2057.7211, -1323.6519, 6.7700), (1959.5244, -1662.3822, 7.4470), (1959.6055, -1660.8230, 7.4510), (1960.3265, -1648.8535, 7.4570), (1960.4065, -1647.7976, 7.4570), (1962.5805, -1627.9921, 7.4620), (1967.2954, -1600.4542, 7.2650), (1967.5385, -1599.2311, 7.2650), (1972.0701, -1577.7533, 7.1180), (1977.5842, -1556.5089, 6.9610), (1977.9746, -1555.1166, 6.9320), (1986.4806, -1528.4923, 6.7750), (1992.0281, -1513.5474, 6.7330), (1992.3842, -1512.6291, 6.7080), (1996.7600, -1500.4154, 6.7090), (2010.6084, -1465.6861, 6.7130), (2024.5049, -1428.6274, 6.8330), (2038.9260, -1388.7667, 6.6190), (2047.9791, -1363.1582, 6.6050), (2054.4494, -1344.5708, 6.6160), (2061.0421, -1324.7570, 6.7700)]
            int[] faceVertexCounts = [4, 4, 4, 4, 4, 4, 4, 4, 4, 4, 4, 4, 4, 4, 4, 4, 4, 4, 4]
            int[] faceVertexIndices = [0, 1, 21, 20, 1, 2, 22, 21, 2, 3, 23, 22, 3, 4, 24, 23, 4, 5, 25, 24, 5, 6, 26, 25, 6, 7, 27, 26, 7, 8, 28, 27, 8, 9, 29, 28, 9, 10, 30, 29, 10, 11, 31, 30, 11, 12, 32, 31, 12, 13, 33, 32, 13, 14, 34, 33, 14, 15, 35, 34, 15, 16, 36, 35, 16, 17, 37, 36, 17, 18, 38, 37, 18, 19, 39, 38]
            uniform token subdivisionScheme = "none"
        }

        def Mesh "Road_674"
        {
            point3f[] points = [(-42.6845, -1830.1573, 0.3000), (-40.8564, -1830.1235, 0.3000), (-2.8730, -1829.6700, 0.3000), (1.1496, -1829.6781, 6.9380), (2.3637, -1829.6849, 6.9050), (52.3395, -1830.3247, 6.6210), (53.8828, -1830.3284, 6.6210), (55.8687, -1830.3307, 6.6040), (97.8509, -1830.0792, 6.3540), (99.4611, -1830.0806, 6.3460), (145.4412, -1830.4092, 6.2560), (146.0181, -1830.4085, 6.2420), (191.9995, -1830.1538, 5.8730), (194.0123, -1830.1560, 5.8590), (195.9760, -1830.1644, 5.8510), (235.9576, -1830.6425, 5.6670), (237.3368, -1830.6577, 5.6670), (267.3238, -1830.8627, 5.8440), (268.6813, -1830.8693, 5.8510), (278.6667, -1830.8972, 5.9270), (283.8449, -1830.8268, 5.9270), (295.2499, -1830.6715, 5.9230), (296.6156, -1830.6537, 5.9310), (298.5526, -1830.5851, 5.9350), (314.5214, -1829.7790, 6.0790), (-42.6198, -1833.6567, 0.3000), (-40.8135, -1833.6233, 0.3000), (-2.8359, -1833.1698, 0.3000), (1.1396, -1833.1781, 6.9380), (2.3195, -1833.1846, 6.9050), (52.2957, -1833.8244, 6.6210), (53.8767, -1833.8283, 6.6210), (55.8885, -1833.8307, 6.6040), (97.8710, -1833.5791, 6.3540), (99.4369, -1833.5805, 6.3460), (145.4165, -1833.9091, 6.2560), (146.0373, -1833.9085, 6.2420), (192.0179, -1833.6537, 5.8730), (194.0030, -1833.6560, 5.8590), (195.9354, -1833.6641, 5.8510), (235.9158, -1834.1423, 5.6670), (237.3123, -1834.1577, 5.6670), (267.3002, -1834.3626, 5.8440), (268.6706, -1834.3692, 5.8510), (278.6765, -1834.3972, 5.9270), (283.8925, -1834.3265, 5.9270), (295.2974, -1834.1712, 5.9230), (296.7075, -1834.1525, 5.9310), (298.7233, -1834.0809, 5.9350), (314.6978, -1833.2745, 6.0790)]
            int[] faceVertexCounts = [4, 4, 4, 4, 4, 4, 4, 4, 4, 4, 4, 4, 4, 4, 4, 4, 4, 4, 4, 4, 4, 4, 4, 4]
            int[] faceVertexIndices = [0, 1, 26, 25, 1, 2, 27, 26, 2, 3, 28, 27, 3, 4, 29, 28, 4, 5, 30, 29, 5, 6, 31, 30, 6, 7, 32, 31, 7, 8, 33, 32, 8, 9, 34, 33, 9, 10, 35, 34, 10, 11, 36, 35, 11, 12, 37, 36, 12, 13, 38, 37, 13, 14, 39, 38, 14, 15, 40, 39, 15, 16, 41, 40, 16, 17, 42, 41, 17, 18, 43, 42, 18, 19, 44, 43, 19, 20, 45, 44, 20, 21, 46, 45, 21, 22, 47, 46, 22, 23, 48, 47, 23, 24, 49, 48]
            uniform token subdivisionScheme = "none"
        }

        def Mesh "Road_675"
        {
            point3f[] points = [(1910.1832, -1102.3030, 7.3160), (1908.1203, -994.9778, 7.2670), (1913.6826, -1102.2357, 7.3160), (1911.6197, -994.9106, 7.2670)]
            int[] faceVertexCounts = [4]
            int[] faceVertexIndices = [0, 1, 3, 2]
            uniform token subdivisionScheme = "none"
        }

        def Mesh "Road_676"
        {
            point3f[] points = [(245.9950, -752.2574, 5.6580), (249.4888, -750.2902, 5.6500), (250.9585, -749.5113, 5.6500), (261.0451, -744.7296, 5.5090), (247.7122, -755.3072, 5.6580), (251.1847, -753.3519, 5.6500), (252.4754, -752.6656, 5.6500), (262.5444, -747.8923, 5.5090)]
            int[] faceVertexCounts = [4, 4, 4]
            int[] faceVertexIndices = [0, 1, 5, 4, 1, 2, 6, 5, 2, 3, 7, 6]
            uniform token subdivisionScheme = "none"
        }

        def Mesh "Road_677"
        {
            point3f[] points = [(1143.8760, -1712.0349, 5.2760), (1144.0519, -1713.1003, 5.3850), (1140.4097, -1704.7874, 5.3650), (1135.7420, -1694.1425, 5.3870), (1130.7445, -1684.2390, 5.4870), (1123.5002, -1668.3166, 5.5070), (1118.1081, -1653.8623, 5.5450), (1146.7276, -1714.0644, 5.2760), (1147.3377, -1711.8947, 5.3850), (1143.6155, -1703.3827, 5.3650), (1138.9092, -1692.6529, 5.3870), (1133.9070, -1682.7396, 5.4870), (1126.7318, -1666.9724, 5.5070), (1121.3874, -1652.6392, 5.5450)]
            int[] faceVertexCounts = [4, 4, 4, 4, 4, 4]
            int[] faceVertexIndices = [0, 1, 8, 7, 1, 2, 9, 8, 2, 3, 10, 9, 3, 4, 11, 10, 4, 5, 12, 11, 5, 6, 13, 12]
            uniform token subdivisionScheme = "none"
        }

        def Mesh "Road_678"
        {
            point3f[] points = [(1067.8206, -1760.1661, 4.8660), (1086.9674, -1751.5603, 4.9050), (1069.2555, -1763.3585, 4.8660), (1088.4023, -1754.7526, 4.9050)]
            int[] faceVertexCounts = [4]
            int[] faceVertexIndices = [0, 1, 3, 2]
            uniform token subdivisionScheme = "none"
        }

        def Mesh "Road_679"
        {
            point3f[] points = [(1731.2388, -1394.3513, 7.0130), (1748.9089, -1375.8961, 6.6860), (1749.4603, -1375.2707, 6.7040), (1777.6343, -1344.1460, 6.5930), (1778.8016, -1342.8589, 6.5840), (1785.5484, -1335.4022, 6.5070), (1786.6980, -1334.1568, 6.5140), (1792.1636, -1325.6303, 6.4100), (1733.7668, -1396.7718, 7.0130), (1751.4402, -1378.3133, 6.6860), (1752.0557, -1377.6189, 6.7040), (1780.2290, -1346.4950, 6.5930), (1781.3965, -1345.2076, 6.5840), (1788.1437, -1337.7505, 6.5070), (1789.5937, -1336.1229, 6.5140), (1795.1101, -1327.5193, 6.4100)]
            int[] faceVertexCounts = [4, 4, 4, 4, 4, 4, 4]
            int[] faceVertexIndices = [0, 1, 9, 8, 1, 2, 10, 9, 2, 3, 11, 10, 3, 4, 12, 11, 4, 5, 13, 12, 5, 6, 14, 13, 6, 7, 15, 14]
            uniform token subdivisionScheme = "none"
        }

        def Mesh "Road_680"
        {
            point3f[] points = [(519.3600, -614.1427, 5.6470), (508.8408, -603.9808, 5.6030), (507.9263, -603.0413, 5.6300), (493.2501, -587.2554, 5.7350), (521.7918, -611.6255, 5.6470), (511.2786, -601.4693, 5.6030), (510.4868, -600.6550, 5.6300), (495.8134, -584.8723, 5.7350)]
            int[] faceVertexCounts = [4, 4, 4]
            int[] faceVertexIndices = [0, 1, 5, 4, 1, 2, 6, 5, 2, 3, 7, 6]
            uniform token subdivisionScheme = "none"
        }

        def Mesh "Road_681"
        {
            point3f[] points = [(1739.5177, -1728.4515, 5.8660), (1748.0482, -1723.5635, 5.9340), (1748.9923, -1723.0730, 5.9460), (1758.0594, -1718.7360, 6.0040), (1767.3952, -1714.9386, 6.0690), (1779.7963, -1710.3581, 6.1960), (1799.4433, -1705.9183, 6.4600), (1820.0125, -1703.4196, 6.9810), (1842.2216, -1702.5730, 7.3100), (1863.7171, -1703.5124, 7.4110), (1741.2578, -1731.4883, 5.8660), (1749.7772, -1726.6067, 5.9340), (1750.5117, -1726.2260, 5.9460), (1759.4745, -1721.9372, 6.0040), (1768.6547, -1718.2041, 6.0690), (1780.7448, -1713.7272, 6.1960), (1800.0382, -1709.3674, 6.4600), (1820.2852, -1706.9090, 6.9810), (1842.2138, -1706.0730, 7.3100), (1863.5640, -1707.0090, 7.4110)]
            int[] faceVertexCounts = [4, 4, 4, 4, 4, 4, 4, 4, 4]
            int[] faceVertexIndices = [0, 1, 11, 10, 1, 2, 12, 11, 2, 3, 13, 12, 3, 4, 14, 13, 4, 5, 15, 14, 5, 6, 16, 15, 6, 7, 17, 16, 7, 8, 18, 17, 8, 9, 19, 18]
            uniform token subdivisionScheme = "none"
        }

        def Mesh "Road_682"
        {
            point3f[] points = [(183.2646, -398.4075, 7.3970), (180.7066, -391.7678, 6.9940), (176.7805, -385.7313, 5.9860), (172.5780, -378.5591, 5.3130), (169.5221, -371.7988, 5.0050), (166.4609, -363.4274, 4.8740), (186.5290, -397.1450, 7.3970), (183.8231, -390.1748, 6.9940), (179.7614, -383.8971, 5.9860), (175.6816, -376.9412, 5.3130), (172.7675, -370.4884, 5.0050), (169.7482, -362.2258, 4.8740)]
            int[] faceVertexCounts = [4, 4, 4, 4, 4]
            int[] faceVertexIndices = [0, 1, 7, 6, 1, 2, 8, 7, 2, 3, 9, 8, 3, 4, 10, 9, 4, 5, 11, 10]
            uniform token subdivisionScheme = "none"
        }

        def Mesh "Road_683"
        {
            point3f[] points = [(2019.2438, -518.0967, 6.6170), (2016.3880, -495.0411, 6.5640), (2013.0393, -469.5784, 6.5370), (2011.4275, -447.9114, 6.6130), (2011.4994, -423.3623, 6.6950), (2012.3999, -406.1143, 6.6040), (2015.5943, -385.3524, 6.5240), (2019.7780, -368.5649, 6.6510), (2023.3435, -355.7387, 6.7380), (2022.7173, -517.6664, 6.6170), (2019.8597, -494.5971, 6.5640), (2016.5200, -469.2117, 6.5370), (2014.9256, -447.7950, 6.6130), (2014.9985, -423.4434, 6.6950), (2015.8798, -406.4892, 6.6040), (2019.0286, -386.0275, 6.5240), (2023.1639, -369.4513, 6.6510), (2026.7156, -356.6761, 6.7380)]
            int[] faceVertexCounts = [4, 4, 4, 4, 4, 4, 4, 4]
            int[] faceVertexIndices = [0, 1, 10, 9, 1, 2, 11, 10, 2, 3, 12, 11, 3, 4, 13, 12, 4, 5, 14, 13, 5, 6, 15, 14, 6, 7, 16, 15, 7, 8, 17, 16]
            uniform token subdivisionScheme = "none"
        }

        def Mesh "Road_684"
        {
            point3f[] points = [(1448.3334, -562.2662, 6.5290), (1375.7185, -528.7566, 6.6740), (1310.5059, -500.9322, 6.3990), (1449.7999, -559.0883, 6.5290), (1377.1415, -525.5589, 6.6740), (1311.8795, -497.7130, 6.3990)]
            int[] faceVertexCounts = [4, 4]
            int[] faceVertexIndices = [0, 1, 4, 3, 1, 2, 5, 4]
            uniform token subdivisionScheme = "none"
        }

        def Mesh "Road_685"
        {
            point3f[] points = [(1668.9097, -452.2417, 5.9900), (1661.1366, -420.0254, 6.1170), (1650.3451, -376.0738, 6.5750), (1672.3120, -451.4207, 5.9900), (1664.5370, -419.1966, 6.1170), (1653.7442, -375.2392, 6.5750)]
            int[] faceVertexCounts = [4, 4]
            int[] faceVertexIndices = [0, 1, 4, 3, 1, 2, 5, 4]
            uniform token subdivisionScheme = "none"
        }

        def Mesh "Road_686"
        {
            point3f[] points = [(68.2005, -472.0034, 4.8920), (76.6220, -460.9260, 4.9680), (87.7136, -444.3550, 4.9950), (88.6541, -442.8436, 4.9780), (97.6712, -427.3245, 4.9360), (103.1054, -416.6994, 4.9260), (103.3946, -416.0968, 4.9260), (108.2393, -405.1755, 4.8570), (111.7609, -395.8996, 4.8820), (113.0161, -392.1618, 4.8660), (113.3460, -391.1233, 4.8440), (119.6294, -370.0449, 4.7930), (120.2928, -368.0900, 4.7620), (120.5292, -367.4259, 4.7650), (125.0176, -356.1921, 4.7130), (70.9870, -474.1214, 4.8920), (79.4815, -462.9442, 4.9680), (90.6277, -446.2937, 4.9950), (91.6754, -444.6106, 4.9780), (100.7344, -429.0177, 4.9360), (106.2238, -418.2886, 4.9260), (106.5915, -417.5216, 4.9260), (111.4729, -406.5148, 4.8570), (115.0465, -397.1057, 4.8820), (116.3379, -393.2643, 4.8660), (116.6993, -392.1261, 4.8440), (122.9804, -371.0554, 4.7930), (123.6032, -369.2262, 4.7620), (123.7818, -368.7181, 4.7650), (128.2678, -357.4907, 4.7130)]
            int[] faceVertexCounts = [4, 4, 4, 4, 4, 4, 4, 4, 4, 4, 4, 4, 4, 4]
            int[] faceVertexIndices = [0, 1, 16, 15, 1, 2, 17, 16, 2, 3, 18, 17, 3, 4, 19, 18, 4, 5, 20, 19, 5, 6, 21, 20, 6, 7, 22, 21, 7, 8, 23, 22, 8, 9, 24, 23, 9, 10, 25, 24, 10, 11, 26, 25, 11, 12, 27, 26, 12, 13, 28, 27, 13, 14, 29, 28]
            uniform token subdivisionScheme = "none"
        }

        def Mesh "Road_687"
        {
            point3f[] points = [(1083.5824, -384.7693, 6.2010), (1087.9666, -363.0617, 6.2710), (1092.2491, -341.2111, 6.2460), (1094.7629, -327.5055, 6.0900), (1098.6512, -317.8501, 6.1060), (1087.0131, -385.4622, 6.2010), (1091.3993, -363.7447, 6.2710), (1095.6870, -341.8677, 6.2460), (1098.1387, -328.4297, 6.0900), (1101.8963, -319.1613, 6.1060)]
            int[] faceVertexCounts = [4, 4, 4, 4]
            int[] faceVertexIndices = [0, 1, 6, 5, 1, 2, 7, 6, 2, 3, 8, 7, 3, 4, 9, 8]
            uniform token subdivisionScheme = "none"
        }

        def Mesh "Road_688"
        {
            point3f[] points = [(2095.4284, -741.3063, 6.8240), (2086.7907, -738.9352, 6.7460), (2096.3549, -737.9312, 6.8240), (2087.7172, -735.5600, 6.7460)]
            int[] faceVertexCounts = [4]
            int[] faceVertexIndices = [0, 1, 3, 2]
            uniform token subdivisionScheme = "none"
        }

        def Mesh "Road_689"
        {
            point3f[] points = [(246.2946, -1235.3890, 5.6190), (246.7906, -1235.0451, 5.6670), (254.4396, -1229.6480, 5.6320), (248.2894, -1238.2650, 5.6190), (248.8070, -1237.9059, 5.6670), (256.4575, -1232.5078, 5.6320)]
            int[] faceVertexCounts = [4, 4]
            int[] faceVertexIndices = [0, 1, 4, 3, 1, 2, 5, 4]
            uniform token subdivisionScheme = "none"
        }

        def Mesh "Road_690"
        {
            point3f[] points = [(1505.5574, -1781.3040, 5.2990), (1507.5699, -1774.2744, 5.2450), (1513.4841, -1766.8177, 5.1540), (1523.9399, -1756.7983, 5.0910), (1539.6016, -1740.9719, 5.2040), (1563.4532, -1718.3525, 5.3710), (1585.1784, -1698.9208, 5.4810), (1508.9281, -1782.2466, 5.2990), (1510.6414, -1775.9523, 5.2450), (1516.0330, -1769.2164, 5.1540), (1526.4018, -1759.2861, 5.0910), (1542.0424, -1743.4804, 5.2040), (1565.8265, -1720.9249, 5.3710), (1587.5117, -1701.5296, 5.4810)]
            int[] faceVertexCounts = [4, 4, 4, 4, 4, 4]
            int[] faceVertexIndices = [0, 1, 8, 7, 1, 2, 9, 8, 2, 3, 10, 9, 3, 4, 11, 10, 4, 5, 12, 11, 5, 6, 13, 12]
            uniform token subdivisionScheme = "none"
        }

        def Mesh "Road_691"
        {
            point3f[] points = [(1664.8668, -1781.3137, 5.3510), (1689.9618, -1756.2475, 5.4960), (1701.9974, -1745.6005, 5.5280), (1703.2877, -1744.5328, 5.5390), (1714.3879, -1735.9196, 5.6120), (1727.5775, -1726.7976, 5.6940), (1727.9377, -1726.5619, 5.6940), (1733.9601, -1722.4440, 5.7280), (1667.3403, -1783.7899, 5.3510), (1692.3882, -1758.7700, 5.4960), (1704.3084, -1748.2290, 5.5280), (1705.4422, -1747.2910, 5.5390), (1716.4518, -1738.7464, 5.6120), (1729.5664, -1729.6776, 5.6940), (1729.9099, -1729.4533, 5.6940), (1735.9356, -1725.3331, 5.7280)]
            int[] faceVertexCounts = [4, 4, 4, 4, 4, 4, 4]
            int[] faceVertexIndices = [0, 1, 9, 8, 1, 2, 10, 9, 2, 3, 11, 10, 3, 4, 12, 11, 4, 5, 13, 12, 5, 6, 14, 13, 6, 7, 15, 14]
            uniform token subdivisionScheme = "none"
        }

        def Mesh "Road_692"
        {
            point3f[] points = [(1345.0688, -784.9684, 7.3830), (1348.7425, -778.6795, 7.4030), (1349.4131, -777.4919, 7.4060), (1362.4382, -752.7318, 7.4200), (1363.0342, -751.4690, 7.4370), (1375.7920, -722.1421, 7.3020), (1376.2994, -720.9707, 7.2940), (1384.4309, -702.7055, 7.3520), (1348.0909, -786.7338, 7.3830), (1351.7690, -780.4374, 7.4030), (1352.5083, -779.1258, 7.4060), (1365.5394, -754.3544, 7.4200), (1366.2417, -752.8697, 7.4370), (1379.0015, -723.5381, 7.3020), (1379.4977, -722.3923, 7.2940), (1387.6284, -704.1290, 7.3520)]
            int[] faceVertexCounts = [4, 4, 4, 4, 4, 4, 4]
            int[] faceVertexIndices = [0, 1, 9, 8, 1, 2, 10, 9, 2, 3, 11, 10, 3, 4, 12, 11, 4, 5, 13, 12, 5, 6, 14, 13, 6, 7, 15, 14]
            uniform token subdivisionScheme = "none"
        }

        def Mesh "Road_693"
        {
            point3f[] points = [(1025.4670, -1476.8061, 5.3640), (1022.5162, -1470.9192, 5.3870), (1022.2176, -1470.2742, 5.3870), (994.5637, -1412.5874, 5.3050), (994.3005, -1412.0423, 5.3050), (983.9358, -1390.4065, 5.2150), (983.7960, -1390.1147, 5.2150), (960.7540, -1341.3011, 5.1970), (1028.5960, -1475.2377, 5.3640), (1025.6498, -1469.3602, 5.3870), (1025.3739, -1468.7618, 5.3870), (997.7197, -1411.0744, 5.3050), (997.4569, -1410.5299, 5.3050), (987.0922, -1388.8944, 5.2150), (986.9611, -1388.6206, 5.2150), (963.9191, -1339.8070, 5.1970)]
            int[] faceVertexCounts = [4, 4, 4, 4, 4, 4, 4]
            int[] faceVertexIndices = [0, 1, 9, 8, 1, 2, 10, 9, 2, 3, 11, 10, 3, 4, 12, 11, 4, 5, 13, 12, 5, 6, 14, 13, 6, 7, 15, 14]
            uniform token subdivisionScheme = "none"
        }

        def Mesh "Road_694"
        {
            point3f[] points = [(1633.0140, -1750.9148, 5.1970), (1585.0881, -1701.4428, 5.4810), (1635.5278, -1748.4795, 5.1970), (1587.6020, -1699.0076, 5.4810)]
            int[] faceVertexCounts = [4]
            int[] faceVertexIndices = [0, 1, 3, 2]
            uniform token subdivisionScheme = "none"
        }

        def Mesh "Road_695"
        {
            point3f[] points = [(625.3109, -739.8450, 5.9500), (613.1719, -726.5626, 5.9020), (612.5150, -725.8194, 5.9020), (592.1600, -701.1450, 5.8170), (591.0096, -699.6669, 5.8170), (556.7610, -655.3955, 5.6200), (555.5977, -653.9853, 5.5970), (529.2314, -623.9330, 5.6880), (528.7967, -623.4332, 5.7140), (526.9795, -621.9228, 5.7240), (627.8944, -737.4838, 5.9500), (615.7573, -724.2034, 5.9020), (615.2127, -723.5895, 5.9020), (594.8633, -698.9220, 5.8170), (593.7777, -697.5251, 5.8170), (559.5270, -653.2510, 5.6200), (558.2319, -651.6808, 5.5970), (531.8618, -621.6241, 5.6880), (531.1369, -620.8306, 5.7140), (529.2181, -619.2324, 5.7240)]
            int[] faceVertexCounts = [4, 4, 4, 4, 4, 4, 4, 4, 4]
            int[] faceVertexIndices = [0, 1, 11, 10, 1, 2, 12, 11, 2, 3, 13, 12, 3, 4, 14, 13, 4, 5, 15, 14, 5, 6, 16, 15, 6, 7, 17, 16, 7, 8, 18, 17, 8, 9, 19, 18]
            uniform token subdivisionScheme = "none"
        }

        def Mesh "Road_696"
        {
            point3f[] points = [(1585.8890, -1263.0593, 8.5630), (1599.4327, -1250.6581, 7.9700), (1609.9494, -1238.7502, 7.5960), (1620.2395, -1224.9501, 7.2410), (1629.5678, -1208.4227, 7.0610), (1636.3600, -1193.4509, 6.8500), (1643.5933, -1168.1312, 6.7310), (1588.2529, -1265.6404, 8.5630), (1601.9208, -1253.1197, 7.9700), (1612.6701, -1240.9521, 7.5960), (1623.1782, -1226.8512, 7.2410), (1632.6838, -1210.0166, 7.0610), (1639.6651, -1194.6026, 6.8500), (1646.9586, -1169.0930, 6.7310)]
            int[] faceVertexCounts = [4, 4, 4, 4, 4, 4]
            int[] faceVertexIndices = [0, 1, 8, 7, 1, 2, 9, 8, 2, 3, 10, 9, 3, 4, 11, 10, 4, 5, 12, 11, 5, 6, 13, 12]
            uniform token subdivisionScheme = "none"
        }

        def Mesh "Road_697"
        {
            point3f[] points = [(1127.6615, -788.4657, 7.3820), (1118.3073, -784.1784, 7.3250), (1114.6908, -782.7865, 7.3020), (1110.9451, -781.5621, 7.2840), (1109.9650, -781.2760, 7.2840), (1106.1111, -780.2509, 7.2710), (1129.1197, -785.2840, 7.3820), (1119.7102, -780.9719, 7.3250), (1115.8643, -779.4891, 7.3020), (1112.0102, -778.2281, 7.2840), (1110.8824, -777.8983, 7.2840), (1107.0108, -776.8685, 7.2710)]
            int[] faceVertexCounts = [4, 4, 4, 4, 4]
            int[] faceVertexIndices = [0, 1, 7, 6, 1, 2, 8, 7, 2, 3, 9, 8, 3, 4, 10, 9, 4, 5, 11, 10]
            uniform token subdivisionScheme = "none"
        }

        def Mesh "Road_698"
        {
            point3f[] points = [(329.2125, -738.6991, 5.4830), (330.5716, -737.9400, 5.4830), (332.2720, -736.9590, 5.5460), (334.1425, -735.8110, 5.5440), (342.4231, -730.2343, 5.6470), (343.6278, -729.4302, 5.6820), (350.4464, -725.1249, 5.7840), (366.1565, -716.2926, 5.9010), (367.8667, -715.3835, 5.8990), (375.0908, -711.5750, 5.9150), (330.9192, -741.7548, 5.4830), (332.3022, -740.9822, 5.4830), (334.0655, -739.9646, 5.5460), (336.0750, -738.7292, 5.5440), (344.3769, -733.1382, 5.6470), (345.5080, -732.3822, 5.6820), (352.2094, -728.1485, 5.7840), (367.8648, -719.3474, 5.9010), (369.5008, -718.4787, 5.8990), (376.7231, -714.6711, 5.9150)]
            int[] faceVertexCounts = [4, 4, 4, 4, 4, 4, 4, 4, 4]
            int[] faceVertexIndices = [0, 1, 11, 10, 1, 2, 12, 11, 2, 3, 13, 12, 3, 4, 14, 13, 4, 5, 15, 14, 5, 6, 16, 15, 6, 7, 17, 16, 7, 8, 18, 17, 8, 9, 19, 18]
            uniform token subdivisionScheme = "none"
        }

        def Mesh "Road_699"
        {
            point3f[] points = [(260.7010, -744.9448, 5.5090), (262.7767, -743.2832, 5.4900), (263.2416, -742.9697, 5.4630), (268.2840, -739.7145, 5.4910), (268.7201, -739.4559, 5.4910), (277.4997, -734.7219, 5.6600), (287.9119, -728.7767, 5.9580), (289.4564, -727.9074, 5.9810), (296.4907, -724.0949, 5.7560), (262.8885, -747.6770, 5.5090), (264.9308, -746.0418, 5.4900), (265.1418, -745.9090, 5.4630), (270.1758, -742.6592, 5.4910), (270.3859, -742.5341, 5.4910), (279.2016, -737.7803, 5.6600), (289.6450, -731.8175, 5.9580), (291.1330, -730.9797, 5.9810), (298.1585, -727.1720, 5.7560)]
            int[] faceVertexCounts = [4, 4, 4, 4, 4, 4, 4, 4]
            int[] faceVertexIndices = [0, 1, 10, 9, 1, 2, 11, 10, 2, 3, 12, 11, 3, 4, 13, 12, 4, 5, 14, 13, 5, 6, 15, 14, 6, 7, 16, 15, 7, 8, 17, 16]
            uniform token subdivisionScheme = "none"
        }

        def Mesh "Road_700"
        {
            point3f[] points = [(-36.3697, -1741.3429, 0.3000), (-6.4292, -1739.6569, 0.3000), (-5.3838, -1739.6048, 0.3000), (32.7002, -1737.9421, 6.5670), (62.6369, -1736.3505, 6.5580), (63.6279, -1736.2955, 6.5580), (99.5721, -1734.5748, 6.3810), (101.2312, -1734.5140, 6.3740), (139.1949, -1733.2758, 6.1670), (140.9588, -1733.2017, 6.1590), (210.8314, -1729.5065, 5.7330), (212.5401, -1729.4557, 5.7130), (247.9716, -1727.8130, 5.7870), (266.7812, -1726.4101, 5.7820), (283.0890, -1724.6005, 5.9770), (-36.1729, -1744.8373, 0.3000), (-6.2332, -1743.1514, 0.3000), (-5.2306, -1743.1014, 0.3000), (32.8674, -1741.4381, 6.5670), (62.8230, -1739.8455, 6.5580), (63.7960, -1739.7915, 6.5580), (99.7377, -1738.0708, 6.3810), (101.3458, -1738.0121, 6.3740), (139.3105, -1736.7739, 6.1670), (141.1427, -1736.6969, 6.1590), (211.0143, -1733.0017, 5.7330), (212.6996, -1732.9521, 5.7130), (248.1678, -1731.3075, 5.7870), (267.1000, -1729.8955, 5.7820), (283.4749, -1728.0791, 5.9770)]
            int[] faceVertexCounts = [4, 4, 4, 4, 4, 4, 4, 4, 4, 4, 4, 4, 4, 4]
            int[] faceVertexIndices = [0, 1, 16, 15, 1, 2, 17, 16, 2, 3, 18, 17, 3, 4, 19, 18, 4, 5, 20, 19, 5, 6, 21, 20, 6, 7, 22, 21, 7, 8, 23, 22, 8, 9, 24, 23, 9, 10, 25, 24, 10, 11, 26, 25, 11, 12, 27, 26, 12, 13, 28, 27, 13, 14, 29, 28]
            uniform token subdivisionScheme = "none"
        }

        def Mesh "Road_701"
        {
            point3f[] points = [(470.1174, -561.0231, 6.2040), (477.7375, -548.3671, 6.1960), (473.1158, -562.8284, 6.2040), (480.7359, -550.1725, 6.1960)]
            int[] faceVertexCounts = [4]
            int[] faceVertexIndices = [0, 1, 3, 2]
            uniform token subdivisionScheme = "none"
        }

        def Mesh "Road_702"
        {
            point3f[] points = [(1193.9158, -1968.5247, 0.3000), (1183.8387, -1947.9291, 0.3000), (1183.0992, -1946.4218, 0.3000), (1162.2683, -1903.1838, 0.3000), (1145.5326, -1866.7912, 0.3000), (1144.8318, -1865.3662, 0.3000), (1137.8350, -1849.9275, 0.3000), (1126.6945, -1825.9772, 4.8470), (1119.3884, -1811.3106, 4.8960), (1113.2723, -1802.1961, 4.8970), (1108.3522, -1797.0569, 4.8970), (1197.0596, -1966.9865, 0.3000), (1186.9825, -1946.3906, 0.3000), (1186.2520, -1944.9019, 0.3000), (1165.4337, -1901.6905, 0.3000), (1148.7110, -1865.3258, 0.3000), (1148.0158, -1863.9129, 0.3000), (1141.0141, -1848.4636, 0.3000), (1129.8525, -1824.4683, 4.8470), (1122.4356, -1809.5888, 4.8960), (1116.0408, -1800.0547, 4.8970), (1110.8836, -1794.6399, 4.8970)]
            int[] faceVertexCounts = [4, 4, 4, 4, 4, 4, 4, 4, 4, 4]
            int[] faceVertexIndices = [0, 1, 12, 11, 1, 2, 13, 12, 2, 3, 14, 13, 3, 4, 15, 14, 4, 5, 16, 15, 5, 6, 17, 16, 6, 7, 18, 17, 7, 8, 19, 18, 8, 9, 20, 19, 9, 10, 21, 20]
            uniform token subdivisionScheme = "none"
        }

        def Mesh "Road_703"
        {
            point3f[] points = [(781.5072, -1345.5648, 4.9360), (782.6402, -1345.0049, 5.0090), (800.6631, -1336.3499, 5.0180), (801.2742, -1336.0727, 4.9910), (819.4995, -1327.8830, 5.1710), (826.9243, -1324.3700, 5.2160), (828.8672, -1323.5674, 5.2280), (830.8069, -1322.8498, 5.2220), (832.7686, -1322.2158, 5.2400), (834.1122, -1321.8370, 5.2550), (836.1519, -1321.3390, 5.2810), (844.0251, -1319.8532, 5.2460), (845.2483, -1319.6162, 5.2460), (849.0974, -1318.7766, 5.1830), (854.8246, -1317.2468, 5.1330), (858.5608, -1316.0337, 5.0590), (859.7981, -1315.5911, 5.0500), (867.2236, -1312.6530, 5.0100), (867.7686, -1312.4309, 5.0100), (884.3088, -1305.3716, 4.9230), (885.7481, -1304.6811, 4.9970), (898.3144, -1298.5236, 5.2230), (899.0087, -1298.2030, 5.2230), (919.2118, -1289.5232, 5.2630), (920.1993, -1289.0661, 5.2630), (921.9593, -1288.2382, 5.2450), (934.4160, -1281.8774, 5.0610), (783.0579, -1348.7025, 4.9360), (784.1574, -1348.1590, 5.0090), (802.1761, -1339.5060, 5.0180), (802.7090, -1339.2651, 4.9910), (820.9523, -1331.0673, 5.1710), (828.3898, -1327.5485, 5.2160), (830.1420, -1326.8270, 5.2280), (831.9525, -1326.1570, 5.2220), (833.7945, -1325.5620, 5.2400), (834.9913, -1325.2248, 5.2550), (836.8378, -1324.7712, 5.2810), (844.6765, -1323.2921, 5.2460), (845.9753, -1323.0398, 5.2460), (849.9381, -1322.1741, 5.1830), (855.7990, -1320.6085, 5.1330), (859.6668, -1319.3544, 5.0590), (861.0697, -1318.8519, 5.0500), (868.5138, -1315.9065, 5.0100), (869.1407, -1315.6507, 5.0100), (885.6945, -1308.5856, 4.9230), (887.2851, -1307.8256, 4.9970), (899.8512, -1301.6682, 5.2230), (900.3929, -1301.4177, 5.2230), (920.5977, -1292.7371, 5.2630), (921.6821, -1292.2365, 5.2630), (923.5385, -1291.3616, 5.2450), (936.0076, -1284.9945, 5.0610)]
            int[] faceVertexCounts = [4, 4, 4, 4, 4, 4, 4, 4, 4, 4, 4, 4, 4, 4, 4, 4, 4, 4, 4, 4, 4, 4, 4, 4, 4, 4]
            int[] faceVertexIndices = [0, 1, 28, 27, 1, 2, 29, 28, 2, 3, 30, 29, 3, 4, 31, 30, 4, 5, 32, 31, 5, 6, 33, 32, 6, 7, 34, 33, 7, 8, 35, 34, 8, 9, 36, 35, 9, 10, 37, 36, 10, 11, 38, 37, 11, 12, 39, 38, 12, 13, 40, 39, 13, 14, 41, 40, 14, 15, 42, 41, 15, 16, 43, 42, 16, 17, 44, 43, 17, 18, 45, 44, 18, 19, 46, 45, 19, 20, 47, 46, 20, 21, 48, 47, 21, 22, 49, 48, 22, 23, 50, 49, 23, 24, 51, 50, 24, 25, 52, 51, 25, 26, 53, 52]
            uniform token subdivisionScheme = "none"
        }

        def Mesh "Road_704"
        {
            point3f[] points = [(628.9105, -69.6345, 4.4170), (632.7597, -68.0942, 4.3470), (630.2108, -72.8840, 4.4170), (634.0601, -71.3436, 4.3470)]
            int[] faceVertexCounts = [4]
            int[] faceVertexIndices = [0, 1, 3, 2]
            uniform token subdivisionScheme = "none"
        }

        def Mesh "Road_705"
        {
            point3f[] points = [(1110.3100, -1658.0299, 5.5400), (1095.6407, -1627.0476, 5.4220), (1073.1503, -1579.9226, 5.5640), (1072.6827, -1578.9369, 5.5570), (1056.4013, -1544.6003, 5.4780), (1025.4394, -1476.7484, 5.3640), (1113.4734, -1656.5321, 5.5400), (1098.8012, -1625.5440, 5.4220), (1076.3091, -1578.4153, 5.5640), (1075.8452, -1577.4373, 5.5570), (1059.5782, -1543.1315, 5.4780), (1028.6236, -1475.2954, 5.3640)]
            int[] faceVertexCounts = [4, 4, 4, 4, 4]
            int[] faceVertexIndices = [0, 1, 7, 6, 1, 2, 8, 7, 2, 3, 9, 8, 3, 4, 10, 9, 4, 5, 11, 10]
            uniform token subdivisionScheme = "none"
        }

        def Mesh "Road_706"
        {
            point3f[] points = [(1171.0789, -1784.4995, 5.1540), (1144.1710, -1728.3791, 5.2130), (1174.2349, -1782.9863, 5.1540), (1147.3270, -1726.8659, 5.2130)]
            int[] faceVertexCounts = [4]
            int[] faceVertexIndices = [0, 1, 3, 2]
            uniform token subdivisionScheme = "none"
        }

        def Mesh "Road_707"
        {
            point3f[] points = [(555.8883, -106.9750, 4.5350), (556.5507, -108.1865, 4.5010), (557.5094, -110.0064, 4.4430), (558.3797, -111.8984, 4.4270), (558.8133, -113.0114, 4.4270), (560.7384, -118.6785, 4.4030), (561.4398, -120.4290, 4.3790), (561.8246, -121.2278, 4.4120), (562.7298, -122.7180, 4.4120), (563.9227, -123.9334, 4.4250), (564.1793, -124.1048, 4.4250), (565.8064, -124.8317, 4.4690), (567.5731, -125.3342, 4.4800), (568.8222, -125.6181, 4.4990), (570.7049, -125.9908, 4.5210), (578.5963, -127.2071, 4.5700), (579.6612, -127.3871, 4.5700), (593.4274, -129.8279, 4.5740), (595.4203, -130.0548, 4.5660), (597.3397, -130.2042, 4.5420), (599.2501, -130.2641, 4.5060), (601.1801, -130.2191, 4.4730), (601.8055, -130.1785, 4.4380), (603.6597, -129.9510, 4.4010), (605.3242, -129.5484, 4.3420), (606.8644, -128.7964, 4.3420), (607.2767, -128.4964, 4.3270), (608.5132, -127.2383, 4.2960), (609.5558, -125.7637, 4.3470), (610.5672, -124.1304, 4.3940), (611.5121, -122.5067, 4.4140), (613.5671, -119.0428, 4.5030), (614.6935, -117.3206, 4.5220), (614.9558, -116.9435, 4.5240), (619.7830, -110.5704, 4.5260), (620.1854, -110.0056, 4.5260), (621.2714, -108.3874, 4.5290), (622.2753, -106.7463, 4.4970), (623.2046, -105.0652, 4.4670), (624.0671, -103.3224, 4.4670), (624.3246, -102.7564, 4.4640), (625.0550, -100.9797, 4.4560), (625.6388, -99.2217, 4.4320), (626.0445, -97.4309, 4.4130), (626.2357, -95.9072, 4.4150), (626.3429, -94.0102, 4.4000), (626.4243, -90.0295, 4.3970), (626.4498, -89.4768, 4.3900), (626.6018, -87.4264, 4.3800), (627.4619, -79.4666, 4.4230), (627.4902, -79.1245, 4.4230), (627.6234, -77.1823, 4.4470), (627.8115, -71.2042, 4.4170), (552.8175, -108.6542, 4.5350), (553.4647, -109.8378, 4.5010), (554.3702, -111.5541, 4.4430), (555.1702, -113.2945, 4.4270), (555.5068, -114.1591, 4.4270), (557.4397, -119.8483, 4.4030), (558.2235, -121.8092, 4.3790), (558.7805, -122.9550, 4.4120), (559.9675, -124.8674, 4.4120), (561.5548, -126.5109, 4.4250), (562.5944, -127.2254, 4.4250), (564.6094, -128.1207, 4.4690), (566.6842, -128.7195, 4.4800), (568.1037, -129.0435, 4.4990), (570.1426, -129.4453, 4.5210), (578.0573, -130.6654, 4.5700), (579.0521, -130.8337, 4.5700), (592.8442, -133.2790, 4.5740), (595.0828, -133.5385, 4.5660), (597.1494, -133.6990, 4.5420), (599.2357, -133.7640, 4.5060), (601.3018, -133.7170, 4.4730), (602.1820, -133.6582, 4.4380), (604.2943, -133.3929, 4.4010), (606.5097, -132.8415, 4.3420), (608.5608, -131.8578, 4.3420), (609.6429, -131.0753, 4.3270), (611.1981, -129.4835, 4.2960), (612.4712, -127.7004, 4.3470), (613.5668, -125.9338, 4.3940), (614.5270, -124.2844, 4.4140), (616.5507, -120.8726, 4.5030), (617.6146, -119.2487, 4.5220), (617.7496, -119.0517, 4.5240), (622.5784, -112.6765, 4.5260), (623.0763, -111.9786, 4.5260), (624.2181, -110.2760, 4.5290), (625.3005, -108.5066, 4.4970), (626.3053, -106.6887, 4.4670), (627.2170, -104.8481, 4.4670), (627.5492, -104.1172, 4.4640), (628.3370, -102.1957, 4.4560), (629.0106, -100.1604, 4.4320), (629.4890, -98.0517, 4.4130), (629.7221, -96.2158, 4.4150), (629.8411, -94.1240, 4.4000), (629.9234, -90.1107, 4.3970), (629.9416, -89.7161, 4.3900), (630.0840, -87.7788, 4.3800), (630.9421, -79.8386, 4.4230), (630.9815, -79.3718, 4.4230), (631.1205, -77.3245, 4.4470), (631.3098, -71.3143, 4.4170)]
            int[] faceVertexCounts = [4, 4, 4, 4, 4, 4, 4, 4, 4, 4, 4, 4, 4, 4, 4, 4, 4, 4, 4, 4, 4, 4, 4, 4, 4, 4, 4, 4, 4, 4, 4, 4, 4, 4, 4, 4, 4, 4, 4, 4, 4, 4, 4, 4, 4, 4, 4, 4, 4, 4, 4, 4]
            int[] faceVertexIndices = [0, 1, 54, 53, 1, 2, 55, 54, 2, 3, 56, 55, 3, 4, 57, 56, 4, 5, 58, 57, 5, 6, 59, 58, 6, 7, 60, 59, 7, 8, 61, 60, 8, 9, 62, 61, 9, 10, 63, 62, 10, 11, 64, 63, 11, 12, 65, 64, 12, 13, 66, 65, 13, 14, 67, 66, 14, 15, 68, 67, 15, 16, 69, 68, 16, 17, 70, 69, 17, 18, 71, 70, 18, 19, 72, 71, 19, 20, 73, 72, 20, 21, 74, 73, 21, 22, 75, 74, 22, 23, 76, 75, 23, 24, 77, 76, 24, 25, 78, 77, 25, 26, 79, 78, 26, 27, 80, 79, 27, 28, 81, 80, 28, 29, 82, 81, 29, 30, 83, 82, 30, 31, 84, 83, 31, 32, 85, 84, 32, 33, 86, 85, 33, 34, 87, 86, 34, 35, 88, 87, 35, 36, 89, 88, 36, 37, 90, 89, 37, 38, 91, 90, 38, 39, 92, 91, 39, 40, 93, 92, 40, 41, 94, 93, 41, 42, 95, 94, 42, 43, 96, 95, 43, 44, 97, 96, 44, 45, 98, 97, 45, 46, 99, 98, 46, 47, 100, 99, 47, 48, 101, 100, 48, 49, 102, 101, 49, 50, 103, 102, 50, 51, 104, 103, 51, 52, 105, 104]
            uniform token subdivisionScheme = "none"
        }

        def Mesh "Road_708"
        {
            point3f[] points = [(1118.1549, -1653.9756, 5.5450), (1114.1519, -1645.1792, 5.5230), (1121.3406, -1652.5259, 5.5450), (1117.3375, -1643.7295, 5.5230)]
            int[] faceVertexCounts = [4]
            int[] faceVertexIndices = [0, 1, 3, 2]
            uniform token subdivisionScheme = "none"
        }

        def Mesh "Road_709"
        {
            point3f[] points = [(1086.9525, -1751.5671, 4.9050), (1115.0384, -1738.6266, 5.0890), (1145.0712, -1726.0091, 5.2130), (1088.4172, -1754.7459, 4.9050), (1116.4474, -1741.8305, 5.0890), (1146.4268, -1729.2359, 5.2130)]
            int[] faceVertexCounts = [4, 4]
            int[] faceVertexIndices = [0, 1, 4, 3, 1, 2, 5, 4]
            uniform token subdivisionScheme = "none"
        }

        def Mesh "Road_710"
        {
            point3f[] points = [(370.9499, -698.5967, 5.8480), (379.3534, -695.0087, 5.7740), (372.3242, -701.8156, 5.8480), (380.7277, -698.2275, 5.7740)]
            int[] faceVertexCounts = [4]
            int[] faceVertexIndices = [0, 1, 3, 2]
            uniform token subdivisionScheme = "none"
        }

        def Mesh "Road_711"
        {
            point3f[] points = [(860.2145, -1096.1884, 5.4590), (873.8298, -1089.7398, 5.3200), (896.3286, -1079.3328, 5.2750), (912.4120, -1071.9695, 5.4340), (919.7944, -1068.4751, 5.4390), (923.2638, -1066.2923, 5.4770), (925.3993, -1063.7320, 5.4590), (927.5177, -1060.3708, 5.5070), (930.8060, -1055.3984, 5.6090), (932.6337, -1052.7181, 5.6340), (934.8008, -1050.9353, 5.7080), (861.7127, -1099.3515, 5.4590), (875.3100, -1092.9113, 5.3200), (897.7928, -1082.5118, 5.2750), (913.8820, -1075.1459, 5.4340), (921.4267, -1071.5711, 5.4390), (925.5276, -1068.9616, 5.4770), (928.2287, -1065.7922, 5.4590), (930.4534, -1062.2764, 5.5070), (933.7193, -1057.3381, 5.6090), (935.2436, -1055.0501, 5.6340), (937.0024, -1053.6561, 5.7080)]
            int[] faceVertexCounts = [4, 4, 4, 4, 4, 4, 4, 4, 4, 4]
            int[] faceVertexIndices = [0, 1, 12, 11, 1, 2, 13, 12, 2, 3, 14, 13, 3, 4, 15, 14, 4, 5, 16, 15, 5, 6, 17, 16, 6, 7, 18, 17, 7, 8, 19, 18, 8, 9, 20, 19, 9, 10, 21, 20]
            uniform token subdivisionScheme = "none"
        }

        def Mesh "Road_712"
        {
            point3f[] points = [(946.8465, -1043.9912, 5.8750), (954.2650, -1039.4922, 6.0130), (954.9457, -1039.1143, 5.9790), (979.5994, -1025.8655, 6.3250), (980.4312, -1025.4453, 6.3250), (991.3246, -1020.3260, 6.5140), (996.9907, -1018.1167, 6.5450), (997.7646, -1017.8435, 6.5390), (999.7038, -1017.1940, 6.5420), (1003.5914, -1016.0337, 6.5560), (1007.5436, -1015.0421, 6.5750), (1011.5397, -1014.2271, 6.6170), (1015.5699, -1013.5968, 6.6220), (1019.6030, -1013.1589, 6.6150), (1021.3965, -1013.0258, 6.6150), (1023.4472, -1012.9163, 6.6410), (1027.4982, -1012.8329, 6.6560), (1031.5699, -1012.9097, 6.7010), (1036.6051, -1013.2078, 6.7340), (948.6615, -1046.9838, 5.8750), (956.0711, -1042.4902, 6.0130), (956.6034, -1042.1968, 5.9790), (981.2539, -1028.9497, 6.3250), (981.9259, -1028.6101, 6.3250), (992.7413, -1023.5264, 6.5140), (998.2493, -1021.3826, 6.5450), (998.8906, -1021.1574, 6.5390), (1000.7421, -1020.5364, 6.5420), (1004.5181, -1019.4087, 6.5560), (1008.3194, -1018.4551, 6.5750), (1012.1601, -1017.6717, 6.6170), (1016.0292, -1017.0665, 6.6220), (1019.9444, -1016.6422, 6.6150), (1021.6167, -1016.5188, 6.6150), (1023.5578, -1016.4145, 6.6410), (1027.5014, -1016.3329, 6.6560), (1031.4255, -1016.4067, 6.7010), (1036.3980, -1016.7016, 6.7340)]
            int[] faceVertexCounts = [4, 4, 4, 4, 4, 4, 4, 4, 4, 4, 4, 4, 4, 4, 4, 4, 4, 4]
            int[] faceVertexIndices = [0, 1, 20, 19, 1, 2, 21, 20, 2, 3, 22, 21, 3, 4, 23, 22, 4, 5, 24, 23, 5, 6, 25, 24, 6, 7, 26, 25, 7, 8, 27, 26, 8, 9, 28, 27, 9, 10, 29, 28, 10, 11, 30, 29, 11, 12, 31, 30, 12, 13, 32, 31, 13, 14, 33, 32, 14, 15, 34, 33, 15, 16, 35, 34, 16, 17, 36, 35, 17, 18, 37, 36]
            uniform token subdivisionScheme = "none"
        }

        def Mesh "Road_713"
        {
            point3f[] points = [(1659.8657, -1109.3309, 7.4470), (1670.4980, -1074.8435, 7.5420), (1678.3529, -1047.0514, 7.5440), (1685.0404, -1031.6310, 7.6630), (1663.2103, -1110.3621, 7.4470), (1673.8533, -1075.8395, 7.5420), (1681.6702, -1048.1674, 7.5440), (1688.2509, -1033.0247, 7.6630)]
            int[] faceVertexCounts = [4, 4, 4]
            int[] faceVertexIndices = [0, 1, 5, 4, 1, 2, 6, 5, 2, 3, 7, 6]
            uniform token subdivisionScheme = "none"
        }

        def Mesh "Road_714"
        {
            point3f[] points = [(2069.2939, -1654.7981, 8.3080), (2074.3837, -1652.3335, 8.6280), (2078.2197, -1648.9349, 9.1570), (2080.7245, -1644.6943, 9.3330), (2084.2888, -1634.8917, 9.3010), (2086.7093, -1628.9287, 8.1440), (2070.8278, -1657.9441, 8.3080), (2076.3212, -1655.2483, 8.6280), (2080.9118, -1651.1716, 9.1570), (2083.9313, -1646.0967, 9.3330), (2087.5609, -1636.1341, 9.3010), (2089.9522, -1630.2453, 8.1440)]
            int[] faceVertexCounts = [4, 4, 4, 4, 4]
            int[] faceVertexIndices = [0, 1, 7, 6, 1, 2, 8, 7, 2, 3, 9, 8, 3, 4, 10, 9, 4, 5, 11, 10]
            uniform token subdivisionScheme = "none"
        }

        def Mesh "Road_715"
        {
            point3f[] points = [(493.2500, -587.2554, 5.7350), (484.7867, -578.1516, 5.7840), (484.0299, -577.3658, 5.8000), (472.6650, -566.0598, 6.0970), (470.2439, -563.0112, 6.2040), (495.8134, -584.8723, 5.7350), (487.3465, -575.7647, 5.7840), (486.5019, -574.8880, 5.8000), (475.1884, -563.6345, 6.0970), (472.9893, -560.8403, 6.2040)]
            int[] faceVertexCounts = [4, 4, 4, 4]
            int[] faceVertexIndices = [0, 1, 6, 5, 1, 2, 7, 6, 2, 3, 8, 7, 3, 4, 9, 8]
            uniform token subdivisionScheme = "none"
        }

        def Mesh "Road_716"
        {
            point3f[] points = [(1339.4480, -1180.8669, 8.2870), (1337.9809, -1156.4898, 7.5960), (1336.1041, -1127.6742, 7.1290), (1333.7935, -1096.6608, 7.1540), (1332.2532, -1067.3864, 7.4040), (1342.9417, -1180.6567, 8.2870), (1341.4741, -1156.2702, 7.5960), (1339.5956, -1127.4299, 7.1290), (1337.2864, -1096.4377, 7.1540), (1335.7484, -1067.2025, 7.4040)]
            int[] faceVertexCounts = [4, 4, 4, 4]
            int[] faceVertexIndices = [0, 1, 6, 5, 1, 2, 7, 6, 2, 3, 8, 7, 3, 4, 9, 8]
            uniform token subdivisionScheme = "none"
        }

        def Mesh "Road_717"
        {
            point3f[] points = [(1331.1112, -1205.9642, 9.0080), (1328.0172, -1179.0670, 8.5060), (1334.5883, -1205.5642, 9.0080), (1331.4942, -1178.6671, 8.5060)]
            int[] faceVertexCounts = [4]
            int[] faceVertexIndices = [0, 1, 3, 2]
            uniform token subdivisionScheme = "none"
        }

        def Mesh "Road_718"
        {
            point3f[] points = [(1602.1802, -993.1563, 7.7400), (1624.6207, -930.8266, 7.4280), (1635.8789, -902.6543, 7.4080), (1605.4733, -994.3419, 7.7400), (1627.9007, -932.0479, 7.4280), (1639.1290, -903.9532, 7.4080)]
            int[] faceVertexCounts = [4, 4]
            int[] faceVertexIndices = [0, 1, 4, 3, 1, 2, 5, 4]
            uniform token subdivisionScheme = "none"
        }

        def Mesh "Road_719"
        {
            point3f[] points = [(1308.9753, -943.4147, 7.1940), (1308.6346, -942.3838, 7.1850), (1306.1368, -934.7849, 7.2280), (1305.7277, -933.5156, 7.2540), (1301.0798, -918.2082, 7.3610), (1300.7860, -917.1544, 7.3610), (1295.8337, -899.8596, 7.2860), (1295.7236, -899.5097, 7.2860), (1292.8359, -889.9279, 7.3580), (1292.5076, -888.5743, 7.3400), (1292.0891, -886.5500, 7.3420), (1291.7728, -884.4667, 7.4090), (1291.5992, -882.3396, 7.3970), (1291.6016, -880.0382, 7.4160), (1291.8071, -877.8714, 7.4440), (1292.2537, -875.7032, 7.4340), (1292.9936, -873.6122, 7.4290), (1293.8282, -871.9636, 7.4290), (1295.0472, -870.1448, 7.4300), (1296.4273, -868.5117, 7.4510), (1298.8908, -865.8019, 7.4810), (1312.2985, -942.3165, 7.1940), (1311.9594, -941.2902, 7.1850), (1309.4626, -933.6946, 7.2280), (1309.0754, -932.4944, 7.2540), (1304.4303, -917.1962, 7.3610), (1304.1512, -916.1923, 7.3610), (1299.1980, -898.8944, 7.2860), (1299.0743, -898.4983, 7.2860), (1296.1934, -888.9391, 7.3580), (1295.9256, -887.8215, 7.3400), (1295.5341, -885.9322, 7.3420), (1295.2491, -884.0606, 7.4090), (1295.0966, -882.2036, 7.3970), (1295.0980, -880.1986, 7.4160), (1295.2687, -878.3888, 7.4440), (1295.6255, -876.6419, 7.4340), (1296.2203, -874.9681, 7.4290), (1296.8369, -873.7518, 7.4290), (1297.8407, -872.2535, 7.4300), (1299.0461, -870.8337, 7.4510), (1301.4805, -868.1563, 7.4810)]
            int[] faceVertexCounts = [4, 4, 4, 4, 4, 4, 4, 4, 4, 4, 4, 4, 4, 4, 4, 4, 4, 4, 4, 4]
            int[] faceVertexIndices = [0, 1, 22, 21, 1, 2, 23, 22, 2, 3, 24, 23, 3, 4, 25, 24, 4, 5, 26, 25, 5, 6, 27, 26, 6, 7, 28, 27, 7, 8, 29, 28, 8, 9, 30, 29, 9, 10, 31, 30, 10, 11, 32, 31, 11, 12, 33, 32, 12, 13, 34, 33, 13, 14, 35, 34, 14, 15, 36, 35, 15, 16, 37, 36, 16, 17, 38, 37, 17, 18, 39, 38, 18, 19, 40, 39, 19, 20, 41, 40]
            uniform token subdivisionScheme = "none"
        }

        def Mesh "Road_720"
        {
            point3f[] points = [(1980.0185, -1688.4949, 7.3590), (1976.9061, -1678.5226, 7.2260), (1973.0473, -1671.7913, 7.2530), (1968.1922, -1666.5809, 7.2580), (1963.2340, -1664.5480, 7.3020), (1957.6111, -1664.0333, 7.4470), (1983.3588, -1687.4497, 7.3590), (1980.1331, -1677.1674, 7.2260), (1975.8700, -1669.7219, 7.2530), (1970.2598, -1663.7568, 7.2580), (1964.0871, -1661.1536, 7.3020), (1957.9424, -1660.5491, 7.4470)]
            int[] faceVertexCounts = [4, 4, 4, 4, 4]
            int[] faceVertexIndices = [0, 1, 7, 6, 1, 2, 8, 7, 2, 3, 9, 8, 3, 4, 10, 9, 4, 5, 11, 10]
            uniform token subdivisionScheme = "none"
        }

        def Mesh "Road_721"
        {
            point3f[] points = [(1345.9095, -787.4676, 7.3830), (1292.8101, -765.4476, 7.0670), (1249.5526, -748.1977, 7.0780), (1222.9697, -738.4388, 6.8990), (1199.8586, -729.4125, 7.0020), (1184.1303, -723.3923, 7.0660), (1176.9075, -720.3397, 7.0430), (1171.3310, -718.0650, 7.0700), (1167.3692, -716.2058, 7.0550), (1165.4822, -715.1929, 7.0410), (1163.5939, -713.9362, 7.0390), (1161.8826, -712.1676, 7.0390), (1160.7018, -710.0376, 7.0140), (1160.0950, -707.8710, 7.0120), (1159.9778, -707.0038, 7.0120), (1159.9621, -704.7976, 7.0290), (1160.3616, -702.5711, 7.0480), (1160.9791, -700.5251, 7.0380), (1161.6539, -698.5961, 7.0010), (1161.9093, -697.9066, 7.0010), (1163.3818, -694.1605, 6.9760), (1164.2189, -692.2379, 6.9660), (1165.2105, -690.3199, 6.9200), (1166.4238, -688.5212, 6.8900), (1167.3717, -687.3835, 6.8900), (1168.9083, -685.8702, 6.8460), (1170.5685, -684.5441, 6.8430), (1172.2077, -683.3370, 6.8210), (1172.4658, -683.1515, 6.8210), (1347.2502, -784.2346, 7.3830), (1294.1310, -762.2064, 7.0670), (1250.8150, -744.9333, 7.0780), (1224.2073, -735.1649, 6.8990), (1201.1229, -726.1488, 7.0020), (1185.4170, -720.1374, 7.0660), (1178.2525, -717.1084, 7.0430), (1172.7222, -714.8534, 7.0700), (1168.9100, -713.0632, 7.0550), (1167.2752, -712.1870, 7.0410), (1165.8295, -711.2432, 7.0390), (1164.6908, -710.0786, 7.0390), (1163.9439, -708.7190, 7.0140), (1163.4947, -707.0393, 7.0120), (1163.4756, -706.8798, 7.0120), (1163.4496, -705.0935, 7.0290), (1163.7637, -703.3931, 7.0480), (1164.3064, -701.6111, 7.0380), (1164.9521, -699.7674, 7.0010), (1165.1704, -699.1775, 7.0010), (1166.6237, -695.4798, 6.9760), (1167.3806, -693.7392, 6.9660), (1168.2211, -692.1050, 6.9200), (1169.2452, -690.5923, 6.8900), (1169.9217, -689.7808, 6.8900), (1171.2309, -688.4884, 6.8460), (1172.6971, -687.3223, 6.8430), (1174.2782, -686.1589, 6.8210), (1174.5073, -685.9945, 6.8210)]
            int[] faceVertexCounts = [4, 4, 4, 4, 4, 4, 4, 4, 4, 4, 4, 4, 4, 4, 4, 4, 4, 4, 4, 4, 4, 4, 4, 4, 4, 4, 4, 4]
            int[] faceVertexIndices = [0, 1, 30, 29, 1, 2, 31, 30, 2, 3, 32, 31, 3, 4, 33, 32, 4, 5, 34, 33, 5, 6, 35, 34, 6, 7, 36, 35, 7, 8, 37, 36, 8, 9, 38, 37, 9, 10, 39, 38, 10, 11, 40, 39, 11, 12, 41, 40, 12, 13, 42, 41, 13, 14, 43, 42, 14, 15, 44, 43, 15, 16, 45, 44, 16, 17, 46, 45, 17, 18, 47, 46, 18, 19, 48, 47, 19, 20, 49, 48, 20, 21, 50, 49, 21, 22, 51, 50, 22, 23, 52, 51, 23, 24, 53, 52, 24, 25, 54, 53, 25, 26, 55, 54, 26, 27, 56, 55, 27, 28, 57, 56]
            uniform token subdivisionScheme = "none"
        }

        def Mesh "Road_722"
        {
            point3f[] points = [(140.2898, -603.1785, 2.3800), (156.3998, -596.7691, 2.5640), (141.5836, -606.4306, 2.3800), (157.6937, -600.0212, 2.5640)]
            int[] faceVertexCounts = [4]
            int[] faceVertexIndices = [0, 1, 3, 2]
            uniform token subdivisionScheme = "none"
        }

        def Mesh "Road_723"
        {
            point3f[] points = [(269.4356, -774.3296, 5.7100), (278.3704, -770.4739, 5.6240), (270.8224, -777.5432, 5.7100), (279.7572, -773.6874, 5.6240)]
            int[] faceVertexCounts = [4]
            int[] faceVertexIndices = [0, 1, 3, 2]
            uniform token subdivisionScheme = "none"
        }

        def Mesh "Road_724"
        {
            point3f[] points = [(943.7307, -1514.0177, 5.4160), (932.1930, -1489.1123, 5.3170), (946.9064, -1512.5465, 5.4160), (935.3687, -1487.6411, 5.3170)]
            int[] faceVertexCounts = [4]
            int[] faceVertexIndices = [0, 1, 3, 2]
            uniform token subdivisionScheme = "none"
        }

        def Mesh "Road_725"
        {
            point3f[] points = [(2068.2344, -1713.5154, 9.1340), (2064.8052, -1711.4613, 9.2400), (2063.0987, -1710.5778, 9.3130), (2061.2229, -1709.6041, 9.4750), (2059.2593, -1707.7426, 9.5030), (2058.9021, -1705.1844, 9.5790), (2059.7137, -1702.9284, 9.5550), (2060.6129, -1701.0685, 9.5230), (2060.8158, -1700.6073, 9.5230), (2061.4581, -1698.8634, 9.5330), (2062.4514, -1695.0385, 9.5020), (2062.8920, -1693.4727, 9.5130), (2065.3006, -1685.8384, 9.4860), (2065.5653, -1685.0194, 9.4860), (2068.5279, -1678.3691, 9.3010), (2069.7745, -1665.1911, 8.7670), (2069.1412, -1660.3416, 8.3780), (2068.3514, -1656.7454, 8.3080), (2070.0327, -1710.5127, 9.1340), (2066.5423, -1708.4228, 9.2400), (2064.6993, -1707.4652, 9.3130), (2063.2163, -1706.7273, 9.4750), (2062.2688, -1705.9558, 9.5030), (2062.3510, -1705.7804, 9.5790), (2062.9316, -1704.3051, 9.5550), (2063.7768, -1702.5650, 9.5230), (2064.0842, -1701.8593, 9.5230), (2064.8154, -1699.8525, 9.5330), (2065.8339, -1695.9377, 9.5020), (2066.2352, -1694.5086, 9.5130), (2068.6387, -1686.8906, 9.4860), (2068.7825, -1686.3979, 9.4860), (2071.9513, -1679.0969, 9.3010), (2073.2726, -1665.3088, 8.7670), (2072.5947, -1659.7726, 8.3780), (2071.7704, -1655.9968, 8.3080)]
            int[] faceVertexCounts = [4, 4, 4, 4, 4, 4, 4, 4, 4, 4, 4, 4, 4, 4, 4, 4, 4]
            int[] faceVertexIndices = [0, 1, 19, 18, 1, 2, 20, 19, 2, 3, 21, 20, 3, 4, 22, 21, 4, 5, 23, 22, 5, 6, 24, 23, 6, 7, 25, 24, 7, 8, 26, 25, 8, 9, 27, 26, 9, 10, 28, 27, 10, 11, 29, 28, 11, 12, 30, 29, 12, 13, 31, 30, 13, 14, 32, 31, 14, 15, 33, 32, 15, 16, 34, 33, 16, 17, 35, 34]
            uniform token subdivisionScheme = "none"
        }

        def Mesh "Road_726"
        {
            point3f[] points = [(2059.1697, -1325.9416, 6.7700), (2057.8388, -1325.7761, 6.7700), (2056.3325, -1325.7669, 6.7560), (2052.3153, -1325.6061, 6.7280), (2051.1252, -1325.5399, 6.7140), (2059.5935, -1322.4673, 6.7700), (2058.0565, -1322.2829, 6.7700), (2056.4406, -1322.2686, 6.7560), (2052.4678, -1322.1095, 6.7280), (2051.3200, -1322.0453, 6.7140)]
            int[] faceVertexCounts = [4, 4, 4, 4]
            int[] faceVertexIndices = [0, 1, 6, 5, 1, 2, 7, 6, 2, 3, 8, 7, 3, 4, 9, 8]
            uniform token subdivisionScheme = "none"
        }

        def Mesh "Road_727"
        {
            point3f[] points = [(1046.3395, -1715.6838, 4.8740), (1027.9715, -1724.8834, 4.9180), (1003.3145, -1736.8554, 4.8680), (994.8531, -1740.3387, 4.8190), (988.0982, -1741.4666, 4.8190), (981.7282, -1739.9697, 4.8100), (975.6997, -1735.2689, 4.8240), (970.4463, -1726.0935, 4.8660), (962.3934, -1708.5705, 4.9800), (948.8111, -1680.7946, 5.1000), (934.7989, -1650.4479, 5.0030), (918.6526, -1617.0105, 5.1290), (912.3224, -1602.8609, 5.1160), (908.7192, -1594.3980, 5.1200), (908.3792, -1584.4552, 5.1220), (913.8842, -1577.0506, 5.1360), (925.2135, -1570.1173, 5.2740), (938.1557, -1561.9107, 5.3030), (952.1738, -1554.0793, 5.3200), (957.4209, -1552.2059, 5.3090), (964.1273, -1551.6387, 5.3100), (1044.7722, -1712.5544, 4.8740), (1026.4262, -1721.7431, 4.9180), (1001.8330, -1733.6844, 4.8680), (993.8228, -1736.9938, 4.8190), (988.1755, -1737.9675, 4.8190), (983.2950, -1736.8400, 4.8100), (978.4300, -1733.0792, 4.8240), (973.5809, -1724.5365, 4.8660), (965.5517, -1707.0621, 4.9800), (951.9728, -1679.2935, 5.1000), (937.9631, -1648.9518, 5.0030), (921.8174, -1615.5157, 5.1290), (915.5250, -1601.4491, 5.1160), (912.1341, -1593.6310, 5.1200), (911.7380, -1585.4392, 5.1220), (916.1194, -1579.7439, 5.1360), (927.0643, -1573.0880, 5.2740), (939.9454, -1564.9185, 5.3030), (953.7572, -1557.2007, 5.3200), (958.1061, -1555.6381, 5.3090), (964.4163, -1555.1268, 5.3100)]
            int[] faceVertexCounts = [4, 4, 4, 4, 4, 4, 4, 4, 4, 4, 4, 4, 4, 4, 4, 4, 4, 4, 4, 4]
            int[] faceVertexIndices = [0, 1, 22, 21, 1, 2, 23, 22, 2, 3, 24, 23, 3, 4, 25, 24, 4, 5, 26, 25, 5, 6, 27, 26, 6, 7, 28, 27, 7, 8, 29, 28, 8, 9, 30, 29, 9, 10, 31, 30, 10, 11, 32, 31, 11, 12, 33, 32, 12, 13, 34, 33, 13, 14, 35, 34, 14, 15, 36, 35, 15, 16, 37, 36, 16, 17, 38, 37, 17, 18, 39, 38, 18, 19, 40, 39, 19, 20, 41, 40]
            uniform token subdivisionScheme = "none"
        }

        def Mesh "Road_728"
        {
            point3f[] points = [(1298.6665, -866.1103, 7.4810), (1329.8496, -811.5861, 7.4660), (1330.6566, -810.1772, 7.4600), (1345.0606, -784.9825, 7.3830), (1301.7047, -867.8479, 7.4810), (1332.8878, -813.3237, 7.4660), (1333.6951, -811.9145, 7.4600), (1348.0991, -786.7196, 7.3830)]
            int[] faceVertexCounts = [4, 4, 4]
            int[] faceVertexIndices = [0, 1, 5, 4, 1, 2, 6, 5, 2, 3, 7, 6]
            uniform token subdivisionScheme = "none"
        }

        def Mesh "Road_729"
        {
            point3f[] points = [(1513.7084, -1627.1840, 6.2100), (1512.5326, -1626.0491, 6.2100), (1502.5762, -1616.1637, 6.2890), (1497.1740, -1610.1768, 6.3640), (1496.4792, -1609.3564, 6.3670), (1495.1759, -1607.7711, 6.3740), (1491.4905, -1602.9567, 6.4010), (1488.0936, -1597.9384, 6.5310), (1487.3314, -1596.7178, 6.5460), (1485.2604, -1593.2063, 6.6490), (1479.6943, -1582.5502, 6.8310), (1478.8365, -1580.8194, 6.8520), (1469.9858, -1562.8959, 7.1440), (1469.1205, -1561.2020, 7.1590), (1468.2170, -1559.4747, 7.1530), (1465.2882, -1554.2890, 7.1870), (1464.2626, -1552.7063, 7.1780), (1463.1386, -1551.1099, 7.2120), (1462.7363, -1550.5681, 7.2120), (1461.5325, -1549.0295, 7.2270), (1460.2817, -1547.5501, 7.2300), (1458.9900, -1546.1224, 7.2540), (1454.8314, -1541.8267, 7.3010), (1454.5147, -1541.5115, 7.3010), (1440.0800, -1527.6805, 6.9290), (1516.1390, -1624.6657, 6.2100), (1514.9949, -1623.5617, 6.2100), (1505.0913, -1613.7298, 6.2890), (1499.7812, -1607.8417, 6.3640), (1499.1720, -1607.1205, 6.3670), (1497.9362, -1605.6191, 6.3740), (1494.3305, -1600.9111, 6.4010), (1491.0055, -1595.9966, 6.5310), (1490.3344, -1594.9200, 6.5460), (1488.3414, -1591.5458, 6.6490), (1482.8013, -1580.9389, 6.8310), (1481.9746, -1579.2694, 6.8520), (1473.1222, -1561.3424, 7.1440), (1472.2293, -1559.5942, 7.1590), (1471.2781, -1557.7778, 7.1530), (1468.3095, -1552.5222, 7.1870), (1467.1636, -1550.7481, 7.1780), (1465.9868, -1549.0757, 7.2120), (1465.5072, -1548.4299, 7.2120), (1464.2475, -1546.8207, 7.2270), (1462.9160, -1545.2456, 7.2300), (1461.5250, -1543.7092, 7.2540), (1457.3426, -1539.3886, 7.3010), (1456.9373, -1538.9855, 7.3010), (1442.5014, -1525.1534, 6.9290)]
            int[] faceVertexCounts = [4, 4, 4, 4, 4, 4, 4, 4, 4, 4, 4, 4, 4, 4, 4, 4, 4, 4, 4, 4, 4, 4, 4, 4]
            int[] faceVertexIndices = [0, 1, 26, 25, 1, 2, 27, 26, 2, 3, 28, 27, 3, 4, 29, 28, 4, 5, 30, 29, 5, 6, 31, 30, 6, 7, 32, 31, 7, 8, 33, 32, 8, 9, 34, 33, 9, 10, 35, 34, 10, 11, 36, 35, 11, 12, 37, 36, 12, 13, 38, 37, 13, 14, 39, 38, 14, 15, 40, 39, 15, 16, 41, 40, 16, 17, 42, 41, 17, 18, 43, 42, 18, 19, 44, 43, 19, 20, 45, 44, 20, 21, 46, 45, 21, 22, 47, 46, 22, 23, 48, 47, 23, 24, 49, 48]
            uniform token subdivisionScheme = "none"
        }

        def Mesh "Road_730"
        {
            point3f[] points = [(185.2629, -660.9555, 5.8160), (173.4663, -641.8695, 6.2310), (188.2401, -659.1154, 5.8160), (176.4436, -640.0294, 6.2310)]
            int[] faceVertexCounts = [4]
            int[] faceVertexIndices = [0, 1, 3, 2]
            uniform token subdivisionScheme = "none"
        }

        def Mesh "Road_731"
        {
            point3f[] points = [(1791.9484, -1326.1146, 6.4100), (1793.8048, -1319.3112, 6.4320), (1796.0644, -1307.7235, 6.3560), (1798.1079, -1295.3789, 6.3610), (1801.7433, -1282.6130, 6.3480), (1805.7873, -1271.9699, 6.3880), (1809.3457, -1261.8890, 6.4400), (1809.7220, -1255.1784, 6.4640), (1808.6394, -1248.3289, 6.5240), (1804.9707, -1242.2584, 6.5620), (1799.7750, -1237.7555, 6.6000), (1793.2895, -1233.5730, 6.5350), (1785.2042, -1227.1715, 6.4340), (1795.3252, -1327.0350, 6.4100), (1797.2203, -1320.0757, 6.4320), (1799.5092, -1308.3428, 6.3560), (1801.5219, -1296.1501, 6.3610), (1805.0686, -1283.7049, 6.3480), (1809.0739, -1273.1735, 6.3880), (1812.7559, -1262.6768, 6.4400), (1813.2172, -1254.9936, 6.4640), (1811.9225, -1247.1158, 6.5240), (1807.6614, -1240.0200, 6.5620), (1801.8725, -1234.9537, 6.6000), (1795.3463, -1230.7411, 6.5350), (1787.3772, -1224.4278, 6.4340)]
            int[] faceVertexCounts = [4, 4, 4, 4, 4, 4, 4, 4, 4, 4, 4, 4]
            int[] faceVertexIndices = [0, 1, 14, 13, 1, 2, 15, 14, 2, 3, 16, 15, 3, 4, 17, 16, 4, 5, 18, 17, 5, 6, 19, 18, 6, 7, 20, 19, 7, 8, 21, 20, 8, 9, 22, 21, 9, 10, 23, 22, 10, 11, 24, 23, 11, 12, 25, 24]
            uniform token subdivisionScheme = "none"
        }

        def Mesh "Road_732"
        {
            point3f[] points = [(1898.0447, -1444.0205, 7.1360), (1788.9638, -1437.9634, 7.1240), (1778.4826, -1436.4274, 7.1550), (1772.9542, -1432.7083, 7.1680), (1731.3608, -1396.8875, 7.0130), (1898.2388, -1440.5259, 7.1360), (1789.1841, -1434.4703, 7.1240), (1779.5592, -1433.0971, 7.1550), (1775.2096, -1430.0319, 7.1680), (1733.6448, -1394.2355, 7.0130)]
            int[] faceVertexCounts = [4, 4, 4, 4]
            int[] faceVertexIndices = [0, 1, 6, 5, 1, 2, 7, 6, 2, 3, 8, 7, 3, 4, 9, 8]
            uniform token subdivisionScheme = "none"
        }

        def Mesh "Road_733"
        {
            point3f[] points = [(278.1576, -770.5835, 5.6240), (287.4136, -764.9814, 5.4280), (288.1411, -764.5329, 5.4270), (310.1836, -750.7659, 5.2820), (279.9699, -773.5778, 5.6240), (289.2277, -767.9746, 5.4280), (289.9946, -767.5018, 5.4270), (312.0376, -753.7345, 5.2820)]
            int[] faceVertexCounts = [4, 4, 4]
            int[] faceVertexIndices = [0, 1, 5, 4, 1, 2, 6, 5, 2, 3, 7, 6]
            uniform token subdivisionScheme = "none"
        }

        def Mesh "Road_734"
        {
            point3f[] points = [(2048.5839, -1334.8319, 6.6860), (2047.5356, -1334.8074, 6.6860), (2031.5647, -1334.4903, 6.7910), (2011.4408, -1334.4747, 6.9790), (2010.6636, -1334.4804, 6.9770), (1994.6699, -1334.5798, 6.9570), (1993.7720, -1334.5787, 6.9570), (1953.7964, -1333.8387, 6.7810), (1952.9151, -1333.8186, 6.7980), (1908.9383, -1333.1747, 6.6830), (1868.7547, -1332.5882, 6.5240), (1850.7299, -1332.2347, 6.3280), (1849.4395, -1332.2279, 6.3100), (1829.4539, -1332.5275, 6.4220), (1828.5900, -1332.5520, 6.4220), (1816.6302, -1333.1524, 6.4360), (1812.5281, -1333.5130, 6.4500), (1810.4284, -1333.6194, 6.4490), (1808.3031, -1333.5855, 6.4470), (1806.1750, -1333.3837, 6.4420), (1804.2222, -1333.0291, 6.4420), (1802.1508, -1332.4626, 6.4560), (1800.1483, -1331.7224, 6.4200), (1798.2143, -1330.8545, 6.4150), (1792.8462, -1328.1360, 6.4100), (2048.6655, -1331.3328, 6.6860), (2047.6058, -1331.3081, 6.6860), (2031.5970, -1330.9904, 6.7910), (2011.4424, -1330.9747, 6.9790), (2010.6416, -1330.9804, 6.9770), (1994.6494, -1331.0799, 6.9570), (1993.8355, -1331.0793, 6.9570), (1953.8615, -1330.3393, 6.7810), (1952.9669, -1330.3190, 6.7980), (1908.9895, -1329.6751, 6.6830), (1868.8112, -1329.0886, 6.5240), (1850.7951, -1328.7353, 6.3280), (1849.3915, -1328.7282, 6.3100), (1829.3994, -1329.0280, 6.4220), (1828.4199, -1329.0561, 6.4220), (1816.4212, -1329.6587, 6.4360), (1812.2638, -1330.0230, 6.4500), (1810.3671, -1330.1199, 6.4490), (1808.4960, -1330.0908, 6.4470), (1806.6465, -1329.9156, 6.4420), (1805.0036, -1329.6175, 6.4420), (1803.2207, -1329.1302, 6.4560), (1801.4727, -1328.4826, 6.4200), (1799.7588, -1327.7137, 6.4150), (1794.4275, -1325.0136, 6.4100)]
            int[] faceVertexCounts = [4, 4, 4, 4, 4, 4, 4, 4, 4, 4, 4, 4, 4, 4, 4, 4, 4, 4, 4, 4, 4, 4, 4, 4]
            int[] faceVertexIndices = [0, 1, 26, 25, 1, 2, 27, 26, 2, 3, 28, 27, 3, 4, 29, 28, 4, 5, 30, 29, 5, 6, 31, 30, 6, 7, 32, 31, 7, 8, 33, 32, 8, 9, 34, 33, 9, 10, 35, 34, 10, 11, 36, 35, 11, 12, 37, 36, 12, 13, 38, 37, 13, 14, 39, 38, 14, 15, 40, 39, 15, 16, 41, 40, 16, 17, 42, 41, 17, 18, 43, 42, 18, 19, 44, 43, 19, 20, 45, 44, 20, 21, 46, 45, 21, 22, 47, 46, 22, 23, 48, 47, 23, 24, 49, 48]
            uniform token subdivisionScheme = "none"
        }

        def Mesh "Road_735"
        {
            point3f[] points = [(193.7743, -820.7143, 6.4810), (211.9803, -808.8496, 6.3640), (222.8400, -800.2860, 6.3360), (233.3145, -790.4124, 6.2480), (240.9475, -785.6215, 5.9760), (195.6854, -823.6465, 6.4810), (213.9935, -811.7127, 6.3640), (225.1278, -802.9348, 6.3360), (235.5187, -793.1312, 6.2480), (242.8038, -788.5886, 5.9760)]
            int[] faceVertexCounts = [4, 4, 4, 4]
            int[] faceVertexIndices = [0, 1, 6, 5, 1, 2, 7, 6, 2, 3, 8, 7, 3, 4, 9, 8]
            uniform token subdivisionScheme = "none"
        }

        def Mesh "Road_736"
        {
            point3f[] points = [(-1.5051, -913.9955, 0.3000), (37.6804, -906.1658, 12.1410), (51.2002, -902.8037, 11.9520), (51.8494, -902.6300, 11.9190), (65.3077, -898.8054, 11.7170), (67.1080, -898.2773, 11.6370), (-0.8193, -917.4276, 0.3000), (38.4074, -909.5895, 12.1410), (52.0475, -906.1995, 11.9520), (52.8036, -905.9974, 11.9190), (66.2679, -902.1712, 11.7170), (68.0932, -901.6357, 11.6370)]
            int[] faceVertexCounts = [4, 4, 4, 4, 4]
            int[] faceVertexIndices = [0, 1, 7, 6, 1, 2, 8, 7, 2, 3, 9, 8, 3, 4, 10, 9, 4, 5, 11, 10]
            uniform token subdivisionScheme = "none"
        }

        def Mesh "Road_737"
        {
            point3f[] points = [(1752.2949, -1787.5269, 5.5150), (1716.7940, -1746.6787, 5.7370), (1754.9366, -1785.2310, 5.5150), (1719.4357, -1744.3828, 5.7370)]
            int[] faceVertexCounts = [4]
            int[] faceVertexIndices = [0, 1, 3, 2]
            uniform token subdivisionScheme = "none"
        }

        def Mesh "Road_738"
        {
            point3f[] points = [(312.9356, -1832.0367, 6.0790), (309.3144, -1820.1478, 6.0740), (309.1383, -1819.5663, 6.0740), (281.6043, -1726.8379, 5.9770), (316.2837, -1831.0169, 6.0790), (312.6626, -1819.1283, 6.0740), (312.4935, -1818.5699, 6.0740), (284.9596, -1725.8416, 5.9770)]
            int[] faceVertexCounts = [4, 4, 4]
            int[] faceVertexIndices = [0, 1, 5, 4, 1, 2, 6, 5, 2, 3, 7, 6]
            uniform token subdivisionScheme = "none"
        }

        def Mesh "Road_739"
        {
            point3f[] points = [(1718.7947, -936.7215, 7.5820), (1636.8710, -904.9352, 7.4080), (1720.0607, -933.4585, 7.5820), (1638.1370, -901.6722, 7.4080)]
            int[] faceVertexCounts = [4]
            int[] faceVertexIndices = [0, 1, 3, 2]
            uniform token subdivisionScheme = "none"
        }

        def Mesh "Road_740"
        {
            point3f[] points = [(1138.6650, -1716.8643, 5.2800), (1132.0342, -1702.9962, 5.3120), (1131.2150, -1701.2870, 5.3470), (1110.3161, -1658.0425, 5.5400), (1141.8226, -1715.3545, 5.2800), (1135.1917, -1701.4861, 5.3120), (1134.3665, -1699.7645, 5.3470), (1113.4674, -1656.5196, 5.5400)]
            int[] faceVertexCounts = [4, 4, 4]
            int[] faceVertexIndices = [0, 1, 5, 4, 1, 2, 6, 5, 2, 3, 7, 6]
            uniform token subdivisionScheme = "none"
        }

        def Mesh "Road_741"
        {
            point3f[] points = [(1108.2381, -1796.9248, 4.8970), (1105.6341, -1793.5864, 4.8620), (1104.4414, -1791.8690, 4.8620), (1103.8669, -1790.9579, 4.8650), (1102.8380, -1789.1693, 4.8680), (1101.8879, -1787.3246, 4.9290), (1100.9991, -1785.4219, 4.9010), (1097.1971, -1776.1655, 4.9160), (1096.8557, -1775.3795, 4.9070), (1095.2043, -1771.8019, 4.9520), (1092.4438, -1766.4964, 4.9350), (1086.1219, -1753.9436, 4.9050), (1110.9977, -1794.7720, 4.8970), (1108.4321, -1791.4838, 4.8620), (1107.3458, -1789.9159, 4.8620), (1106.8771, -1789.1721, 4.8650), (1105.9114, -1787.4948, 4.8680), (1105.0294, -1785.7817, 4.9290), (1104.2259, -1784.0664, 4.9010), (1100.4324, -1774.8302, 4.9160), (1100.0395, -1773.9258, 4.9070), (1098.3391, -1770.2453, 4.9520), (1095.5635, -1764.9098, 4.9350), (1089.2478, -1752.3693, 4.9050)]
            int[] faceVertexCounts = [4, 4, 4, 4, 4, 4, 4, 4, 4, 4, 4]
            int[] faceVertexIndices = [0, 1, 13, 12, 1, 2, 14, 13, 2, 3, 15, 14, 3, 4, 16, 15, 4, 5, 17, 16, 5, 6, 18, 17, 6, 7, 19, 18, 7, 8, 20, 19, 8, 9, 21, 20, 9, 10, 22, 21, 10, 11, 23, 22]
            uniform token subdivisionScheme = "none"
        }

        def Mesh "Road_742"
        {
            point3f[] points = [(1055.5774, -776.9175, 7.0100), (1068.1221, -776.5704, 7.0670), (1055.6742, -780.4161, 7.0100), (1068.2189, -780.0690, 7.0670)]
            int[] faceVertexCounts = [4]
            int[] faceVertexIndices = [0, 1, 3, 2]
            uniform token subdivisionScheme = "none"
        }

        def Mesh "Road_743"
        {
            point3f[] points = [(1118.5357, -1651.9885, 5.5450), (1164.2150, -1608.1267, 5.6110), (1176.4113, -1597.2892, 5.7860), (1187.9704, -1586.2889, 5.9330), (1188.5104, -1585.7279, 5.9540), (1202.2433, -1571.1697, 6.3220), (1206.6961, -1566.9789, 6.4570), (1209.7974, -1564.3593, 6.5230), (1210.1367, -1564.0897, 6.5230), (1213.3362, -1561.6468, 6.5890), (1214.0812, -1561.1739, 6.6490), (1227.7845, -1552.9143, 6.9570), (1229.4168, -1552.0170, 6.9560), (1232.9211, -1550.2530, 7.0510), (1238.4227, -1547.4859, 7.1270), (1249.5128, -1542.6883, 7.3900), (1266.6697, -1536.3210, 7.6630), (1120.9598, -1654.5130, 5.5450), (1166.6191, -1610.6704, 5.6110), (1178.7800, -1599.8659, 5.7860), (1190.3887, -1588.8191, 5.9330), (1191.0552, -1588.1308, 5.9540), (1204.7560, -1573.6062, 6.3220), (1209.0390, -1569.5791, 6.4570), (1212.0486, -1567.0393, 6.5230), (1212.2649, -1566.8683, 6.5230), (1215.4212, -1564.4580, 6.5890), (1215.8902, -1564.1701, 6.6490), (1229.5793, -1555.9190, 6.9570), (1231.0252, -1555.1255, 6.9560), (1234.4945, -1553.3794, 7.0510), (1239.8749, -1550.6704, 7.1270), (1250.7991, -1545.9433, 7.3900), (1267.8874, -1539.6024, 7.6630)]
            int[] faceVertexCounts = [4, 4, 4, 4, 4, 4, 4, 4, 4, 4, 4, 4, 4, 4, 4, 4]
            int[] faceVertexIndices = [0, 1, 18, 17, 1, 2, 19, 18, 2, 3, 20, 19, 3, 4, 21, 20, 4, 5, 22, 21, 5, 6, 23, 22, 6, 7, 24, 23, 7, 8, 25, 24, 8, 9, 26, 25, 9, 10, 27, 26, 10, 11, 28, 27, 11, 12, 29, 28, 12, 13, 30, 29, 13, 14, 31, 30, 14, 15, 32, 31, 15, 16, 33, 32]
            uniform token subdivisionScheme = "none"
        }

        def Mesh "Road_744"
        {
            point3f[] points = [(1668.3304, -1465.7252, 7.3700), (1695.1317, -1435.6642, 7.0520), (1731.1851, -1394.4099, 7.0130), (1670.9428, -1468.0543, 7.3700), (1697.7574, -1437.9784, 7.0520), (1733.8205, -1396.7131, 7.0130)]
            int[] faceVertexCounts = [4, 4]
            int[] faceVertexIndices = [0, 1, 4, 3, 1, 2, 5, 4]
            uniform token subdivisionScheme = "none"
        }

        def Mesh "Road_745"
        {
            point3f[] points = [(128.1792, -74.2039, 4.0540), (107.9320, -52.0873, 3.7610), (107.1178, -51.2404, 3.7870), (84.5494, -28.5742, 3.5990), (83.8981, -27.9077, 3.5990), (75.1948, -18.6995, 3.6950), (130.7608, -71.8405, 4.0540), (110.5113, -49.7215, 3.7610), (109.5996, -48.7725, 3.7870), (87.0302, -26.1053, 3.5990), (86.4391, -25.5007, 3.5990), (77.7384, -16.2954, 3.6950)]
            int[] faceVertexCounts = [4, 4, 4, 4, 4]
            int[] faceVertexIndices = [0, 1, 7, 6, 1, 2, 8, 7, 2, 3, 9, 8, 3, 4, 10, 9, 4, 5, 11, 10]
            uniform token subdivisionScheme = "none"
        }

        def Mesh "Road_746"
        {
            point3f[] points = [(705.3606, -374.5507, 7.1840), (706.1645, -373.8143, 7.1840), (710.5604, -369.7416, 7.1510), (711.9234, -368.4536, 7.1340), (719.0864, -361.4874, 7.1440), (707.7248, -377.1315, 7.1840), (708.5410, -376.3839, 7.1840), (712.9452, -372.3034, 7.1510), (714.3578, -370.9683, 7.1340), (721.5266, -363.9965, 7.1440)]
            int[] faceVertexCounts = [4, 4, 4, 4]
            int[] faceVertexIndices = [0, 1, 6, 5, 1, 2, 7, 6, 2, 3, 8, 7, 3, 4, 9, 8]
            uniform token subdivisionScheme = "none"
        }

        def Mesh "Road_747"
        {
            point3f[] points = [(2253.6953, -1906.9866, 0.3000), (2237.6714, -1892.6385, 0.3000), (2228.4155, -1882.0338, 0.3000), (2217.3411, -1870.5553, 0.3000), (2216.4084, -1869.6257, 0.3000), (2207.7495, -1861.3462, 0.3000), (2206.4407, -1860.1858, 0.3000), (2203.4065, -1857.6408, 0.3000), (2201.8852, -1856.4611, 0.3000), (2200.3274, -1855.3365, 0.3000), (2198.7335, -1854.3124, 0.3000), (2197.0703, -1853.3882, 0.3000), (2195.8723, -1852.8092, 0.3000), (2194.1460, -1852.0923, 0.3000), (2190.3977, -1850.8623, 0.3000), (2189.4934, -1850.5884, 0.3000), (2187.6729, -1850.0895, 0.3000), (2185.9590, -1849.8099, 0.3000), (2185.1772, -1849.8693, 0.3000), (2183.5321, -1850.4552, 0.3000), (2182.5769, -1850.9149, 0.3000), (2180.7134, -1851.7663, 0.3000), (2178.7809, -1852.5466, 0.3000), (2176.7933, -1853.2323, 0.3000), (2174.7402, -1853.7879, 0.3000), (2172.5391, -1854.2062, 0.3000), (2170.4182, -1854.4377, 0.3000), (2168.3025, -1854.5163, 0.3000), (2166.2103, -1854.4606, 0.3000), (2164.1458, -1854.3140, 0.3000), (2162.1197, -1854.0952, 0.3000), (2161.4933, -1854.0149, 0.3000), (2157.4927, -1853.3722, 0.3000), (2153.4909, -1852.5090, 0.3000), (2149.5396, -1851.4221, 0.3000), (2145.6808, -1850.1104, 0.3000), (2143.7624, -1849.3619, 0.3000), (2143.1502, -1849.1074, 0.3000), (2132.2382, -1844.1568, 0.3000), (2130.4874, -1843.4845, 0.3000), (2128.6730, -1842.8718, 0.3000), (2126.8235, -1842.3564, 0.3000), (2125.9046, -1842.1461, 0.3000), (2119.9816, -1841.2305, 0.3000), (2117.9289, -1840.8371, 0.3000), (2116.4582, -1840.4595, 0.3000), (2114.4385, -1839.7482, 0.3000), (2112.5004, -1838.8589, 0.3000), (2110.6660, -1837.8783, 0.3000), (2108.9821, -1836.9052, 0.3000), (2107.2350, -1835.8255, 10.0470), (2105.5155, -1834.6811, 9.8650), (2103.8239, -1833.4474, 9.8090), (2102.1745, -1832.0675, 9.8950), (2100.6486, -1830.4851, 9.8950), (2099.2742, -1828.6743, 9.9300), (2098.1926, -1826.8584, 10.0560), (2097.7871, -1826.1007, 10.0560), (2094.7005, -1818.6766, 10.3740), (2093.3274, -1814.8156, 10.0160), (2092.7436, -1812.7637, 9.9500), (2092.3067, -1810.6870, 10.1730), (2092.0186, -1808.5818, 10.3160), (2091.8846, -1806.4913, 10.3410), (2091.8745, -1805.3283, 10.3410), (2091.9736, -1803.2393, 10.4080), (2092.2198, -1801.1234, 10.5210), (2092.9557, -1796.9812, 10.7750), (2095.8524, -1783.2850, 11.4750), (2096.1125, -1781.8022, 11.5440), (2098.1046, -1765.9405, 11.9650), (2098.2756, -1764.7245, 11.9650), (2099.3101, -1758.7365, 12.1870), (2102.0789, -1747.0212, 12.5500), (2102.6777, -1744.8115, 12.6360), (2107.7531, -1727.5442, 12.9330), (2108.0846, -1726.4469, 12.9330), (2111.6618, -1714.9610, 12.9120), (2113.8259, -1709.1743, 12.6880), (2116.2927, -1703.5768, 12.6200), (2121.9253, -1692.6172, 12.3050), (2126.7992, -1683.8417, 11.9340), (2127.8970, -1682.0575, 11.9340), (2129.0321, -1680.3448, 11.8370), (2130.2132, -1678.6760, 11.7860), (2131.0249, -1677.5923, 11.7800), (2132.3024, -1675.9875, 11.6890), (2133.6497, -1674.4204, 11.6210), (2135.0534, -1672.9075, 11.4410), (2136.5137, -1671.4483, 11.2620), (2138.0290, -1670.0425, 11.2620), (2139.5981, -1668.6969, 11.1050), (2141.2160, -1667.4129, 11.0710), (2142.8932, -1666.1856, 10.9210), (2144.6093, -1665.0304, 10.7830), (2146.3694, -1663.9430, 10.7830), (2148.1711, -1662.9281, 10.6790), (2150.0140, -1661.9840, 10.6420), (2151.8989, -1661.1173, 10.5320), (2153.8176, -1660.3320, 10.4790), (2155.7644, -1659.6310, 10.4340), (2157.4051, -1659.1152, 10.3930), (2159.4160, -1658.5644, 10.2370), (2163.3529, -1657.6837, 0.3000), (2165.0181, -1657.3418, 0.3000), (2256.0298, -1904.3789, 0.3000), (2240.1302, -1890.1476, 0.3000), (2230.9905, -1879.6633, 0.3000), (2219.8562, -1868.1213, 0.3000), (2218.8326, -1867.1013, 0.3000), (2210.1558, -1858.8045, 0.3000), (2208.7132, -1857.5239, 0.3000), (2205.6213, -1854.9308, 0.3000), (2203.9823, -1853.6589, 0.3000), (2202.2980, -1852.4439, 0.3000), (2200.5304, -1851.3089, 0.3000), (2198.6971, -1850.2892, 0.3000), (2197.2893, -1849.6089, 0.3000), (2195.3210, -1848.7954, 0.3000), (2191.4739, -1847.5319, 0.3000), (2190.4457, -1847.2205, 0.3000), (2188.4110, -1846.6682, 0.3000), (2186.1844, -1846.3171, 0.3000), (2184.3599, -1846.4660, 0.3000), (2182.2432, -1847.2012, 0.3000), (2181.1030, -1847.7404, 0.3000), (2179.3302, -1848.5513, 0.3000), (2177.5541, -1849.2686, 0.3000), (2175.7642, -1849.8870, 0.3000), (2173.9590, -1850.3762, 0.3000), (2172.0187, -1850.7451, 0.3000), (2170.1636, -1850.9470, 0.3000), (2168.2847, -1851.0163, 0.3000), (2166.3813, -1850.9648, 0.3000), (2164.4581, -1850.8280, 0.3000), (2162.5104, -1850.6170, 0.3000), (2162.0342, -1850.5570, 0.3000), (2158.1393, -1849.9324, 0.3000), (2154.3243, -1849.1097, 0.3000), (2150.5676, -1848.0765, 0.3000), (2146.8568, -1846.8138, 0.3000), (2145.0509, -1846.1077, 0.3000), (2144.5914, -1845.9179, 0.3000), (2133.6576, -1840.9576, 0.3000), (2131.6763, -1840.1926, 0.3000), (2129.7031, -1839.5268, 0.3000), (2127.7045, -1838.9691, 0.3000), (2126.4765, -1838.6932, 0.3000), (2120.5475, -1837.7765, 0.3000), (2118.6728, -1837.4171, 0.3000), (2117.5015, -1837.1186, 0.3000), (2115.7512, -1836.5037, 0.3000), (2114.0572, -1835.7242, 0.3000), (2112.3659, -1834.8188, 0.3000), (2110.7791, -1833.9018, 0.3000), (2109.1248, -1832.8795, 10.0470), (2107.5162, -1831.8093, 9.8650), (2105.9778, -1830.6886, 9.8090), (2104.5593, -1829.5057, 9.8950), (2103.3092, -1828.2110, 9.8950), (2102.1755, -1826.7166, 9.9300), (2101.2173, -1825.0973, 10.0560), (2101.0082, -1824.7315, 10.0560), (2097.9553, -1817.3896, 10.3740), (2096.6497, -1813.7146, 10.0160), (2096.1415, -1811.9244, 9.9500), (2095.7552, -1810.0890, 10.1730), (2095.5012, -1808.2331, 10.3160), (2095.3811, -1806.3343, 10.3410), (2095.3731, -1805.4264, 10.3410), (2095.4620, -1803.5238, 10.4080), (2095.6772, -1801.6678, 10.5210), (2096.3853, -1797.6800, 10.7750), (2099.2793, -1783.9965, 11.4750), (2099.5832, -1782.2539, 11.5440), (2101.5769, -1766.3800, 11.9650), (2101.7277, -1765.3019, 11.9650), (2102.7320, -1759.4718, 12.1870), (2105.4809, -1747.8436, 12.5500), (2106.0379, -1745.7907, 12.6360), (2111.1106, -1728.5327, 12.9330), (2111.4271, -1727.4852, 12.9330), (2114.9834, -1716.0644, 12.9120), (2117.0680, -1710.4930, 12.6880), (2119.4364, -1705.1153, 12.6200), (2125.0147, -1694.2620, 12.3050), (2129.8461, -1685.5641, 11.9340), (2130.8461, -1683.9424, 11.9340), (2131.9195, -1682.3229, 11.8370), (2133.0485, -1680.7281, 11.7860), (2133.7884, -1679.7401, 11.7800), (2134.9991, -1678.2186, 11.6890), (2136.2600, -1676.7520, 11.6210), (2137.5737, -1675.3362, 11.4410), (2138.9413, -1673.9695, 11.2620), (2140.3589, -1672.6542, 11.2620), (2141.8255, -1671.3966, 11.1050), (2143.3375, -1670.1967, 11.0710), (2144.9044, -1669.0500, 10.9210), (2146.5066, -1667.9715, 10.7830), (2148.1484, -1666.9572, 10.7830), (2149.8282, -1666.0110, 10.6790), (2151.5434, -1665.1322, 10.6420), (2153.2932, -1664.3276, 10.5320), (2155.0735, -1663.5989, 10.4790), (2156.8888, -1662.9454, 10.4340), (2158.3868, -1662.4747, 10.3930), (2160.2340, -1661.9674, 10.2370), (2164.0989, -1661.1032, 0.3000), (2165.7216, -1660.7704, 0.3000)]
            int[] faceVertexCounts = [4, 4, 4, 4, 4, 4, 4, 4, 4, 4, 4, 4, 4, 4, 4, 4, 4, 4, 4, 4, 4, 4, 4, 4, 4, 4, 4, 4, 4, 4, 4, 4, 4, 4, 4, 4, 4, 4, 4, 4, 4, 4, 4, 4, 4, 4, 4, 4, 4, 4, 4, 4, 4, 4, 4, 4, 4, 4, 4, 4, 4, 4, 4, 4, 4, 4, 4, 4, 4, 4, 4, 4, 4, 4, 4, 4, 4, 4, 4, 4, 4, 4, 4, 4, 4, 4, 4, 4, 4, 4, 4, 4, 4, 4, 4, 4, 4, 4, 4, 4, 4, 4, 4, 4]
            int[] faceVertexIndices = [0, 1, 106, 105, 1, 2, 107, 106, 2, 3, 108, 107, 3, 4, 109, 108, 4, 5, 110, 109, 5, 6, 111, 110, 6, 7, 112, 111, 7, 8, 113, 112, 8, 9, 114, 113, 9, 10, 115, 114, 10, 11, 116, 115, 11, 12, 117, 116, 12, 13, 118, 117, 13, 14, 119, 118, 14, 15, 120, 119, 15, 16, 121, 120, 16, 17, 122, 121, 17, 18, 123, 122, 18, 19, 124, 123, 19, 20, 125, 124, 20, 21, 126, 125, 21, 22, 127, 126, 22, 23, 128, 127, 23, 24, 129, 128, 24, 25, 130, 129, 25, 26, 131, 130, 26, 27, 132, 131, 27, 28, 133, 132, 28, 29, 134, 133, 29, 30, 135, 134, 30, 31, 136, 135, 31, 32, 137, 136, 32, 33, 138, 137, 33, 34, 139, 138, 34, 35, 140, 139, 35, 36, 141, 140, 36, 37, 142, 141, 37, 38, 143, 142, 38, 39, 144, 143, 39, 40, 145, 144, 40, 41, 146, 145, 41, 42, 147, 146, 42, 43, 148, 147, 43, 44, 149, 148, 44, 45, 150, 149, 45, 46, 151, 150, 46, 47, 152, 151, 47, 48, 153, 152, 48, 49, 154, 153, 49, 50, 155, 154, 50, 51, 156, 155, 51, 52, 157, 156, 52, 53, 158, 157, 53, 54, 159, 158, 54, 55, 160, 159, 55, 56, 161, 160, 56, 57, 162, 161, 57, 58, 163, 162, 58, 59, 164, 163, 59, 60, 165, 164, 60, 61, 166, 165, 61, 62, 167, 166, 62, 63, 168, 167, 63, 64, 169, 168, 64, 65, 170, 169, 65, 66, 171, 170, 66, 67, 172, 171, 67, 68, 173, 172, 68, 69, 174, 173, 69, 70, 175, 174, 70, 71, 176, 175, 71, 72, 177, 176, 72, 73, 178, 177, 73, 74, 179, 178, 74, 75, 180, 179, 75, 76, 181, 180, 76, 77, 182, 181, 77, 78, 183, 182, 78, 79, 184, 183, 79, 80, 185, 184, 80, 81, 186, 185, 81, 82, 187, 186, 82, 83, 188, 187, 83, 84, 189, 188, 84, 85, 190, 189, 85, 86, 191, 190, 86, 87, 192, 191, 87, 88, 193, 192, 88, 89, 194, 193, 89, 90, 195, 194, 90, 91, 196, 195, 91, 92, 197, 196, 92, 93, 198, 197, 93, 94, 199, 198, 94, 95, 200, 199, 95, 96, 201, 200, 96, 97, 202, 201, 97, 98, 203, 202, 98, 99, 204, 203, 99, 100, 205, 204, 100, 101, 206, 205, 101, 102, 207, 206, 102, 103, 208, 207, 103, 104, 209, 208]
            uniform token subdivisionScheme = "none"
        }

        def Mesh "Road_748"
        {
            point3f[] points = [(350.4736, -149.1494, 4.1860), (349.6860, -146.4180, 4.4010), (349.0586, -144.5988, 4.3340), (348.8159, -143.9798, 4.3340), (347.1536, -140.3609, 4.2910), (353.8364, -148.1793, 4.1860), (353.0279, -145.3779, 4.4010), (352.3533, -143.4178, 4.3340), (352.0098, -142.5483, 4.3340), (350.3342, -138.9001, 4.2910)]
            int[] faceVertexCounts = [4, 4, 4, 4]
            int[] faceVertexIndices = [0, 1, 6, 5, 1, 2, 7, 6, 2, 3, 8, 7, 3, 4, 9, 8]
            uniform token subdivisionScheme = "none"
        }

        def Mesh "Road_749"
        {
            point3f[] points = [(413.7935, -381.6426, 7.0340), (415.7508, -380.9335, 6.9220), (416.6063, -380.6280, 6.9220), (422.2684, -378.6411, 6.6550), (424.0271, -378.0285, 6.5920), (414.9857, -384.9333, 7.0340), (416.9386, -384.2258, 6.9220), (417.7676, -383.9297, 6.9220), (423.4254, -381.9443, 6.6550), (425.1783, -381.3338, 6.5920)]
            int[] faceVertexCounts = [4, 4, 4, 4]
            int[] faceVertexIndices = [0, 1, 6, 5, 1, 2, 7, 6, 2, 3, 8, 7, 3, 4, 9, 8]
            uniform token subdivisionScheme = "none"
        }

        def Mesh "Road_750"
        {
            point3f[] points = [(1807.2219, -326.7773, 3.1630), (1819.7043, -326.1083, 3.5320), (1807.4092, -330.2723, 3.1630), (1819.8916, -329.6033, 3.5320)]
            int[] faceVertexCounts = [4]
            int[] faceVertexIndices = [0, 1, 3, 2]
            uniform token subdivisionScheme = "none"
        }

        def Mesh "Road_751"
        {
            point3f[] points = [(369.5470, -1519.6243, 6.6860), (370.2251, -1518.7520, 6.6860), (373.8602, -1513.9874, 6.6510), (374.0704, -1513.7050, 6.6730), (385.3782, -1497.2223, 6.3450), (386.2717, -1495.9008, 6.3450), (388.4043, -1492.5706, 6.3160), (389.3130, -1490.9665, 6.2850), (390.0366, -1489.3088, 6.2670), (390.5741, -1487.5456, 6.2900), (390.7442, -1486.7328, 6.2900), (390.9545, -1484.8999, 6.2620), (390.9547, -1483.0857, 6.2250), (390.7740, -1481.2345, 6.2080), (390.4747, -1479.3542, 6.2050), (390.0831, -1477.4732, 6.1470), (389.6089, -1475.5898, 6.1570), (389.2050, -1474.1527, 6.1890), (388.0139, -1470.3960, 6.1280), (386.6611, -1466.7163, 6.0730), (385.1534, -1463.1149, 6.1960), (382.5942, -1457.7936, 6.2360), (379.6986, -1452.6600, 6.2680), (372.3102, -1521.7725, 6.6860), (373.0047, -1520.8790, 6.6860), (376.6449, -1516.1076, 6.6510), (376.9550, -1515.6872, 6.6730), (388.2653, -1499.2008, 6.3450), (389.2055, -1497.8094, 6.3450), (391.3858, -1494.4039, 6.3160), (392.4445, -1492.5297, 6.2850), (393.3194, -1490.5226, 6.2670), (393.9511, -1488.4652, 6.2900), (394.2075, -1487.2387, 6.2900), (394.4489, -1485.0989, 6.2620), (394.4507, -1482.9174, 6.2250), (394.2457, -1480.7906, 6.2080), (393.9172, -1478.7226, 6.2050), (393.4942, -1476.6894, 6.1470), (392.9925, -1474.6946, 6.1570), (392.5509, -1473.1255, 6.1890), (391.3254, -1469.2628, 6.1280), (389.9186, -1465.4361, 6.0730), (388.3382, -1461.6633, 6.1960), (385.6975, -1456.1750, 6.2360), (382.7474, -1450.9410, 6.2680)]
            int[] faceVertexCounts = [4, 4, 4, 4, 4, 4, 4, 4, 4, 4, 4, 4, 4, 4, 4, 4, 4, 4, 4, 4, 4, 4]
            int[] faceVertexIndices = [0, 1, 24, 23, 1, 2, 25, 24, 2, 3, 26, 25, 3, 4, 27, 26, 4, 5, 28, 27, 5, 6, 29, 28, 6, 7, 30, 29, 7, 8, 31, 30, 8, 9, 32, 31, 9, 10, 33, 32, 10, 11, 34, 33, 11, 12, 35, 34, 12, 13, 36, 35, 13, 14, 37, 36, 14, 15, 38, 37, 15, 16, 39, 38, 16, 17, 40, 39, 17, 18, 41, 40, 18, 19, 42, 41, 19, 20, 43, 42, 20, 21, 44, 43, 21, 22, 45, 44]
            uniform token subdivisionScheme = "none"
        }

        def Mesh "Road_752"
        {
            point3f[] points = [(679.2710, -147.5184, 4.9020), (677.8070, -143.8150, 4.8640), (677.2810, -142.6050, 4.9150), (675.5462, -139.0717, 4.9420), (673.6405, -135.6062, 4.8750), (672.9725, -134.4056, 4.8520), (668.2151, -125.6097, 4.8250), (667.8727, -124.9732, 4.8250), (662.1584, -114.4246, 4.6980), (661.5140, -113.2169, 4.6980), (656.0207, -102.5506, 4.6110), (655.5446, -101.6100, 4.6110), (650.5792, -91.8059, 4.5000), (645.0903, -81.1463, 4.4620), (644.8834, -80.7576, 4.4560), (640.1231, -71.9682, 4.3480), (639.2839, -70.4284, 4.3160), (637.5144, -67.1068, 4.3230), (682.5259, -146.2316, 4.9020), (681.0502, -142.4993, 4.8640), (680.4410, -141.1003, 4.9150), (678.6514, -137.4568, 4.9420), (676.7054, -133.9160, 4.8750), (676.0487, -132.7361, 4.8520), (671.2939, -123.9451, 4.8250), (670.9504, -123.3067, 4.8250), (665.2369, -112.7594, 4.6980), (664.6232, -111.6098, 4.6980), (659.1332, -100.9499, 4.6110), (658.6671, -100.0287, 4.6110), (653.6960, -90.2136, 4.5000), (648.2012, -79.5424, 4.4620), (647.9616, -79.0918, 4.4560), (643.2001, -70.3001, 4.3480), (642.3680, -68.7735, 4.3160), (640.6034, -65.4612, 4.3230)]
            int[] faceVertexCounts = [4, 4, 4, 4, 4, 4, 4, 4, 4, 4, 4, 4, 4, 4, 4, 4, 4]
            int[] faceVertexIndices = [0, 1, 19, 18, 1, 2, 20, 19, 2, 3, 21, 20, 3, 4, 22, 21, 4, 5, 23, 22, 5, 6, 24, 23, 6, 7, 25, 24, 7, 8, 26, 25, 8, 9, 27, 26, 9, 10, 28, 27, 10, 11, 29, 28, 11, 12, 30, 29, 12, 13, 31, 30, 13, 14, 32, 31, 14, 15, 33, 32, 15, 16, 34, 33, 16, 17, 35, 34]
            uniform token subdivisionScheme = "none"
        }

        def Mesh "Road_753"
        {
            point3f[] points = [(351.4939, -147.0440, 4.1860), (352.8308, -146.4985, 4.1860), (356.5507, -145.0109, 4.2070), (357.7430, -144.5539, 4.1440), (359.6142, -143.8445, 4.1340), (352.8161, -150.2846, 4.1860), (354.1364, -149.7459, 4.1860), (357.8391, -148.2652, 4.2070), (358.9883, -147.8249, 4.1440), (360.8550, -147.1172, 4.1340)]
            int[] faceVertexCounts = [4, 4, 4, 4]
            int[] faceVertexIndices = [0, 1, 6, 5, 1, 2, 7, 6, 2, 3, 8, 7, 3, 4, 9, 8]
            uniform token subdivisionScheme = "none"
        }

        def Mesh "Road_754"
        {
            point3f[] points = [(1344.5079, -1391.1814, 12.6500), (1306.5860, -1387.1983, 13.3790), (1305.7719, -1387.1318, 13.3790), (1263.9508, -1383.4794, 12.6290), (1263.3491, -1383.4035, 12.5960), (1259.3379, -1382.8462, 12.3530), (1249.4375, -1381.0758, 12.3950), (1243.5381, -1379.6078, 12.2400), (1242.4051, -1379.2812, 12.2510), (1240.4766, -1378.6834, 12.1740), (1239.8366, -1378.4708, 12.1740), (1237.9167, -1377.7873, 11.9460), (1235.9997, -1377.0303, 11.9540), (1234.1082, -1376.2029, 12.0470), (1232.2528, -1375.3064, 11.9910), (1230.6563, -1374.4621, 11.9020), (1228.8707, -1373.4379, 11.9990), (1227.1210, -1372.3509, 11.9110), (1225.3902, -1371.1883, 11.6880), (1222.1227, -1368.7630, 11.4370), (1218.9711, -1366.1732, 11.3340), (1215.9573, -1363.4725, 11.1690), (1214.9253, -1362.4963, 11.1690), (1209.2551, -1356.7487, 11.0700), (1194.6490, -1340.2782, 10.6090), (1193.6471, -1339.1704, 10.5550), (1185.6037, -1330.2252, 10.1300), (1181.7967, -1325.4503, 10.0200), (1179.4410, -1322.1192, 9.6430), (1178.4430, -1320.5825, 9.6490), (1176.3569, -1317.0797, 9.7950), (1172.5999, -1309.9825, 10.0310), (1171.8701, -1308.5446, 10.0030), (1155.3218, -1274.3538, 9.3810), (1344.8735, -1387.7006, 12.6500), (1306.9499, -1383.7173, 13.3790), (1306.0761, -1383.6450, 13.3790), (1264.2570, -1379.9929, 12.6290), (1263.8262, -1379.9361, 12.5960), (1259.9154, -1379.3941, 12.3530), (1250.1401, -1377.6471, 12.3950), (1244.4037, -1376.2165, 12.2400), (1243.4184, -1375.9311, 12.2510), (1241.5287, -1375.3453, 12.1740), (1240.9934, -1375.1675, 12.1740), (1239.1463, -1374.5105, 11.9460), (1237.3440, -1373.7988, 11.9540), (1235.5711, -1373.0233, 12.0470), (1233.8287, -1372.1813, 11.9910), (1232.3490, -1371.3987, 11.9020), (1230.6651, -1370.4330, 11.9990), (1229.0202, -1369.4110, 11.9110), (1227.4315, -1368.3452, 11.6880), (1224.2773, -1366.0048, 11.4370), (1221.2507, -1363.5174, 11.3340), (1218.3106, -1360.8817, 11.1690), (1217.4043, -1360.0255, 11.1690), (1211.8405, -1354.3895, 11.0700), (1197.2662, -1337.9543, 10.6090), (1196.2488, -1336.8293, 10.5550), (1188.2520, -1327.9369, 10.1300), (1184.5833, -1323.3325, 10.0200), (1182.3229, -1320.1332, 9.6430), (1181.4285, -1318.7560, 9.6490), (1179.4223, -1315.3905, 9.7950), (1175.6978, -1308.3537, 10.0310), (1175.0193, -1307.0175, 10.0030), (1158.4722, -1272.8290, 9.3810)]
            int[] faceVertexCounts = [4, 4, 4, 4, 4, 4, 4, 4, 4, 4, 4, 4, 4, 4, 4, 4, 4, 4, 4, 4, 4, 4, 4, 4, 4, 4, 4, 4, 4, 4, 4, 4, 4]
            int[] faceVertexIndices = [0, 1, 35, 34, 1, 2, 36, 35, 2, 3, 37, 36, 3, 4, 38, 37, 4, 5, 39, 38, 5, 6, 40, 39, 6, 7, 41, 40, 7, 8, 42, 41, 8, 9, 43, 42, 9, 10, 44, 43, 10, 11, 45, 44, 11, 12, 46, 45, 12, 13, 47, 46, 13, 14, 48, 47, 14, 15, 49, 48, 15, 16, 50, 49, 16, 17, 51, 50, 17, 18, 52, 51, 18, 19, 53, 52, 19, 20, 54, 53, 20, 21, 55, 54, 21, 22, 56, 55, 22, 23, 57, 56, 23, 24, 58, 57, 24, 25, 59, 58, 25, 26, 60, 59, 26, 27, 61, 60, 27, 28, 62, 61, 28, 29, 63, 62, 29, 30, 64, 63, 30, 31, 65, 64, 31, 32, 66, 65, 32, 33, 67, 66]
            uniform token subdivisionScheme = "none"
        }

        def Mesh "Road_755"
        {
            point3f[] points = [(146.5528, -98.6050, 4.5950), (152.5238, -98.3868, 4.6040), (154.3992, -98.2214, 4.6480), (156.3007, -97.9465, 4.6560), (157.3334, -97.7481, 4.6560), (159.2030, -97.3057, 4.6800), (160.9924, -96.7744, 4.6830), (166.5922, -94.7135, 4.8250), (167.1576, -94.4955, 4.8250), (172.8137, -92.4455, 4.9530), (174.2895, -91.9899, 5.0010), (178.1863, -90.9659, 5.1640), (179.8340, -90.5719, 5.2230), (146.6806, -102.1026, 4.5950), (152.6963, -101.8826, 4.6040), (154.8026, -101.6980, 4.6480), (156.8592, -101.4017, 4.6560), (158.0867, -101.1661, 4.6560), (160.1062, -100.6872, 4.6800), (162.1490, -100.0777, 4.6830), (167.8055, -97.9965, 4.8250), (168.3564, -97.7838, 4.8250), (173.9757, -95.7469, 4.9530), (175.2164, -95.3649, 5.0010), (179.0534, -94.3568, 5.1640), (180.6476, -93.9760, 5.2230)]
            int[] faceVertexCounts = [4, 4, 4, 4, 4, 4, 4, 4, 4, 4, 4, 4]
            int[] faceVertexIndices = [0, 1, 14, 13, 1, 2, 15, 14, 2, 3, 16, 15, 3, 4, 17, 16, 4, 5, 18, 17, 5, 6, 19, 18, 6, 7, 20, 19, 7, 8, 21, 20, 8, 9, 22, 21, 9, 10, 23, 22, 10, 11, 24, 23, 11, 12, 25, 24]
            uniform token subdivisionScheme = "none"
        }

        def Mesh "Road_756"
        {
            point3f[] points = [(1430.4895, -265.1350, 5.5680), (1432.8762, -247.3033, 5.4270), (1433.0381, -246.0102, 5.4270), (1435.2799, -226.1465, 5.2830), (1435.4224, -224.8040, 5.2640), (1436.8349, -212.8821, 5.1770), (1437.1464, -210.8472, 5.1470), (1437.3977, -209.3435, 5.1190), (1438.9999, -201.4371, 5.0090), (1442.0708, -189.7999, 4.9150), (1442.1757, -189.4351, 4.9150), (1449.0747, -166.4593, 4.7900), (1449.1852, -166.0767, 4.7900), (1457.9799, -131.1867, 4.5580), (1458.4290, -129.3171, 4.5510), (1462.9520, -111.8798, 4.4550), (1464.7339, -106.0867, 4.3850), (1465.1357, -104.8628, 4.3720), (1467.7838, -97.3108, 4.2550), (1468.0784, -96.4969, 4.2240), (1433.9586, -265.5993, 5.5680), (1436.3455, -247.7656, 5.4270), (1436.5157, -246.4053, 5.4270), (1438.7580, -226.5375, 5.2830), (1438.8986, -225.2115, 5.2640), (1440.3085, -213.3109, 5.1770), (1440.6030, -211.3968, 5.1470), (1440.8317, -210.0198, 5.1190), (1442.4039, -202.2512, 5.0090), (1445.4544, -190.6951, 4.9150), (1445.5280, -190.4412, 4.9150), (1452.4271, -167.4650, 4.7900), (1452.5787, -166.9336, 4.7900), (1461.3742, -132.0403, 4.5580), (1461.8184, -130.1900, 4.5510), (1466.3298, -112.7964, 4.4550), (1468.0758, -107.1268, 4.3850), (1468.4417, -106.0121, 4.3720), (1471.0855, -98.4721, 4.2550), (1471.3694, -97.6883, 4.2240)]
            int[] faceVertexCounts = [4, 4, 4, 4, 4, 4, 4, 4, 4, 4, 4, 4, 4, 4, 4, 4, 4, 4, 4]
            int[] faceVertexIndices = [0, 1, 21, 20, 1, 2, 22, 21, 2, 3, 23, 22, 3, 4, 24, 23, 4, 5, 25, 24, 5, 6, 26, 25, 6, 7, 27, 26, 7, 8, 28, 27, 8, 9, 29, 28, 9, 10, 30, 29, 10, 11, 31, 30, 11, 12, 32, 31, 12, 13, 33, 32, 13, 14, 34, 33, 14, 15, 35, 34, 15, 16, 36, 35, 16, 17, 37, 36, 17, 18, 38, 37, 18, 19, 39, 38]
            uniform token subdivisionScheme = "none"
        }

        def Mesh "Road_757"
        {
            point3f[] points = [(359.8280, -143.7787, 4.1340), (361.4968, -143.4046, 4.1400), (361.9331, -143.2250, 4.1400), (362.1454, -141.9335, 4.1960), (362.1131, -142.0183, 4.3020), (361.6677, -140.1246, 4.4040), (361.5413, -139.4831, 4.4040), (361.4388, -137.2358, 4.4470), (361.8608, -134.9682, 4.4180), (362.3767, -133.5722, 4.4830), (363.4901, -131.6579, 4.4230), (364.3362, -130.6326, 4.3380), (365.3266, -129.6128, 4.3230), (364.8273, -128.9975, 4.3230), (364.0995, -128.2300, 4.3010), (360.6413, -147.1829, 4.1340), (362.8590, -146.6286, 4.1400), (364.9282, -145.0360, 4.1400), (365.6004, -142.4928, 4.1960), (365.5441, -141.3269, 4.3020), (365.0762, -139.3296, 4.4040), (365.0304, -139.2076, 4.4040), (364.9306, -137.4762, 4.4470), (365.2546, -135.8240, 4.4180), (365.5053, -135.1412, 4.4830), (366.3971, -133.6072, 4.4230), (367.1029, -132.7762, 4.3380), (368.7747, -130.2130, 4.3230), (367.8585, -127.2478, 4.3230), (366.7186, -125.9083, 4.3010)]
            int[] faceVertexCounts = [4, 4, 4, 4, 4, 4, 4, 4, 4, 4, 4, 4, 4, 4]
            int[] faceVertexIndices = [0, 1, 16, 15, 1, 2, 17, 16, 2, 3, 18, 17, 3, 4, 19, 18, 4, 5, 20, 19, 5, 6, 21, 20, 6, 7, 22, 21, 7, 8, 23, 22, 8, 9, 24, 23, 9, 10, 25, 24, 10, 11, 26, 25, 11, 12, 27, 26, 12, 13, 28, 27, 13, 14, 29, 28]
            uniform token subdivisionScheme = "none"
        }

        def Mesh "Road_758"
        {
            point3f[] points = [(360.5959, -703.8088, 5.8900), (360.1024, -702.8437, 5.8790), (358.2433, -699.3427, 5.8890), (357.2759, -697.7135, 5.8100), (356.2105, -696.1300, 5.7490), (355.3019, -694.9226, 5.7520), (354.0728, -693.4661, 5.7450), (352.7633, -692.0816, 5.7450), (351.3743, -690.7551, 5.7000), (349.9269, -689.4787, 5.6540), (348.4183, -688.2494, 5.6760), (347.5282, -687.5632, 5.6190), (344.3434, -685.2796, 5.6410), (335.9475, -679.9031, 5.5670), (334.4380, -678.9319, 5.5780), (327.4965, -674.1407, 5.5540), (363.7119, -702.2150, 5.8900), (363.1990, -701.2124, 5.8790), (361.3080, -697.6523, 5.8890), (360.2340, -695.8427, 5.8100), (359.0674, -694.1082, 5.7490), (358.0321, -692.7327, 5.7520), (356.6827, -691.1340, 5.7450), (355.2443, -689.6130, 5.7450), (353.7411, -688.1766, 5.7000), (352.1904, -686.8091, 5.6540), (350.6015, -685.5138, 5.6760), (349.5896, -684.7346, 5.6190), (346.2746, -682.3606, 5.6410), (337.8358, -676.9562, 5.5670), (336.4100, -676.0403, 5.5780), (329.4847, -671.2602, 5.5540)]
            int[] faceVertexCounts = [4, 4, 4, 4, 4, 4, 4, 4, 4, 4, 4, 4, 4, 4, 4]
            int[] faceVertexIndices = [0, 1, 17, 16, 1, 2, 18, 17, 2, 3, 19, 18, 3, 4, 20, 19, 4, 5, 21, 20, 5, 6, 22, 21, 6, 7, 23, 22, 7, 8, 24, 23, 8, 9, 25, 24, 9, 10, 26, 25, 10, 11, 27, 26, 11, 12, 28, 27, 12, 13, 29, 28, 13, 14, 30, 29, 14, 15, 31, 30]
            uniform token subdivisionScheme = "none"
        }

        def Mesh "Road_759"
        {
            point3f[] points = [(190.8411, -86.5808, 4.7910), (200.2665, -83.2351, 4.9830), (201.5164, -82.8302, 4.9320), (211.0475, -79.8288, 4.8930), (211.8065, -79.5654, 4.8430), (221.0217, -75.7290, 4.8090), (221.8490, -75.3674, 4.8050), (231.0709, -71.4998, 4.7260), (232.8034, -70.7880, 4.7130), (242.0322, -66.9541, 4.6070), (242.5495, -66.7321, 4.6070), (253.4517, -61.7418, 4.4000), (253.7977, -61.5703, 4.4000), (262.6393, -56.9170, 4.2160), (263.2050, -56.6102, 4.1060), (272.1323, -51.7573, 3.9960), (278.6124, -48.3073, 3.8530), (192.0120, -89.8792, 4.7910), (201.4269, -86.5372, 4.9830), (202.5706, -86.1677, 4.9320), (212.1078, -83.1644, 4.8930), (213.1354, -82.8033, 4.8430), (222.3716, -78.9582, 4.8090), (223.2066, -78.5934, 4.8050), (232.4208, -74.7290, 4.7260), (234.1441, -74.0210, 4.7130), (243.3772, -70.1854, 4.6070), (244.0026, -69.9162, 4.6070), (254.9121, -64.9226, 4.4000), (255.4242, -64.6694, 4.4000), (264.2717, -60.0130, 4.2160), (264.8763, -59.6854, 4.1060), (273.7927, -54.8384, 3.9960), (280.2572, -51.3968, 3.8530)]
            int[] faceVertexCounts = [4, 4, 4, 4, 4, 4, 4, 4, 4, 4, 4, 4, 4, 4, 4, 4]
            int[] faceVertexIndices = [0, 1, 18, 17, 1, 2, 19, 18, 2, 3, 20, 19, 3, 4, 21, 20, 4, 5, 22, 21, 5, 6, 23, 22, 6, 7, 24, 23, 7, 8, 25, 24, 8, 9, 26, 25, 9, 10, 27, 26, 10, 11, 28, 27, 11, 12, 29, 28, 12, 13, 30, 29, 13, 14, 31, 30, 14, 15, 32, 31, 15, 16, 33, 32]
            uniform token subdivisionScheme = "none"
        }

        def Mesh "Road_760"
        {
            point3f[] points = [(787.5293, -495.9479, 8.0820), (784.5337, -492.1464, 8.1950), (781.4147, -488.2266, 8.2290), (777.7003, -483.5150, 8.2810), (777.5284, -483.3010, 8.3750), (774.9713, -480.2466, 8.3800), (773.6922, -478.7861, 8.4630), (771.0318, -475.7960, 8.5450), (769.7434, -474.3015, 8.6210), (764.8491, -467.9547, 8.9670), (764.5351, -467.5362, 8.9670), (762.0735, -464.4045, 9.1900), (761.6260, -463.8700, 9.1900), (758.9794, -460.8866, 9.3830), (758.1011, -459.9085, 9.3740), (756.7703, -458.3530, 9.4350), (755.4887, -456.7380, 9.5060), (754.6191, -455.5390, 9.5060), (752.4560, -452.1307, 9.6540), (751.6880, -450.8530, 9.7240), (750.1181, -448.2414, 9.8110), (790.2784, -493.7816, 8.0820), (787.2775, -489.9735, 8.1950), (784.1588, -486.0541, 8.2290), (780.4478, -481.3467, 8.2810), (780.2153, -481.0581, 8.3750), (777.6384, -477.9801, 8.3800), (776.3131, -476.4665, 8.4630), (773.6576, -473.4818, 8.5450), (772.4923, -472.1352, 8.6210), (767.6225, -465.8196, 8.9670), (767.2924, -465.3805, 8.9670), (764.8142, -462.2277, 9.1900), (764.2552, -461.5597, 9.1900), (761.5942, -458.5600, 9.3830), (760.7387, -457.6078, 9.3740), (759.4712, -456.1270, 9.4350), (758.2671, -454.6097, 9.5060), (757.5440, -453.6168, 9.5060), (755.4233, -450.2747, 9.6540), (754.6879, -449.0501, 9.7240), (753.1179, -446.4382, 9.8110)]
            int[] faceVertexCounts = [4, 4, 4, 4, 4, 4, 4, 4, 4, 4, 4, 4, 4, 4, 4, 4, 4, 4, 4, 4]
            int[] faceVertexIndices = [0, 1, 22, 21, 1, 2, 23, 22, 2, 3, 24, 23, 3, 4, 25, 24, 4, 5, 26, 25, 5, 6, 27, 26, 6, 7, 28, 27, 7, 8, 29, 28, 8, 9, 30, 29, 9, 10, 31, 30, 10, 11, 32, 31, 11, 12, 33, 32, 12, 13, 34, 33, 13, 14, 35, 34, 14, 15, 36, 35, 15, 16, 37, 36, 16, 17, 38, 37, 17, 18, 39, 38, 18, 19, 40, 39, 19, 20, 41, 40]
            uniform token subdivisionScheme = "none"
        }

        def Mesh "Road_761"
        {
            point3f[] points = [(1959.5860, -1575.8475, 6.8290), (1950.7081, -1573.0980, 6.9970), (1950.3112, -1572.9814, 6.9970), (1931.1521, -1567.2712, 7.0290), (1930.7108, -1567.1260, 7.0590), (1913.8224, -1560.9170, 7.0230), (1913.0140, -1560.6028, 7.0230), (1896.2599, -1554.0462, 7.0690), (1960.6215, -1572.5042, 6.8290), (1951.7414, -1569.7540, 6.9970), (1951.3106, -1569.6271, 6.9970), (1932.1534, -1563.9175, 7.0290), (1931.9162, -1563.8401, 7.0590), (1915.0328, -1557.6330, 7.0230), (1914.2892, -1557.3433, 7.0230), (1897.5354, -1550.7869, 7.0690)]
            int[] faceVertexCounts = [4, 4, 4, 4, 4, 4, 4]
            int[] faceVertexIndices = [0, 1, 9, 8, 1, 2, 10, 9, 2, 3, 11, 10, 3, 4, 12, 11, 4, 5, 13, 12, 5, 6, 14, 13, 6, 7, 15, 14]
            uniform token subdivisionScheme = "none"
        }

        def Mesh "Road_762"
        {
            point3f[] points = [(-24.9395, -265.0694, 0.3000), (-21.1292, -260.4461, 0.3000), (-20.3068, -259.4110, 0.3000), (-14.2696, -251.4483, 0.3000), (-13.2116, -250.0711, 0.3000), (-5.6563, -240.7470, 0.3000), (-4.8780, -239.7809, 0.3000), (1.2886, -231.9123, 3.8920), (2.4711, -230.4443, 3.8520), (11.4151, -219.6819, 3.8070), (11.7853, -219.2047, 3.8070), (17.7508, -211.1859, 3.9100), (18.0708, -210.7760, 3.8570), (21.9754, -206.0237, 3.9400), (29.3677, -196.5988, 3.9410), (29.8352, -195.9863, 3.9410), (38.4856, -184.9823, 3.8710), (38.9574, -184.4201, 4.0080), (46.7368, -175.2940, 4.0700), (47.1046, -174.8288, 4.1030), (53.1086, -166.8228, 4.1250), (54.3819, -165.2977, 4.1250), (55.8050, -163.7459, 4.1710), (61.4949, -158.1074, 4.2060), (62.4902, -157.1014, 4.2060), (69.2974, -149.7721, 4.2420), (70.6645, -148.4655, 4.1480), (72.2618, -147.0834, 4.2380), (77.0270, -143.4012, 4.2330), (77.5821, -142.9785, 4.2330), (82.2849, -139.2662, 4.2880), (83.3393, -138.4248, 4.3030), (88.0699, -134.7318, 4.2710), (89.1115, -133.9246, 4.3120), (93.9281, -130.3165, 4.3260), (95.0787, -129.5388, 4.2730), (100.1064, -126.2818, 4.3400), (100.7448, -125.8218, 4.3400), (102.2079, -124.5996, 4.3760), (106.6449, -120.5818, 4.3590), (107.0672, -120.2316, 4.3890), (108.7427, -118.9814, 4.3890), (115.4097, -114.5460, 4.5620), (115.9675, -114.1424, 4.5620), (120.6243, -110.3542, 4.5730), (122.2892, -109.1066, 4.5640), (123.1825, -108.5090, 4.5550), (125.0079, -107.4537, 4.5550), (126.9907, -106.5196, 4.5820), (132.8096, -104.3991, 4.5940), (-22.2386, -267.2954, 0.3000), (-18.4207, -262.6629, 0.3000), (-17.5236, -261.5332, 0.3000), (-11.4825, -253.5653, 0.3000), (-10.4852, -252.2658, 0.3000), (-2.9363, -242.9497, 0.3000), (-2.1264, -241.9440, 0.3000), (4.0389, -234.0770, 3.8920), (5.1669, -232.6765, 3.8520), (14.1103, -221.9148, 3.8070), (14.5906, -221.2977, 3.8070), (20.5569, -213.2777, 3.9100), (20.7789, -212.9933, 3.8570), (24.7127, -208.2048, 3.9400), (32.1234, -198.7567, 3.9410), (32.5884, -198.1473, 3.9410), (41.2339, -187.1495, 3.8710), (41.6218, -186.6897, 4.0080), (49.4048, -177.5593, 4.0700), (49.9011, -176.9335, 4.1030), (55.8912, -168.9459, 4.1250), (57.0137, -167.6050, 4.1250), (58.2924, -166.2082, 4.1710), (63.9625, -160.5895, 4.2060), (65.0452, -159.4935, 4.2060), (71.8403, -152.1770, 4.2420), (73.0149, -151.0589, 4.1480), (74.4403, -149.8228, 4.2380), (79.1650, -146.1723, 4.2330), (79.7456, -145.7297, 4.2330), (84.4562, -142.0113, 4.2880), (85.4984, -141.1795, 4.3030), (90.2220, -137.4920, 4.2710), (91.2181, -136.7197, 4.3120), (96.0019, -133.1360, 4.3260), (96.9913, -132.4700, 4.2730), (102.0293, -129.2062, 4.3400), (102.9270, -128.5582, 4.3400), (104.5313, -127.2172, 4.3760), (108.9870, -123.1826, 4.3590), (109.1863, -123.0172, 4.3890), (110.7131, -121.8740, 4.3890), (117.3596, -117.4526, 4.5620), (118.1578, -116.8723, 4.5620), (122.8057, -113.0912, 4.5730), (124.3400, -111.9429, 4.5640), (124.9988, -111.5009, 4.5550), (126.6338, -110.5531, 4.5550), (128.2627, -109.7803, 4.5820), (134.0078, -107.6876, 4.5940)]
            int[] faceVertexCounts = [4, 4, 4, 4, 4, 4, 4, 4, 4, 4, 4, 4, 4, 4, 4, 4, 4, 4, 4, 4, 4, 4, 4, 4, 4, 4, 4, 4, 4, 4, 4, 4, 4, 4, 4, 4, 4, 4, 4, 4, 4, 4, 4, 4, 4, 4, 4, 4, 4]
            int[] faceVertexIndices = [0, 1, 51, 50, 1, 2, 52, 51, 2, 3, 53, 52, 3, 4, 54, 53, 4, 5, 55, 54, 5, 6, 56, 55, 6, 7, 57, 56, 7, 8, 58, 57, 8, 9, 59, 58, 9, 10, 60, 59, 10, 11, 61, 60, 11, 12, 62, 61, 12, 13, 63, 62, 13, 14, 64, 63, 14, 15, 65, 64, 15, 16, 66, 65, 16, 17, 67, 66, 17, 18, 68, 67, 18, 19, 69, 68, 19, 20, 70, 69, 20, 21, 71, 70, 21, 22, 72, 71, 22, 23, 73, 72, 23, 24, 74, 73, 24, 25, 75, 74, 25, 26, 76, 75, 26, 27, 77, 76, 27, 28, 78, 77, 28, 29, 79, 78, 29, 30, 80, 79, 30, 31, 81, 80, 31, 32, 82, 81, 32, 33, 83, 82, 33, 34, 84, 83, 34, 35, 85, 84, 35, 36, 86, 85, 36, 37, 87, 86, 37, 38, 88, 87, 38, 39, 89, 88, 39, 40, 90, 89, 40, 41, 91, 90, 41, 42, 92, 91, 42, 43, 93, 92, 43, 44, 94, 93, 44, 45, 95, 94, 45, 46, 96, 95, 46, 47, 97, 96, 47, 48, 98, 97, 48, 49, 99, 98]
            uniform token subdivisionScheme = "none"
        }

        def Mesh "Road_763"
        {
            point3f[] points = [(2147.8812, -1561.2315, 6.8940), (2148.0462, -1560.6558, 6.8940), (2151.6550, -1549.1980, 6.6180), (2152.4350, -1547.2078, 6.6130), (2153.2650, -1545.3158, 6.5830), (2154.1681, -1543.4553, 6.5810), (2155.1398, -1541.6413, 6.5560), (2155.8475, -1540.4294, 6.5560), (2162.4479, -1530.4083, 0.3000), (2162.7415, -1529.9327, 0.3000), (2166.6621, -1522.9735, 0.3000), (2167.4706, -1521.5137, 0.3000), (2173.3479, -1511.0559, 0.3000), (2173.7180, -1510.3866, 0.3000), (2180.4125, -1498.0938, 0.3000), (2181.3910, -1496.3508, 0.3000), (2186.4020, -1487.6915, 0.3000), (2193.4977, -1475.5728, 0.3000), (2194.2314, -1474.3211, 0.3000), (2198.2888, -1467.4286, 0.3000), (2198.9663, -1466.2857, 0.3000), (2204.1837, -1457.7492, 0.3000), (2205.2865, -1456.0307, 0.3000), (2208.5837, -1451.0143, 0.3000), (2208.8291, -1450.6437, 0.3000), (2214.2588, -1442.2748, 0.3000), (2220.7159, -1431.8575, 0.3000), (2221.3594, -1430.8357, 0.3000), (2227.8544, -1420.7497, 0.3000), (2228.3595, -1419.9713, 0.3000), (2232.7670, -1413.2605, 0.3000), (2239.7498, -1403.2981, 0.3000), (2246.5648, -1393.6613, 0.3000), (2246.7774, -1393.3625, 0.3000), (2251.3849, -1386.8517, 0.3000), (2255.8875, -1380.1734, 0.3000), (2256.3155, -1379.5021, 0.3000), (2257.4551, -1377.7901, 0.3000), (2258.7229, -1376.0979, 0.3000), (2259.5620, -1375.2002, 0.3000), (2261.0645, -1373.7830, 0.3000), (2262.5890, -1372.4421, 0.3000), (2262.8102, -1372.2493, 0.3000), (2265.7931, -1369.5890, 0.3000), (2151.2466, -1562.1926, 6.8940), (2151.3857, -1561.7033, 6.8940), (2154.9827, -1550.2826, 6.6180), (2155.6667, -1548.5518, 6.6130), (2156.4425, -1546.7833, 6.5830), (2157.2856, -1545.0462, 6.5810), (2158.2017, -1543.3367, 6.5560), (2158.7806, -1542.3390, 6.5560), (2165.3739, -1532.3289, 0.3000), (2165.7856, -1531.6599, 0.3000), (2169.7137, -1524.6876, 0.3000), (2170.5230, -1523.2262, 0.3000), (2176.3998, -1512.7694, 0.3000), (2176.7912, -1512.0616, 0.3000), (2183.4836, -1499.7726, 0.3000), (2184.4240, -1498.0974, 0.3000), (2189.4260, -1489.4535, 0.3000), (2196.5180, -1477.3414, 0.3000), (2197.2481, -1476.0957, 0.3000), (2201.3043, -1469.2054, 0.3000), (2201.9555, -1468.1063, 0.3000), (2207.1634, -1459.5854, 0.3000), (2208.2165, -1457.9452, 0.3000), (2211.5080, -1452.9374, 0.3000), (2211.7645, -1452.5498, 0.3000), (2217.2164, -1444.1463, 0.3000), (2223.6896, -1433.7034, 0.3000), (2224.3038, -1432.7280, 0.3000), (2230.7966, -1422.6453, 0.3000), (2231.2861, -1421.8909, 0.3000), (2235.6570, -1415.2348, 0.3000), (2242.6117, -1405.3130, 0.3000), (2249.4222, -1395.6825, 0.3000), (2249.6342, -1395.3846, 0.3000), (2254.2647, -1388.8408, 0.3000), (2258.7940, -1382.1234, 0.3000), (2259.2404, -1381.4244, 0.3000), (2260.3141, -1379.8090, 0.3000), (2261.4429, -1378.3006, 0.3000), (2262.0151, -1377.6967, 0.3000), (2263.4212, -1376.3706, 0.3000), (2264.8987, -1375.0718, 0.3000), (2265.1378, -1374.8632, 0.3000), (2268.1227, -1372.2011, 0.3000)]
            int[] faceVertexCounts = [4, 4, 4, 4, 4, 4, 4, 4, 4, 4, 4, 4, 4, 4, 4, 4, 4, 4, 4, 4, 4, 4, 4, 4, 4, 4, 4, 4, 4, 4, 4, 4, 4, 4, 4, 4, 4, 4, 4, 4, 4, 4, 4]
            int[] faceVertexIndices = [0, 1, 45, 44, 1, 2, 46, 45, 2, 3, 47, 46, 3, 4, 48, 47, 4, 5, 49, 48, 5, 6, 50, 49, 6, 7, 51, 50, 7, 8, 52, 51, 8, 9, 53, 52, 9, 10, 54, 53, 10, 11, 55, 54, 11, 12, 56, 55, 12, 13, 57, 56, 13, 14, 58, 57, 14, 15, 59, 58, 15, 16, 60, 59, 16, 17, 61, 60, 17, 18, 62, 61, 18, 19, 63, 62, 19, 20, 64, 63, 20, 21, 65, 64, 21, 22, 66, 65, 22, 23, 67, 66, 23, 24, 68, 67, 24, 25, 69, 68, 25, 26, 70, 69, 26, 27, 71, 70, 27, 28, 72, 71, 28, 29, 73, 72, 29, 30, 74, 73, 30, 31, 75, 74, 31, 32, 76, 75, 32, 33, 77, 76, 33, 34, 78, 77, 34, 35, 79, 78, 35, 36, 80, 79, 36, 37, 81, 80, 37, 38, 82, 81, 38, 39, 83, 82, 39, 40, 84, 83, 40, 41, 85, 84, 41, 42, 86, 85, 42, 43, 87, 86]
            uniform token subdivisionScheme = "none"
        }

        def Mesh "Road_764"
        {
            point3f[] points = [(633.3179, -59.2275, 4.3180), (629.8447, -52.0297, 4.2640), (629.3730, -51.1013, 4.2640), (623.6521, -40.5633, 4.1790), (623.2705, -39.8710, 4.1790), (619.5421, -32.7876, 4.1160), (618.6572, -31.0498, 4.1160), (614.1596, -22.1233, 4.1080), (613.3351, -20.5108, 4.0910), (607.6591, -9.9507, 4.1270), (607.3831, -9.4555, 4.1270), (602.4935, -0.7368, 0.3000), (601.6505, 0.7583, 0.3000), (593.9229, 14.9353, 0.3000), (586.7193, 29.3336, 0.3000), (581.9091, 38.0429, 0.3000), (581.0159, 39.6203, 0.3000), (577.0093, 46.9356, 0.3000), (572.6725, 55.9933, 0.3000), (572.2615, 56.8908, 0.3000), (636.4701, -57.7064, 4.3180), (632.9930, -50.5006, 4.2640), (632.4528, -49.4385, 4.2640), (626.7274, -38.8922, 4.1790), (626.3648, -38.2355, 4.1790), (622.6436, -31.1656, 4.1160), (621.7819, -29.4728, 4.1160), (617.2838, -20.5454, 4.1080), (616.4225, -18.8621, 4.0910), (610.7408, -8.2914, 4.1270), (610.4360, -7.7440, 4.1270), (605.5456, 0.9762, 0.3000), (604.7213, 2.4376, 0.3000), (597.0250, 16.5562, 0.3000), (589.8246, 30.9482, 0.3000), (584.9702, 39.7399, 0.3000), (584.0812, 41.3096, 0.3000), (580.1278, 48.5247, 0.3000), (575.8316, 57.4998, 0.3000), (575.4440, 58.3473, 0.3000)]
            int[] faceVertexCounts = [4, 4, 4, 4, 4, 4, 4, 4, 4, 4, 4, 4, 4, 4, 4, 4, 4, 4, 4]
            int[] faceVertexIndices = [0, 1, 21, 20, 1, 2, 22, 21, 2, 3, 23, 22, 3, 4, 24, 23, 4, 5, 25, 24, 5, 6, 26, 25, 6, 7, 27, 26, 7, 8, 28, 27, 8, 9, 29, 28, 9, 10, 30, 29, 10, 11, 31, 30, 11, 12, 32, 31, 12, 13, 33, 32, 13, 14, 34, 33, 14, 15, 35, 34, 15, 16, 36, 35, 16, 17, 37, 36, 17, 18, 38, 37, 18, 19, 39, 38]
            uniform token subdivisionScheme = "none"
        }

        def Mesh "Road_765"
        {
            point3f[] points = [(2008.6579, -761.1062, 3.9860), (2008.7288, -761.0686, 3.9860), (2009.2565, -760.7993, 3.9860), (2029.2316, -751.6030, 4.4700), (2030.3089, -751.1347, 4.4700), (2046.7337, -743.7998, 5.2760), (2047.7718, -743.3075, 5.2760), (2056.7410, -738.9043, 5.6840), (2058.0068, -738.2711, 5.6860), (2059.8569, -737.4308, 5.7590), (2060.4097, -737.1909, 5.7590), (2062.3158, -736.4289, 5.8790), (2064.2840, -735.7484, 5.9440), (2066.2876, -735.1622, 5.9940), (2068.3338, -734.6819, 6.0780), (2070.4207, -734.3292, 6.1500), (2072.7196, -734.1005, 6.2240), (2074.8320, -734.0329, 6.3050), (2076.9378, -734.0932, 6.3790), (2080.9563, -734.3979, 6.5860), (2081.7871, -734.4757, 6.6680), (2082.1725, -734.5329, 6.6680), (2083.8446, -734.7903, 6.7230), (2084.5143, -734.9045, 6.7230), (2086.5055, -735.2854, 6.7460), (2087.6387, -735.5404, 6.7460), (2010.3052, -764.1944, 3.9860), (2010.3327, -764.1795, 3.9860), (2010.7234, -763.9771, 3.9860), (2030.6919, -754.7838, 4.4700), (2031.7341, -754.3314, 4.4700), (2048.1654, -746.9936, 5.2760), (2049.3095, -746.4516, 5.2760), (2058.2864, -742.0447, 5.6840), (2059.5032, -741.4351, 5.6860), (2061.2929, -740.6226, 5.7590), (2061.7300, -740.4323, 5.7590), (2063.5380, -739.7085, 5.8790), (2065.3476, -739.0829, 5.9440), (2067.1796, -738.5466, 5.9940), (2069.0261, -738.1127, 6.0780), (2070.8803, -737.7989, 6.1500), (2072.9542, -737.5927, 6.2240), (2074.8378, -737.5329, 6.3050), (2076.7279, -737.5869, 6.3790), (2080.6814, -737.8871, 6.5860), (2081.4028, -737.9545, 6.6680), (2081.6409, -737.9923, 6.6680), (2083.2970, -738.2472, 6.7230), (2083.8736, -738.3454, 6.7230), (2085.8076, -738.7151, 6.7460), (2086.8692, -738.9548, 6.7460)]
            int[] faceVertexCounts = [4, 4, 4, 4, 4, 4, 4, 4, 4, 4, 4, 4, 4, 4, 4, 4, 4, 4, 4, 4, 4, 4, 4, 4, 4]
            int[] faceVertexIndices = [0, 1, 27, 26, 1, 2, 28, 27, 2, 3, 29, 28, 3, 4, 30, 29, 4, 5, 31, 30, 5, 6, 32, 31, 6, 7, 33, 32, 7, 8, 34, 33, 8, 9, 35, 34, 9, 10, 36, 35, 10, 11, 37, 36, 11, 12, 38, 37, 12, 13, 39, 38, 13, 14, 40, 39, 14, 15, 41, 40, 15, 16, 42, 41, 16, 17, 43, 42, 17, 18, 44, 43, 18, 19, 45, 44, 19, 20, 46, 45, 20, 21, 47, 46, 21, 22, 48, 47, 22, 23, 49, 48, 23, 24, 50, 49, 24, 25, 51, 50]
            uniform token subdivisionScheme = "none"
        }

        def Mesh "Road_766"
        {
            point3f[] points = [(2184.1052, -1628.3040, 0.3000), (2177.9801, -1627.8137, 0.3000), (2165.9293, -1626.8503, 0.3000), (2157.0420, -1626.1384, 4.4730), (2156.5564, -1626.0993, 4.4730), (2148.5847, -1625.4623, 4.0030), (2148.0170, -1625.4177, 4.0030), (2140.0425, -1624.7783, 3.5670), (2138.4979, -1624.6345, 3.4580), (2136.4960, -1624.4326, 3.2910), (2135.0890, -1624.2756, 3.2070), (2133.0489, -1623.9597, 3.1090), (2131.9915, -1623.7283, 3.1090), (2130.0300, -1623.2056, 3.0180), (2129.0555, -1622.9346, 3.0180), (2125.2102, -1621.9191, 2.8380), (2123.7434, -1621.5842, 2.7630), (2121.8240, -1621.2220, 2.7150), (2121.1867, -1621.1230, 2.7150), (2117.2308, -1620.6939, 2.6760), (2116.4781, -1620.6304, 2.6740), (2112.9831, -1620.3542, 2.5930), (2184.3844, -1624.8151, 0.3000), (2178.2591, -1624.3248, 0.3000), (2166.2085, -1623.3614, 0.3000), (2157.3215, -1622.6496, 4.4730), (2156.8353, -1622.6104, 4.4730), (2148.8632, -1621.9734, 4.0030), (2148.2964, -1621.9289, 4.0030), (2140.3294, -1621.2901, 3.5670), (2138.8376, -1621.1510, 3.4580), (2136.8616, -1620.9518, 3.2910), (2135.5644, -1620.8080, 3.2070), (2133.6542, -1620.5124, 3.1090), (2132.8443, -1620.3338, 3.1090), (2130.9437, -1619.8270, 3.0180), (2129.9580, -1619.5530, 3.0180), (2126.0714, -1618.5268, 2.8380), (2124.4504, -1618.1564, 2.7630), (2122.4417, -1617.7769, 2.7150), (2121.5889, -1617.6462, 2.7150), (2117.5947, -1617.2129, 2.6760), (2116.7575, -1617.1416, 2.6740), (2113.2587, -1616.8651, 2.5930)]
            int[] faceVertexCounts = [4, 4, 4, 4, 4, 4, 4, 4, 4, 4, 4, 4, 4, 4, 4, 4, 4, 4, 4, 4, 4]
            int[] faceVertexIndices = [0, 1, 23, 22, 1, 2, 24, 23, 2, 3, 25, 24, 3, 4, 26, 25, 4, 5, 27, 26, 5, 6, 28, 27, 6, 7, 29, 28, 7, 8, 30, 29, 8, 9, 31, 30, 9, 10, 32, 31, 10, 11, 33, 32, 11, 12, 34, 33, 12, 13, 35, 34, 13, 14, 36, 35, 14, 15, 37, 36, 15, 16, 38, 37, 16, 17, 39, 38, 17, 18, 40, 39, 18, 19, 41, 40, 19, 20, 42, 41, 20, 21, 43, 42]
            uniform token subdivisionScheme = "none"
        }

        def Mesh "Road_767"
        {
            point3f[] points = [(1520.5824, -381.1633, 6.4950), (1504.2796, -378.8847, 6.4990), (1521.0669, -377.6970, 6.4950), (1504.7640, -375.4184, 6.4990)]
            int[] faceVertexCounts = [4]
            int[] faceVertexIndices = [0, 1, 3, 2]
            uniform token subdivisionScheme = "none"
        }

        def Mesh "Road_768"
        {
            point3f[] points = [(75.1948, -18.6995, 3.6950), (59.1792, -1.7547, 3.7460), (58.2170, -0.7406, 0.3000), (31.5411, 26.2977, 0.3000), (30.9820, 26.8551, 0.3000), (7.1544, 51.0897, 0.3000), (5.8610, 52.4732, 0.3000), (-2.7631, 62.0378, 0.3000), (77.7384, -16.2954, 3.6950), (61.7226, 0.6497, 3.7460), (60.7103, 1.7157, 0.3000), (34.0322, 28.7562, 0.3000), (33.4772, 29.3095, 0.3000), (9.6533, 53.5403, 0.3000), (8.4552, 54.8227, 0.3000), (-0.1637, 64.3816, 0.3000)]
            int[] faceVertexCounts = [4, 4, 4, 4, 4, 4, 4]
            int[] faceVertexIndices = [0, 1, 9, 8, 1, 2, 10, 9, 2, 3, 11, 10, 3, 4, 12, 11, 4, 5, 13, 12, 5, 6, 14, 13, 6, 7, 15, 14]
            uniform token subdivisionScheme = "none"
        }

        def Mesh "Road_769"
        {
            point3f[] points = [(321.6353, -709.8490, 5.8870), (323.4585, -709.0545, 5.7700), (325.4516, -708.3692, 5.7860), (327.1440, -707.8827, 5.7860), (329.1737, -707.4093, 5.7260), (333.1397, -706.6462, 5.6720), (339.2767, -705.5733, 5.6970), (343.3113, -705.0521, 5.6240), (345.0837, -704.8994, 5.6010), (351.0352, -704.4078, 5.6260), (352.8865, -704.1437, 5.6360), (354.7457, -703.7661, 5.6140), (356.1953, -703.3716, 5.6500), (357.9917, -702.7624, 5.6940), (361.5159, -701.3824, 5.8900), (323.0360, -713.0565, 5.8870), (324.7254, -712.3171, 5.7700), (326.5114, -711.7049, 5.7860), (328.0175, -711.2719, 5.7860), (329.8796, -710.8374, 5.7260), (333.7656, -710.0898, 5.6720), (339.8189, -709.0310, 5.6970), (343.7144, -708.5289, 5.6240), (345.3743, -708.3873, 5.6010), (351.3746, -707.8913, 5.6260), (353.4813, -707.5928, 5.6360), (355.5423, -707.1743, 5.6140), (357.2280, -706.7158, 5.6500), (359.2159, -706.0413, 5.6940), (362.7919, -704.6415, 5.8900)]
            int[] faceVertexCounts = [4, 4, 4, 4, 4, 4, 4, 4, 4, 4, 4, 4, 4, 4]
            int[] faceVertexIndices = [0, 1, 16, 15, 1, 2, 17, 16, 2, 3, 18, 17, 3, 4, 19, 18, 4, 5, 20, 19, 5, 6, 21, 20, 6, 7, 22, 21, 7, 8, 23, 22, 8, 9, 24, 23, 9, 10, 25, 24, 10, 11, 26, 25, 11, 12, 27, 26, 12, 13, 28, 27, 13, 14, 29, 28]
            uniform token subdivisionScheme = "none"
        }

        def Mesh "Road_770"
        {
            point3f[] points = [(1443.1753, -1839.7940, 0.3000), (1443.2700, -1839.2867, 0.3000), (1445.3344, -1829.4858, 4.9280), (1445.9047, -1827.4404, 4.9420), (1446.5208, -1825.4884, 4.9450), (1446.9449, -1824.2667, 4.9450), (1447.6730, -1822.3500, 4.9790), (1448.4822, -1820.4275, 4.9990), (1450.2472, -1816.7419, 5.0640), (1453.1704, -1811.4455, 5.1430), (1453.9049, -1810.2233, 5.1430), (1456.1111, -1806.8365, 5.1500), (1457.3395, -1805.1387, 5.1360), (1458.6484, -1803.4934, 5.1350), (1460.0956, -1801.9228, 5.1350), (1461.6785, -1800.4702, 5.1060), (1463.3571, -1799.1810, 5.0690), (1464.3165, -1798.5460, 5.0690), (1466.1332, -1797.4987, 5.0320), (1468.0369, -1796.5748, 5.0090), (1469.9920, -1795.7722, 4.9570), (1475.6576, -1793.7476, 4.9050), (1476.0238, -1793.6124, 4.9050), (1479.6961, -1792.1581, 4.9460), (1483.2646, -1790.5297, 4.9940), (1484.9533, -1789.6487, 5.0050), (1486.6527, -1788.6786, 5.0330), (1486.9920, -1788.4735, 5.0220), (1495.4193, -1783.0795, 5.1610), (1496.7814, -1782.3286, 5.1670), (1498.7192, -1781.4129, 5.1670), (1500.8211, -1780.7002, 5.1990), (1503.0177, -1780.2770, 5.2300), (1505.1423, -1780.1064, 5.2670), (1507.1744, -1780.0266, 5.2990), (1446.6163, -1840.4337, 0.3000), (1446.6957, -1840.0043, 0.3000), (1448.7512, -1830.2444, 4.9280), (1449.2592, -1828.4393, 4.9420), (1449.8469, -1826.5780, 4.9450), (1450.2303, -1825.4733, 4.9450), (1450.9227, -1823.6499, 4.9790), (1451.6632, -1821.8876, 4.9990), (1453.3498, -1818.3618, 5.0640), (1456.2232, -1813.1573, 5.1430), (1456.8547, -1812.1072, 5.1430), (1459.0121, -1808.7947, 5.1500), (1460.1277, -1807.2544, 5.1360), (1461.3072, -1805.7695, 5.1350), (1462.5683, -1804.3999, 5.1350), (1463.9292, -1803.1506, 5.1060), (1465.4221, -1802.0069, 5.0690), (1466.1267, -1801.5414, 5.0690), (1467.7726, -1800.5910, 5.0320), (1469.4662, -1799.7696, 5.0090), (1471.2079, -1799.0542, 4.9570), (1476.8378, -1797.0426, 4.9050), (1477.3055, -1796.8693, 4.9050), (1481.0675, -1795.3782, 4.9460), (1484.7728, -1793.6881, 4.9940), (1486.6298, -1792.7211, 5.0050), (1488.4024, -1791.7099, 5.0330), (1488.8754, -1791.4235, 5.0220), (1497.2820, -1786.0427, 5.1610), (1498.3577, -1785.4535, 5.1670), (1500.0338, -1784.6566, 5.1670), (1501.7147, -1784.0842, 5.1990), (1503.4876, -1783.7453, 5.2300), (1505.3488, -1783.6003, 5.2670), (1507.3111, -1783.5239, 5.2990)]
            int[] faceVertexCounts = [4, 4, 4, 4, 4, 4, 4, 4, 4, 4, 4, 4, 4, 4, 4, 4, 4, 4, 4, 4, 4, 4, 4, 4, 4, 4, 4, 4, 4, 4, 4, 4, 4, 4]
            int[] faceVertexIndices = [0, 1, 36, 35, 1, 2, 37, 36, 2, 3, 38, 37, 3, 4, 39, 38, 4, 5, 40, 39, 5, 6, 41, 40, 6, 7, 42, 41, 7, 8, 43, 42, 8, 9, 44, 43, 9, 10, 45, 44, 10, 11, 46, 45, 11, 12, 47, 46, 12, 13, 48, 47, 13, 14, 49, 48, 14, 15, 50, 49, 15, 16, 51, 50, 16, 17, 52, 51, 17, 18, 53, 52, 18, 19, 54, 53, 19, 20, 55, 54, 20, 21, 56, 55, 21, 22, 57, 56, 22, 23, 58, 57, 23, 24, 59, 58, 24, 25, 60, 59, 25, 26, 61, 60, 26, 27, 62, 61, 27, 28, 63, 62, 28, 29, 64, 63, 29, 30, 65, 64, 30, 31, 66, 65, 31, 32, 67, 66, 32, 33, 68, 67, 33, 34, 69, 68]
            uniform token subdivisionScheme = "none"
        }

        def Mesh "Road_771"
        {
            point3f[] points = [(2150.2837, -1092.4233, 4.4120), (2157.7767, -1090.7846, 4.4290), (2165.1505, -1089.1710, 0.3000), (2151.0315, -1095.8425, 4.4120), (2158.5247, -1094.2038, 4.4290), (2165.8987, -1092.5901, 0.3000)]
            int[] faceVertexCounts = [4, 4]
            int[] faceVertexIndices = [0, 1, 4, 3, 1, 2, 5, 4]
            uniform token subdivisionScheme = "none"
        }

        def Mesh "Road_772"
        {
            point3f[] points = [(927.3928, -268.4238, 6.5610), (927.8358, -268.2530, 6.5610), (946.6293, -261.4400, 6.6160), (947.2273, -261.2516, 6.5980), (964.4179, -255.9677, 6.5010), (965.4909, -255.5705, 6.5080), (967.2946, -254.8697, 6.4770), (987.5255, -246.2288, 6.4040), (991.5972, -244.7308, 6.3490), (999.2915, -242.2555, 6.3660), (1018.6212, -237.0670, 6.3370), (1020.2338, -236.6258, 6.3140), (1043.4446, -230.5517, 6.1580), (1045.0290, -230.2182, 6.2540), (1076.4883, -224.4666, 6.3560), (1078.1160, -224.0802, 6.4240), (1079.9977, -223.6043, 6.4310), (1085.7299, -221.9405, 6.4490), (1086.9448, -221.5352, 6.4490), (1088.7525, -220.8629, 6.4600), (1090.4911, -220.1101, 6.4140), (1091.2035, -219.7042, 6.4010), (928.6548, -271.6884, 6.5610), (929.0301, -271.5429, 6.5610), (947.8182, -264.7319, 6.6160), (948.2561, -264.5970, 6.5980), (965.4581, -259.3096, 6.5010), (966.7368, -258.8413, 6.5080), (968.6606, -258.0921, 6.4770), (988.8736, -249.4587, 6.4040), (992.7164, -248.0470, 6.3490), (1000.2462, -245.6228, 6.3660), (1019.5298, -240.4470, 6.3370), (1021.1223, -240.0112, 6.3140), (1044.3209, -233.9402, 6.1580), (1045.6624, -233.6604, 6.2540), (1077.1269, -227.9078, 6.3560), (1078.9494, -227.4795, 6.4240), (1080.9443, -226.9739, 6.4310), (1086.7299, -225.2946, 6.4490), (1088.1192, -224.8323, 6.4490), (1090.0590, -224.1099, 6.4600), (1091.9884, -223.2736, 6.4140), (1092.9200, -222.7544, 6.4010)]
            int[] faceVertexCounts = [4, 4, 4, 4, 4, 4, 4, 4, 4, 4, 4, 4, 4, 4, 4, 4, 4, 4, 4, 4, 4]
            int[] faceVertexIndices = [0, 1, 23, 22, 1, 2, 24, 23, 2, 3, 25, 24, 3, 4, 26, 25, 4, 5, 27, 26, 5, 6, 28, 27, 6, 7, 29, 28, 7, 8, 30, 29, 8, 9, 31, 30, 9, 10, 32, 31, 10, 11, 33, 32, 11, 12, 34, 33, 12, 13, 35, 34, 13, 14, 36, 35, 14, 15, 37, 36, 15, 16, 38, 37, 16, 17, 39, 38, 17, 18, 40, 39, 18, 19, 41, 40, 19, 20, 42, 41, 20, 21, 43, 42]
            uniform token subdivisionScheme = "none"
        }

        def Mesh "Road_773"
        {
            point3f[] points = [(756.5053, -329.2451, 6.9490), (768.2500, -325.7785, 7.1400), (768.6386, -325.6601, 7.1400), (787.6646, -319.5298, 7.3250), (788.6542, -319.1946, 7.3250), (807.4515, -312.4060, 7.3560), (808.5591, -311.9670, 7.3560), (825.2049, -305.1390, 7.1940), (825.8353, -304.8824, 7.1940), (842.6903, -298.5819, 7.1210), (843.5523, -298.3039, 7.1260), (757.4961, -332.6020, 6.9490), (769.2419, -329.1350, 7.1400), (769.7109, -328.9918, 7.1400), (788.7406, -322.8603, 7.3250), (789.8396, -322.4877, 7.3250), (808.6463, -315.6958, 7.3560), (809.8848, -315.2062, 7.3560), (826.5330, -308.3772, 7.1940), (827.0641, -308.1596, 7.1940), (843.9090, -301.8629, 7.1210), (844.6196, -301.6372, 7.1260)]
            int[] faceVertexCounts = [4, 4, 4, 4, 4, 4, 4, 4, 4, 4]
            int[] faceVertexIndices = [0, 1, 12, 11, 1, 2, 13, 12, 2, 3, 14, 13, 3, 4, 15, 14, 4, 5, 16, 15, 5, 6, 17, 16, 6, 7, 18, 17, 7, 8, 19, 18, 8, 9, 20, 19, 9, 10, 21, 20]
            uniform token subdivisionScheme = "none"
        }

        def Mesh "Road_774"
        {
            point3f[] points = [(379.5477, -694.9389, 5.7740), (384.6066, -693.4541, 5.7500), (385.3405, -693.2415, 5.7500), (400.6508, -688.6372, 5.7730), (401.9987, -688.1915, 5.7680), (433.8750, -676.4148, 5.6520), (434.7381, -676.1072, 5.6520), (447.9134, -671.4671, 5.5540), (455.2569, -668.5335, 5.5430), (460.6335, -666.0270, 5.5590), (461.3252, -665.6757, 5.5140), (466.5214, -662.8011, 5.6110), (471.4956, -659.6609, 5.6080), (481.2354, -652.7307, 5.7130), (482.7466, -651.5846, 5.7130), (485.8574, -649.1631, 5.7130), (493.4462, -642.7593, 5.7430), (497.6945, -638.6403, 5.7620), (497.9010, -638.4280, 5.7620), (501.8916, -634.0532, 5.7450), (509.3746, -624.7626, 5.7000), (519.1814, -611.8269, 5.6470), (380.5334, -698.2973, 5.7740), (385.5908, -696.8129, 5.7500), (386.3469, -696.5937, 5.7500), (401.6668, -691.9865, 5.7730), (403.2069, -691.4763, 5.7680), (435.0869, -679.6983, 5.6520), (435.9015, -679.4082, 5.6520), (449.1257, -674.7504, 5.5540), (456.6330, -671.7517, 5.5430), (462.1256, -669.1930, 5.5590), (463.0060, -668.7457, 5.5140), (468.3038, -665.8132, 5.6110), (473.4718, -662.5496, 5.6080), (483.2765, -655.5739, 5.7130), (484.8851, -654.3553, 5.7130), (488.0845, -651.8631, 5.7130), (495.7717, -645.3750, 5.7430), (500.1348, -641.1492, 5.7620), (500.4827, -640.7912, 5.7620), (504.5721, -636.3038, 5.7450), (512.1371, -626.9117, 5.7000), (521.9704, -613.9413, 5.6470)]
            int[] faceVertexCounts = [4, 4, 4, 4, 4, 4, 4, 4, 4, 4, 4, 4, 4, 4, 4, 4, 4, 4, 4, 4, 4]
            int[] faceVertexIndices = [0, 1, 23, 22, 1, 2, 24, 23, 2, 3, 25, 24, 3, 4, 26, 25, 4, 5, 27, 26, 5, 6, 28, 27, 6, 7, 29, 28, 7, 8, 30, 29, 8, 9, 31, 30, 9, 10, 32, 31, 10, 11, 33, 32, 11, 12, 34, 33, 12, 13, 35, 34, 13, 14, 36, 35, 14, 15, 37, 36, 15, 16, 38, 37, 16, 17, 39, 38, 17, 18, 40, 39, 18, 19, 41, 40, 19, 20, 42, 41, 20, 21, 43, 42]
            uniform token subdivisionScheme = "none"
        }

        def Mesh "Road_775"
        {
            point3f[] points = [(553.5008, -106.2860, 4.5350), (570.8317, -96.6253, 4.6880), (572.0165, -95.9801, 4.6650), (593.3045, -84.9200, 4.4570), (593.6392, -84.7586, 4.4570), (597.3008, -83.0215, 4.4350), (621.1748, -72.7352, 4.4540), (621.6227, -72.5532, 4.4540), (628.9100, -69.6347, 4.4170), (555.2050, -109.3432, 4.5350), (572.5340, -99.6834, 4.6880), (573.6332, -99.0843, 4.6650), (594.9169, -88.0265, 4.4570), (595.1409, -87.9200, 4.4570), (598.7012, -86.2291, 4.4350), (622.5586, -75.9500, 4.4540), (622.9247, -75.8020, 4.4540), (630.2113, -72.8838, 4.4170)]
            int[] faceVertexCounts = [4, 4, 4, 4, 4, 4, 4, 4]
            int[] faceVertexIndices = [0, 1, 10, 9, 1, 2, 11, 10, 2, 3, 12, 11, 3, 4, 13, 12, 4, 5, 14, 13, 5, 6, 15, 14, 6, 7, 16, 15, 7, 8, 17, 16]
            uniform token subdivisionScheme = "none"
        }

        def Mesh "Road_776"
        {
            point3f[] points = [(1197.6038, -225.8723, 6.3860), (1203.7930, -194.4924, 6.0160), (1203.8415, -194.1984, 6.0160), (1205.5449, -184.3400, 5.9130), (1205.8829, -182.7342, 5.9110), (1206.3494, -180.7426, 5.9090), (1206.8834, -178.7548, 5.8810), (1207.4979, -176.7655, 5.8440), (1208.2327, -174.7917, 5.8230), (1209.0782, -172.9067, 5.7960), (1209.2827, -172.4953, 5.7960), (1210.2818, -170.6841, 5.8220), (1211.4242, -168.9089, 5.7510), (1212.6590, -167.2205, 5.7960), (1213.9543, -165.6143, 5.7320), (1214.7935, -164.6438, 5.7140), (1216.1831, -163.1340, 5.7140), (1217.6424, -161.6661, 5.7100), (1219.1633, -160.2575, 5.6780), (1220.7462, -158.9156, 5.6980), (1222.2372, -157.7631, 5.6380), (1223.9305, -156.5674, 5.6190), (1225.6743, -155.4460, 5.6510), (1227.4784, -154.3903, 5.6110), (1231.0572, -152.5114, 5.6080), (1232.5461, -151.7975, 5.6080), (1238.0778, -149.4047, 5.6010), (1240.0034, -148.6589, 5.6020), (1241.8027, -147.9979, 5.5550), (1249.4471, -145.5047, 5.5580), (1257.1756, -143.3101, 5.5520), (1259.1100, -142.7780, 5.5520), (1276.4901, -138.1136, 5.4390), (1277.6192, -137.8249, 5.4390), (1293.1376, -133.9594, 5.3640), (1294.7974, -133.5318, 5.3850), (1314.0807, -128.2630, 5.2510), (1314.8085, -128.0654, 5.2510), (1328.3479, -124.5188, 5.2550), (1330.2612, -124.0249, 5.2130), (1339.9487, -121.5537, 5.1510), (1341.0428, -121.2832, 5.1510), (1346.8750, -119.8793, 5.1290), (1348.0299, -119.6046, 5.1370), (1201.0376, -226.5495, 6.3860), (1207.2270, -195.1686, 6.0160), (1207.2905, -194.7937, 6.0160), (1208.9908, -184.9531, 5.9130), (1209.2983, -183.4991, 5.9110), (1209.7438, -181.5956, 5.9090), (1210.2462, -179.7251, 5.8810), (1210.8115, -177.8924, 5.8440), (1211.4710, -176.1197, 5.8230), (1212.2629, -174.3584, 5.7960), (1212.3585, -174.1654, 5.7960), (1213.2877, -172.4769, 5.8220), (1214.3094, -170.8902, 5.7510), (1215.4342, -169.3531, 5.7960), (1216.6498, -167.8469, 5.7320), (1217.3965, -166.9836, 5.7140), (1218.7124, -165.5532, 5.7140), (1220.0732, -164.1843, 5.7100), (1221.4846, -162.8769, 5.6780), (1222.9517, -161.6332, 5.6980), (1224.3142, -160.5802, 5.6380), (1225.8869, -159.4695, 5.6190), (1227.5054, -158.4288, 5.6510), (1229.1528, -157.4638, 5.6110), (1232.6527, -155.6266, 5.6080), (1233.9613, -154.9986, 5.6080), (1239.4359, -152.6305, 5.6010), (1241.2402, -151.9331, 5.6020), (1242.9112, -151.3177, 5.5550), (1250.4679, -148.8525, 5.5580), (1258.1260, -146.6786, 5.5520), (1260.0193, -146.1578, 5.5520), (1277.3949, -141.4946, 5.4390), (1278.4666, -141.2208, 5.4390), (1293.9863, -137.3549, 5.3640), (1295.7160, -136.9091, 5.3850), (1315.0030, -131.6393, 5.2510), (1315.6969, -131.4507, 5.2510), (1329.2333, -127.9050, 5.2550), (1331.1280, -127.4159, 5.2130), (1340.8113, -124.9457, 5.1510), (1341.8651, -124.6852, 5.1510), (1347.6926, -123.2825, 5.1290), (1348.8399, -123.0096, 5.1370)]
            int[] faceVertexCounts = [4, 4, 4, 4, 4, 4, 4, 4, 4, 4, 4, 4, 4, 4, 4, 4, 4, 4, 4, 4, 4, 4, 4, 4, 4, 4, 4, 4, 4, 4, 4, 4, 4, 4, 4, 4, 4, 4, 4, 4, 4, 4, 4]
            int[] faceVertexIndices = [0, 1, 45, 44, 1, 2, 46, 45, 2, 3, 47, 46, 3, 4, 48, 47, 4, 5, 49, 48, 5, 6, 50, 49, 6, 7, 51, 50, 7, 8, 52, 51, 8, 9, 53, 52, 9, 10, 54, 53, 10, 11, 55, 54, 11, 12, 56, 55, 12, 13, 57, 56, 13, 14, 58, 57, 14, 15, 59, 58, 15, 16, 60, 59, 16, 17, 61, 60, 17, 18, 62, 61, 18, 19, 63, 62, 19, 20, 64, 63, 20, 21, 65, 64, 21, 22, 66, 65, 22, 23, 67, 66, 23, 24, 68, 67, 24, 25, 69, 68, 25, 26, 70, 69, 26, 27, 71, 70, 27, 28, 72, 71, 28, 29, 73, 72, 29, 30, 74, 73, 30, 31, 75, 74, 31, 32, 76, 75, 32, 33, 77, 76, 33, 34, 78, 77, 34, 35, 79, 78, 35, 36, 80, 79, 36, 37, 81, 80, 37, 38, 82, 81, 38, 39, 83, 82, 39, 40, 84, 83, 40, 41, 85, 84, 41, 42, 86, 85, 42, 43, 87, 86]
            uniform token subdivisionScheme = "none"
        }

        def Mesh "Road_777"
        {
            point3f[] points = [(822.4234, -535.2852, 7.7070), (822.2130, -535.1989, 7.7070), (821.6485, -534.9119, 7.7070), (819.8402, -533.7731, 7.6980), (818.1834, -532.4312, 7.7030), (817.4200, -531.7470, 7.7030), (815.9366, -530.3311, 7.7280), (814.4994, -528.8473, 7.7740), (813.1218, -527.3165, 7.7730), (811.9317, -525.8947, 7.7730), (808.2723, -521.1215, 7.8080), (807.6962, -520.3730, 7.8080), (802.5863, -514.2331, 7.8340), (802.1591, -513.7293, 7.8620), (797.0679, -507.5588, 7.9250), (796.2559, -506.5611, 7.9660), (792.4601, -501.9224, 8.0240), (791.6837, -500.9902, 8.0660), (789.1164, -497.9213, 8.0730), (788.3831, -497.0297, 8.0820), (787.5300, -495.9487, 8.0820), (823.6284, -531.9992, 7.7070), (823.7370, -532.0482, 7.7070), (823.4531, -531.9130, 7.7070), (821.8778, -530.9274, 7.6980), (820.4322, -529.7493, 7.7030), (819.8115, -529.1915, 7.7030), (818.4023, -527.8471, 7.7280), (817.0577, -526.4588, 7.7740), (815.7621, -525.0189, 7.7730), (814.6883, -523.7381, 7.7730), (811.0491, -518.9909, 7.8080), (810.3957, -518.1452, 7.8080), (805.2749, -511.9923, 7.8340), (804.8565, -511.4990, 7.8620), (799.7696, -505.3339, 7.9250), (798.9657, -504.3459, 7.9660), (795.1655, -499.7019, 8.0240), (794.3694, -498.7458, 8.0660), (791.8049, -495.6804, 8.0730), (791.1107, -494.8365, 8.0820), (790.2777, -493.7807, 8.0820)]
            int[] faceVertexCounts = [4, 4, 4, 4, 4, 4, 4, 4, 4, 4, 4, 4, 4, 4, 4, 4, 4, 4, 4, 4]
            int[] faceVertexIndices = [0, 1, 22, 21, 1, 2, 23, 22, 2, 3, 24, 23, 3, 4, 25, 24, 4, 5, 26, 25, 5, 6, 27, 26, 6, 7, 28, 27, 7, 8, 29, 28, 8, 9, 30, 29, 9, 10, 31, 30, 10, 11, 32, 31, 11, 12, 33, 32, 12, 13, 34, 33, 13, 14, 35, 34, 14, 15, 36, 35, 15, 16, 37, 36, 16, 17, 38, 37, 17, 18, 39, 38, 18, 19, 40, 39, 19, 20, 41, 40]
            uniform token subdivisionScheme = "none"
        }

        def Mesh "Road_778"
        {
            point3f[] points = [(1504.3585, -378.8939, 6.4990), (1491.4414, -377.6832, 6.5850), (1504.6851, -375.4092, 6.4990), (1491.7680, -374.1985, 6.5850)]
            int[] faceVertexCounts = [4]
            int[] faceVertexIndices = [0, 1, 3, 2]
            uniform token subdivisionScheme = "none"
        }

        def Mesh "Road_779"
        {
            point3f[] points = [(127.8398, -72.3857, 4.0540), (128.4111, -70.9227, 4.1040), (131.3282, -63.4745, 4.0830), (131.9823, -61.8320, 4.0280), (136.4612, -50.7038, 3.8380), (137.0848, -49.1581, 3.8010), (138.6076, -45.4542, 3.7980), (138.9095, -44.7417, 3.7810), (142.0079, -37.3913, 3.6970), (142.6423, -35.6210, 3.7180), (143.2032, -33.7896, 3.6700), (143.6691, -31.9396, 3.6480), (144.0346, -30.0729, 3.6190), (144.2953, -28.1722, 3.6500), (144.3755, -27.2644, 3.6440), (144.4138, -25.4032, 3.6480), (144.2573, -23.6485, 3.6300), (143.8148, -21.9317, 3.5850), (143.5131, -21.1913, 3.5850), (142.6229, -19.5958, 3.5980), (141.5418, -18.0740, 3.6120), (140.8428, -17.2003, 3.6120), (139.5804, -15.7575, 3.6020), (136.8296, -12.8941, 3.6040), (131.1002, -73.6586, 4.0540), (131.6702, -72.1985, 4.1040), (134.5858, -64.7543, 4.0830), (135.2297, -63.1373, 4.0280), (139.7080, -52.0110, 3.8380), (140.3245, -50.4826, 3.8010), (141.8424, -46.7907, 3.7980), (142.1345, -46.1017, 3.7810), (145.2476, -38.7157, 3.6970), (145.9636, -36.7251, 3.7180), (146.5746, -34.7296, 3.6700), (147.0847, -32.7033, 3.6480), (147.4871, -30.6476, 3.6190), (147.7703, -28.5898, 3.6500), (147.8723, -27.4138, 3.6440), (147.9115, -25.2787, 3.6480), (147.7066, -23.0551, 3.6300), (147.1605, -20.9038, 3.5850), (146.6405, -19.6198, 3.5850), (145.5827, -17.7278, 3.5980), (144.3521, -15.9877, 3.6120), (143.5150, -14.9400, 3.6120), (142.1416, -13.3720, 3.6020), (139.3537, -10.4695, 3.6040)]
            int[] faceVertexCounts = [4, 4, 4, 4, 4, 4, 4, 4, 4, 4, 4, 4, 4, 4, 4, 4, 4, 4, 4, 4, 4, 4, 4]
            int[] faceVertexIndices = [0, 1, 25, 24, 1, 2, 26, 25, 2, 3, 27, 26, 3, 4, 28, 27, 4, 5, 29, 28, 5, 6, 30, 29, 6, 7, 31, 30, 7, 8, 32, 31, 8, 9, 33, 32, 9, 10, 34, 33, 10, 11, 35, 34, 11, 12, 36, 35, 12, 13, 37, 36, 13, 14, 38, 37, 14, 15, 39, 38, 15, 16, 40, 39, 16, 17, 41, 40, 17, 18, 42, 41, 18, 19, 43, 42, 19, 20, 44, 43, 20, 21, 45, 44, 21, 22, 46, 45, 22, 23, 47, 46]
            uniform token subdivisionScheme = "none"
        }

        def Mesh "Road_780"
        {
            point3f[] points = [(1112.4705, -595.1460, 6.8860), (1105.0484, -592.5261, 7.1030), (1113.6355, -591.8455, 6.8860), (1106.2134, -589.2257, 7.1030)]
            int[] faceVertexCounts = [4]
            int[] faceVertexIndices = [0, 1, 3, 2]
            uniform token subdivisionScheme = "none"
        }

        def Mesh "Road_781"
        {
            point3f[] points = [(2103.2263, -1629.0060, 7.4760), (2116.8974, -1596.1707, 8.6370), (2106.4575, -1630.3513, 7.4760), (2120.1285, -1597.5160, 8.6370)]
            int[] faceVertexCounts = [4]
            int[] faceVertexIndices = [0, 1, 3, 2]
            uniform token subdivisionScheme = "none"
        }

        def Mesh "Road_782"
        {
            point3f[] points = [(1364.8288, -1449.5835, 8.2780), (1361.9038, -1437.7487, 8.0840), (1359.9423, -1430.0149, 8.4580), (1359.4112, -1428.1763, 8.7360), (1358.7989, -1426.3586, 8.9100), (1358.0987, -1424.5779, 9.0630), (1357.2987, -1422.7995, 9.4820), (1357.1920, -1422.5793, 9.4820), (1356.2937, -1420.8747, 9.7000), (1351.2514, -1412.2542, 10.6590), (1350.8806, -1411.5386, 10.6590), (1350.0089, -1409.6797, 10.8150), (1349.2030, -1407.7456, 11.0980), (1347.8273, -1403.9225, 11.5050), (1345.9854, -1398.1917, 12.1690), (1345.6114, -1397.0581, 12.2970), (1343.5730, -1391.4311, 12.5340), (1343.0541, -1390.0605, 12.6500), (1368.2265, -1448.7438, 8.2780), (1365.2995, -1436.9007, 8.0840), (1363.3291, -1429.1323, 8.4580), (1362.7517, -1427.1317, 8.7360), (1362.0869, -1425.1591, 8.9100), (1361.3244, -1423.2196, 9.0630), (1360.4848, -1421.3507, 9.4820), (1360.2953, -1420.9608, 9.4820), (1359.3276, -1419.1296, 9.7000), (1354.2785, -1410.4972, 10.6590), (1354.0351, -1410.0222, 10.6590), (1353.2092, -1408.2626, 10.8150), (1352.4762, -1406.5061, 11.0980), (1351.1444, -1402.8057, 11.5050), (1349.3161, -1397.1161, 12.1690), (1348.9079, -1395.8821, 12.2970), (1346.8603, -1390.2297, 12.5340), (1346.3274, -1388.8215, 12.6500)]
            int[] faceVertexCounts = [4, 4, 4, 4, 4, 4, 4, 4, 4, 4, 4, 4, 4, 4, 4, 4, 4]
            int[] faceVertexIndices = [0, 1, 19, 18, 1, 2, 20, 19, 2, 3, 21, 20, 3, 4, 22, 21, 4, 5, 23, 22, 5, 6, 24, 23, 6, 7, 25, 24, 7, 8, 26, 25, 8, 9, 27, 26, 9, 10, 28, 27, 10, 11, 29, 28, 11, 12, 30, 29, 12, 13, 31, 30, 13, 14, 32, 31, 14, 15, 33, 32, 15, 16, 34, 33, 16, 17, 35, 34]
            uniform token subdivisionScheme = "none"
        }

        def Mesh "Road_783"
        {
            point3f[] points = [(656.8919, -252.7286, 5.1820), (659.0176, -245.0231, 5.1930), (659.3739, -243.6452, 5.2220), (663.1990, -228.1164, 5.2660), (663.3645, -227.5127, 5.2350), (667.3611, -214.1020, 5.2060), (667.5443, -213.4468, 5.1520), (670.8287, -199.8490, 5.1820), (670.9869, -199.1656, 5.1610), (674.7447, -183.6203, 5.0580), (674.8165, -183.2868, 5.0580), (677.7544, -169.3486, 4.9530), (680.2164, -159.6220, 4.9220), (680.2463, -159.4666, 4.9220), (680.5525, -157.5577, 4.9270), (680.7284, -155.7090, 4.9180), (680.7211, -153.8267, 4.8900), (680.6867, -153.4030, 4.8900), (680.4023, -151.5426, 4.8690), (679.9331, -149.7251, 4.8850), (679.3697, -147.8479, 4.9020), (679.2287, -147.3988, 4.9020), (660.2659, -253.6593, 5.1820), (662.3939, -245.9455, 5.1930), (662.7715, -244.4856, 5.2220), (666.5967, -228.9564, 5.2660), (666.7195, -228.5096, 5.2350), (670.7163, -215.0985, 5.2060), (670.9450, -214.2747, 5.1520), (674.2313, -200.6692, 5.1820), (674.3892, -199.9866, 5.1610), (678.1472, -184.4407, 5.0580), (678.2412, -184.0091, 5.0580), (681.1667, -170.1272, 4.9530), (683.6107, -160.4759, 4.9220), (683.6996, -160.0369, 4.9220), (684.0246, -157.9989, 4.9270), (684.2248, -155.8687, 4.9180), (684.2204, -153.7521, 4.8900), (684.1547, -152.9304, 4.8900), (683.8310, -150.8397, 4.8690), (683.3048, -148.7864, 4.8850), (682.7197, -146.8342, 4.9020), (682.5682, -146.3512, 4.9020)]
            int[] faceVertexCounts = [4, 4, 4, 4, 4, 4, 4, 4, 4, 4, 4, 4, 4, 4, 4, 4, 4, 4, 4, 4, 4]
            int[] faceVertexIndices = [0, 1, 23, 22, 1, 2, 24, 23, 2, 3, 25, 24, 3, 4, 26, 25, 4, 5, 27, 26, 5, 6, 28, 27, 6, 7, 29, 28, 7, 8, 30, 29, 8, 9, 31, 30, 9, 10, 32, 31, 10, 11, 33, 32, 11, 12, 34, 33, 12, 13, 35, 34, 13, 14, 36, 35, 14, 15, 37, 36, 15, 16, 38, 37, 16, 17, 39, 38, 17, 18, 40, 39, 18, 19, 41, 40, 19, 20, 42, 41, 20, 21, 43, 42]
            uniform token subdivisionScheme = "none"
        }

        def Mesh "Road_784"
        {
            point3f[] points = [(1426.0129, -612.7136, 6.8590), (1332.3691, -572.8284, 6.7250), (1325.8907, -570.8512, 6.7240), (1320.2174, -570.0215, 6.6490), (1310.4644, -570.8469, 6.6800), (1298.3831, -574.4433, 6.6560), (1274.8446, -582.8029, 6.5410), (1256.4668, -588.8736, 6.5380), (1427.3844, -609.4935, 6.8590), (1333.7185, -569.5990, 6.7250), (1326.6733, -567.4398, 6.7240), (1320.2204, -566.5215, 6.6490), (1309.7729, -567.4159, 6.6800), (1297.2706, -571.1249, 6.6560), (1273.7053, -579.4935, 6.5410), (1255.3690, -585.5502, 6.5380)]
            int[] faceVertexCounts = [4, 4, 4, 4, 4, 4, 4]
            int[] faceVertexIndices = [0, 1, 9, 8, 1, 2, 10, 9, 2, 3, 11, 10, 3, 4, 12, 11, 4, 5, 13, 12, 5, 6, 14, 13, 6, 7, 15, 14]
            uniform token subdivisionScheme = "none"
        }

        def Mesh "Road_785"
        {
            point3f[] points = [(57.2198, -680.7195, 4.6310), (57.5807, -679.2100, 4.6000), (58.0112, -677.2997, 4.6450), (58.3663, -675.4224, 4.8190), (58.5966, -673.5100, 4.8040), (58.6193, -673.2185, 4.8040), (58.6842, -670.0965, 4.8690), (60.6239, -681.5332, 4.6310), (60.9907, -679.9987, 4.6000), (61.4386, -678.0090, 4.6450), (61.8252, -675.9573, 4.8190), (62.0746, -673.9016, 4.8040), (62.1179, -673.3147, 4.8040), (62.1834, -670.1693, 4.8690)]
            int[] faceVertexCounts = [4, 4, 4, 4, 4, 4]
            int[] faceVertexIndices = [0, 1, 8, 7, 1, 2, 9, 8, 2, 3, 10, 9, 3, 4, 11, 10, 4, 5, 12, 11, 5, 6, 13, 12]
            uniform token subdivisionScheme = "none"
        }

        def Mesh "Road_786"
        {
            point3f[] points = [(1194.0122, -244.2515, 6.8410), (1197.6032, -225.8753, 6.3860), (1197.4473, -244.9227, 6.8410), (1201.0382, -226.5465, 6.3860)]
            int[] faceVertexCounts = [4]
            int[] faceVertexIndices = [0, 1, 3, 2]
            uniform token subdivisionScheme = "none"
        }

        def Mesh "Road_787"
        {
            point3f[] points = [(705.3695, -377.1396, 7.1840), (704.7238, -376.5552, 7.1840), (703.2238, -375.3078, 7.0460), (702.0347, -374.3887, 6.9590), (698.8329, -371.9558, 6.8060), (697.2095, -370.6016, 6.7000), (695.6646, -369.1127, 6.5920), (694.2663, -367.4797, 6.5470), (693.3885, -366.2281, 6.5120), (692.3235, -364.3652, 6.4430), (691.4403, -362.4165, 6.3450), (689.9639, -358.6699, 6.3410), (707.7160, -374.5427, 7.1840), (706.9962, -373.8932, 7.1840), (705.4197, -372.5823, 7.0460), (704.1587, -371.6069, 6.9590), (700.9922, -369.2012, 6.8060), (699.5456, -367.9954, 6.7000), (698.2110, -366.7115, 6.5920), (697.0112, -365.3082, 6.5470), (696.3606, -364.3797, 6.5120), (695.4402, -362.7727, 6.4430), (694.6750, -361.0797, 6.3450), (693.2202, -357.3868, 6.3410)]
            int[] faceVertexCounts = [4, 4, 4, 4, 4, 4, 4, 4, 4, 4, 4]
            int[] faceVertexIndices = [0, 1, 13, 12, 1, 2, 14, 13, 2, 3, 15, 14, 3, 4, 16, 15, 4, 5, 17, 16, 5, 6, 18, 17, 6, 7, 19, 18, 7, 8, 20, 19, 8, 9, 21, 20, 9, 10, 22, 21, 10, 11, 23, 22]
            uniform token subdivisionScheme = "none"
        }

        def Mesh "Road_788"
        {
            point3f[] points = [(750.1186, -448.2423, 9.8110), (749.2254, -446.7574, 9.8740), (746.2727, -441.5185, 9.9890), (745.9606, -440.9155, 10.0050), (744.1948, -437.2727, 10.0880), (741.7984, -431.7374, 9.8410), (741.2673, -430.4721, 9.8490), (753.1174, -446.4373, 9.8110), (752.2636, -445.0198, 9.8740), (749.3272, -439.8098, 9.9890), (749.1049, -439.3783, 10.0050), (747.3824, -435.8273, 10.0880), (745.0133, -430.3536, 9.8410), (744.4945, -429.1176, 9.8490)]
            int[] faceVertexCounts = [4, 4, 4, 4, 4, 4]
            int[] faceVertexIndices = [0, 1, 8, 7, 1, 2, 9, 8, 2, 3, 10, 9, 3, 4, 11, 10, 4, 5, 12, 11, 5, 6, 13, 12]
            uniform token subdivisionScheme = "none"
        }

        def Mesh "Road_789"
        {
            point3f[] points = [(60.0485, -671.8399, 4.8690), (48.4269, -669.2167, 4.8110), (34.6708, -665.9910, 4.7090), (19.1408, -662.2715, 4.9260), (13.3237, -661.2180, 4.7750), (11.4021, -660.9352, 4.8120), (9.7722, -660.7225, 4.7780), (4.7543, -660.2513, 4.8280), (60.8191, -668.4258, 4.8690), (49.2129, -665.8061, 4.8110), (35.4784, -662.5855, 4.7090), (19.9043, -658.8558, 4.9260), (13.9197, -657.7691, 4.7750), (11.8855, -657.4688, 4.8120), (10.1309, -657.2409, 4.7780), (5.0816, -656.7666, 4.8280)]
            int[] faceVertexCounts = [4, 4, 4, 4, 4, 4, 4]
            int[] faceVertexIndices = [0, 1, 9, 8, 1, 2, 10, 9, 2, 3, 11, 10, 3, 4, 12, 11, 4, 5, 13, 12, 5, 6, 14, 13, 6, 7, 15, 14]
            uniform token subdivisionScheme = "none"
        }

        def Mesh "Road_790"
        {
            point3f[] points = [(179.7755, -90.5869, 5.2230), (183.6015, -89.5320, 5.0410), (185.3009, -88.9663, 5.0410), (187.0656, -88.2802, 4.5610), (190.7060, -86.6352, 4.7910), (180.7061, -93.9609, 5.2230), (184.5883, -92.8900, 5.0410), (186.4903, -92.2580, 5.0410), (188.4501, -91.4948, 4.5610), (192.1471, -89.8248, 4.7910)]
            int[] faceVertexCounts = [4, 4, 4, 4]
            int[] faceVertexIndices = [0, 1, 6, 5, 1, 2, 7, 6, 2, 3, 8, 7, 3, 4, 9, 8]
            uniform token subdivisionScheme = "none"
        }

        def Mesh "Road_791"
        {
            point3f[] points = [(1761.8656, -330.4502, 4.1630), (1787.7252, -327.8520, 3.5690), (1789.2714, -327.7380, 3.5690), (1805.2452, -326.8660, 3.1890), (1807.2371, -326.7765, 3.1630), (1762.2155, -333.9327, 4.1630), (1788.0700, -331.3350, 3.5690), (1789.4678, -331.2325, 3.5690), (1805.4323, -330.3610, 3.1890), (1807.3941, -330.2730, 3.1630)]
            int[] faceVertexCounts = [4, 4, 4, 4]
            int[] faceVertexIndices = [0, 1, 6, 5, 1, 2, 7, 6, 2, 3, 8, 7, 3, 4, 9, 8]
            uniform token subdivisionScheme = "none"
        }

        def Mesh "Road_792"
        {
            point3f[] points = [(281.6404, -59.9424, 4.1440), (277.8132, -50.5100, 3.8530), (284.8836, -58.6265, 4.1440), (281.0564, -49.1941, 3.8530)]
            int[] faceVertexCounts = [4]
            int[] faceVertexIndices = [0, 1, 3, 2]
            uniform token subdivisionScheme = "none"
        }

        def Mesh "Road_793"
        {
            point3f[] points = [(1419.0007, -351.9242, 6.0060), (1424.8129, -307.7605, 5.5580), (1430.3862, -265.9097, 5.5400), (1430.4894, -265.1357, 5.5680), (1422.4708, -352.3809, 6.0060), (1428.2826, -308.2197, 5.5580), (1433.8555, -266.3717, 5.5400), (1433.9587, -265.5985, 5.5680)]
            int[] faceVertexCounts = [4, 4, 4]
            int[] faceVertexIndices = [0, 1, 5, 4, 1, 2, 6, 5, 2, 3, 7, 6]
            uniform token subdivisionScheme = "none"
        }

        def Mesh "Road_794"
        {
            point3f[] points = [(1183.8197, -223.6915, 6.3790), (1183.1950, -223.5637, 6.3750), (1171.4217, -221.3039, 6.4160), (1170.0357, -221.0744, 6.3980), (1164.1559, -220.2088, 6.3990), (1154.2479, -219.1932, 6.3290), (1152.9609, -219.1027, 6.3120), (1144.9614, -218.5123, 6.2840), (1142.8406, -218.2119, 6.2860), (1140.7802, -217.8017, 6.2750), (1138.7397, -217.2645, 6.3030), (1136.7313, -216.5919, 6.3450), (1134.7980, -215.7881, 6.3660), (1133.9027, -215.3490, 6.3950), (1132.0882, -214.3461, 6.3900), (1126.9554, -211.2494, 6.2910), (1125.3010, -210.3497, 6.2730), (1123.6251, -209.5761, 6.2480), (1121.8326, -208.9704, 6.2370), (1120.0644, -208.5715, 6.2390), (1118.2703, -208.3611, 6.2790), (1116.4322, -208.3592, 6.3390), (1115.4194, -208.4503, 6.3440), (1113.5862, -208.7676, 6.3330), (1111.7933, -209.2574, 6.3480), (1108.0236, -210.4947, 6.4120), (1184.5201, -220.2623, 6.3790), (1183.8569, -220.1269, 6.3750), (1172.0720, -217.8649, 6.4160), (1170.5575, -217.6135, 6.3980), (1164.5701, -216.7334, 6.3990), (1154.5920, -215.7101, 6.3290), (1153.2170, -215.6121, 6.3120), (1145.2664, -215.0256, 6.2840), (1143.4293, -214.7618, 6.2860), (1141.5675, -214.3914, 6.2750), (1139.7413, -213.9109, 6.3030), (1137.9601, -213.3148, 6.3450), (1136.2034, -212.5827, 6.3660), (1135.5505, -212.2612, 6.3950), (1133.8676, -211.3321, 6.3900), (1128.7298, -208.2325, 6.2910), (1126.8701, -207.2212, 6.2730), (1124.9162, -206.3229, 6.2480), (1122.7826, -205.6018, 6.2370), (1120.6537, -205.1214, 6.2390), (1118.4775, -204.8672, 6.2790), (1116.3191, -204.8611, 6.3390), (1114.9282, -204.9849, 6.3440), (1112.8255, -205.3513, 6.3330), (1110.7586, -205.9138, 6.3480), (1106.9323, -207.1692, 6.4120)]
            int[] faceVertexCounts = [4, 4, 4, 4, 4, 4, 4, 4, 4, 4, 4, 4, 4, 4, 4, 4, 4, 4, 4, 4, 4, 4, 4, 4, 4]
            int[] faceVertexIndices = [0, 1, 27, 26, 1, 2, 28, 27, 2, 3, 29, 28, 3, 4, 30, 29, 4, 5, 31, 30, 5, 6, 32, 31, 6, 7, 33, 32, 7, 8, 34, 33, 8, 9, 35, 34, 9, 10, 36, 35, 10, 11, 37, 36, 11, 12, 38, 37, 12, 13, 39, 38, 13, 14, 40, 39, 14, 15, 41, 40, 15, 16, 42, 41, 16, 17, 43, 42, 17, 18, 44, 43, 18, 19, 45, 44, 19, 20, 46, 45, 20, 21, 47, 46, 21, 22, 48, 47, 22, 23, 49, 48, 23, 24, 50, 49, 24, 25, 51, 50]
            uniform token subdivisionScheme = "none"
        }

        def Mesh "Road_795"
        {
            point3f[] points = [(320.6107, -711.1575, 5.8870), (320.7903, -710.1087, 5.8870), (324.3764, -688.4245, 5.7620), (326.7598, -672.4423, 5.5540), (324.0606, -711.7480, 5.8870), (324.2432, -710.6806, 5.8870), (327.8332, -688.9723, 5.7620), (330.2215, -672.9586, 5.5540)]
            int[] faceVertexCounts = [4, 4, 4]
            int[] faceVertexIndices = [0, 1, 5, 4, 1, 2, 6, 5, 2, 3, 7, 6]
            uniform token subdivisionScheme = "none"
        }

        def Mesh "Road_796"
        {
            point3f[] points = [(116.9626, -690.5999, 4.4590), (113.4373, -688.7792, 4.4380), (111.6893, -687.9909, 4.4270), (111.0378, -687.7268, 4.4000), (109.2225, -687.0785, 4.3850), (107.4038, -686.5479, 4.3890), (105.5559, -686.1263, 4.3670), (103.7197, -685.8184, 4.3660), (99.8384, -685.4580, 4.3960), (91.8860, -685.1208, 4.4720), (90.1661, -685.0841, 4.4720), (72.1598, -684.3463, 4.4350), (64.1290, -683.5969, 4.5440), (62.7206, -683.4310, 4.5840), (58.7507, -682.8718, 4.6310), (58.6250, -682.8510, 4.6310), (118.5685, -687.4901, 4.4590), (114.9886, -685.6417, 4.4380), (113.0938, -684.7851, 4.4270), (112.2538, -684.4448, 4.4000), (110.3012, -683.7489, 4.3850), (108.2836, -683.1602, 4.3890), (106.2336, -682.6925, 4.3670), (104.1275, -682.3423, 4.3660), (100.0451, -681.9641, 4.3960), (92.0213, -681.6234, 4.4720), (90.3034, -681.5868, 4.4720), (72.3592, -680.8520, 4.4350), (64.4668, -680.1132, 4.5440), (63.1889, -679.9625, 4.5840), (59.2408, -679.4063, 4.6310), (59.2187, -679.4017, 4.6310)]
            int[] faceVertexCounts = [4, 4, 4, 4, 4, 4, 4, 4, 4, 4, 4, 4, 4, 4, 4]
            int[] faceVertexIndices = [0, 1, 17, 16, 1, 2, 18, 17, 2, 3, 19, 18, 3, 4, 20, 19, 4, 5, 21, 20, 5, 6, 22, 21, 6, 7, 23, 22, 7, 8, 24, 23, 8, 9, 25, 24, 9, 10, 26, 25, 10, 11, 27, 26, 11, 12, 28, 27, 12, 13, 29, 28, 13, 14, 30, 29, 14, 15, 31, 30]
            uniform token subdivisionScheme = "none"
        }

        def Mesh "Road_797"
        {
            point3f[] points = [(1938.1454, -1717.0075, 7.3310), (1935.1608, -1711.8158, 7.3220), (1934.6186, -1710.9352, 7.3100), (1931.3863, -1705.8612, 7.2630), (1930.3423, -1704.0111, 7.2480), (1929.4318, -1702.1329, 7.2230), (1929.0062, -1701.1068, 7.2380), (1928.3234, -1699.1134, 7.2590), (1927.7974, -1697.0419, 7.2730), (1927.4312, -1694.9253, 7.2040), (1926.7522, -1688.7592, 7.3030), (1941.1797, -1715.2631, 7.3310), (1938.1870, -1710.0574, 7.3220), (1937.5750, -1709.0618, 7.3100), (1934.3632, -1704.0205, 7.2630), (1933.4431, -1702.3877, 7.2480), (1932.6098, -1700.6665, 7.2230), (1932.2928, -1699.9033, 7.2380), (1931.6777, -1698.1140, 7.2590), (1931.2204, -1696.3119, 7.2730), (1930.9039, -1694.4896, 7.2040), (1930.2312, -1688.3762, 7.3030)]
            int[] faceVertexCounts = [4, 4, 4, 4, 4, 4, 4, 4, 4, 4]
            int[] faceVertexIndices = [0, 1, 12, 11, 1, 2, 13, 12, 2, 3, 14, 13, 3, 4, 15, 14, 4, 5, 16, 15, 5, 6, 17, 16, 6, 7, 18, 17, 7, 8, 19, 18, 8, 9, 20, 19, 9, 10, 21, 20]
            uniform token subdivisionScheme = "none"
        }

        def Mesh "Road_798"
        {
            point3f[] points = [(1192.7293, -252.7636, 6.6400), (1193.9993, -244.3266, 6.8410), (1196.1903, -253.2845, 6.6400), (1197.4603, -244.8476, 6.8410)]
            int[] faceVertexCounts = [4]
            int[] faceVertexIndices = [0, 1, 3, 2]
            uniform token subdivisionScheme = "none"
        }

        def Mesh "Road_799"
        {
            point3f[] points = [(1091.9610, -1196.0123, 6.2680), (1091.3462, -1194.8063, 6.2110), (1089.4924, -1191.2810, 6.1890), (1088.8967, -1190.2088, 6.1890), (1086.8958, -1186.7555, 6.2820), (1095.0790, -1194.4223, 6.2680), (1094.4492, -1193.1873, 6.2110), (1092.5811, -1189.6348, 6.1890), (1091.9328, -1188.4674, 6.1890), (1089.9241, -1185.0008, 6.2820)]
            int[] faceVertexCounts = [4, 4, 4, 4]
            int[] faceVertexIndices = [0, 1, 6, 5, 1, 2, 7, 6, 2, 3, 8, 7, 3, 4, 9, 8]
            uniform token subdivisionScheme = "none"
        }

        def Mesh "Road_800"
        {
            point3f[] points = [(951.7413, -1294.4173, 5.2400), (947.5802, -1283.5417, 5.3040), (955.0102, -1293.1666, 5.2400), (950.8491, -1282.2909, 5.3040)]
            int[] faceVertexCounts = [4]
            int[] faceVertexIndices = [0, 1, 3, 2]
            uniform token subdivisionScheme = "none"
        }

        def Mesh "Road_801"
        {
            point3f[] points = [(2039.3246, -1647.8313, 6.4480), (2039.8713, -1647.1607, 6.2880), (2046.1874, -1639.4125, 5.7900), (2047.9406, -1637.2624, 5.6660), (2050.6243, -1634.1096, 5.5020), (2051.2106, -1633.4409, 5.3400), (2052.5925, -1631.9144, 5.3230), (2054.0630, -1630.4654, 5.2200), (2054.4476, -1630.1219, 5.1650), (2055.9627, -1628.8155, 5.0690), (2057.6576, -1627.3458, 4.8970), (2058.5359, -1626.6875, 4.7830), (2060.1932, -1625.5357, 4.7830), (2060.6708, -1625.2039, 4.6140), (2062.3638, -1624.0539, 4.6140), (2063.7042, -1623.2529, 4.5070), (2065.5222, -1622.2922, 4.3500), (2066.7431, -1621.6897, 4.2360), (2070.4094, -1620.0233, 4.0880), (2071.8288, -1619.4361, 3.9590), (2073.7911, -1618.7136, 3.8260), (2076.0816, -1618.0433, 3.7190), (2078.0989, -1617.5528, 3.6060), (2082.3350, -1616.6513, 3.3580), (2084.3652, -1616.3098, 3.2650), (2084.9132, -1616.2304, 3.2650), (2088.8965, -1615.7616, 3.1140), (2089.2414, -1615.7451, 3.1140), (2042.0372, -1650.0430, 6.4480), (2042.5841, -1649.3722, 6.2880), (2048.9002, -1641.6239, 5.7900), (2050.6250, -1639.5084, 5.6660), (2053.2838, -1636.3849, 5.5020), (2053.8169, -1635.7769, 5.3400), (2055.1192, -1634.3363, 5.3230), (2056.4963, -1632.9811, 5.2200), (2056.7398, -1632.7668, 5.1650), (2058.2525, -1631.4626, 5.0690), (2059.8917, -1630.0400, 4.8970), (2060.5652, -1629.5392, 4.7830), (2062.1906, -1628.4098, 4.7830), (2062.6447, -1628.0941, 4.6140), (2064.2595, -1626.9961, 4.6140), (2065.4068, -1626.3108, 4.5070), (2067.1237, -1625.4043, 4.3500), (2068.2162, -1624.8645, 4.2360), (2071.8284, -1623.2227, 4.0880), (2073.0932, -1622.6997, 3.9590), (2074.8804, -1622.0398, 3.8260), (2076.9917, -1621.4229, 3.7190), (2078.8587, -1620.9693, 3.6060), (2083.0163, -1620.0844, 3.3580), (2084.9299, -1619.7639, 3.2650), (2085.3325, -1619.7052, 3.2650), (2089.2912, -1619.2393, 3.1140), (2089.3485, -1619.2435, 3.1140)]
            int[] faceVertexCounts = [4, 4, 4, 4, 4, 4, 4, 4, 4, 4, 4, 4, 4, 4, 4, 4, 4, 4, 4, 4, 4, 4, 4, 4, 4, 4, 4]
            int[] faceVertexIndices = [0, 1, 29, 28, 1, 2, 30, 29, 2, 3, 31, 30, 3, 4, 32, 31, 4, 5, 33, 32, 5, 6, 34, 33, 6, 7, 35, 34, 7, 8, 36, 35, 8, 9, 37, 36, 9, 10, 38, 37, 10, 11, 39, 38, 11, 12, 40, 39, 12, 13, 41, 40, 13, 14, 42, 41, 14, 15, 43, 42, 15, 16, 44, 43, 16, 17, 45, 44, 17, 18, 46, 45, 18, 19, 47, 46, 19, 20, 48, 47, 20, 21, 49, 48, 21, 22, 50, 49, 22, 23, 51, 50, 23, 24, 52, 51, 24, 25, 53, 52, 25, 26, 54, 53, 26, 27, 55, 54]
            uniform token subdivisionScheme = "none"
        }

        def Mesh "Road_802"
        {
            point3f[] points = [(2059.7004, -1108.0091, 6.5320), (2045.0674, -1106.5751, 6.5680), (2031.4105, -1105.2567, 6.6520), (2060.0417, -1104.5258, 6.5320), (2045.4063, -1103.0916, 6.5680), (2031.7468, -1101.7729, 6.6520)]
            int[] faceVertexCounts = [4, 4]
            int[] faceVertexIndices = [0, 1, 4, 3, 1, 2, 5, 4]
            uniform token subdivisionScheme = "none"
        }

        def Mesh "Road_803"
        {
            point3f[] points = [(1488.5793, -29.2364, 3.6910), (1486.1758, -26.7122, 3.6300), (1485.2009, -25.6614, 3.6300), (1477.1987, -16.7211, 3.5090), (1476.8987, -16.3695, 3.5090), (1474.0453, -12.9008, 3.3750), (1491.1140, -26.8229, 3.6910), (1488.7194, -24.3080, 3.6300), (1487.8044, -23.3223, 3.6300), (1479.8084, -14.3888, 3.5090), (1479.5985, -14.1422, 3.5090), (1476.7482, -10.6773, 3.3750)]
            int[] faceVertexCounts = [4, 4, 4, 4, 4]
            int[] faceVertexIndices = [0, 1, 7, 6, 1, 2, 8, 7, 2, 3, 9, 8, 3, 4, 10, 9, 4, 5, 11, 10]
            uniform token subdivisionScheme = "none"
        }

        def Mesh "Road_804"
        {
            point3f[] points = [(1983.7213, -1698.7898, 7.2990), (1984.1759, -1698.5445, 7.2990), (1992.8389, -1693.5993, 7.3110), (1994.4124, -1692.5752, 7.3070), (1995.9807, -1691.4589, 7.2760), (1997.4988, -1690.2774, 7.2570), (1998.9613, -1689.0352, 7.2310), (2000.4752, -1687.6217, 7.2250), (2006.0887, -1681.9380, 7.1690), (2006.9754, -1681.0979, 7.1350), (2011.4368, -1677.0799, 7.0710), (2012.8233, -1675.8323, 7.1010), (2017.2571, -1671.7950, 7.0500), (2018.1882, -1670.9515, 7.0190), (2021.1351, -1668.2741, 7.0120), (2024.2261, -1665.3627, 6.9760), (2024.8845, -1664.7107, 6.9760), (2026.2332, -1663.3335, 6.8910), (2031.5559, -1657.3894, 6.6510), (2031.7632, -1657.1456, 6.6510), (2039.3222, -1647.8342, 6.4480), (1985.3863, -1701.8684, 7.2990), (1985.9073, -1701.5862, 7.2990), (1994.6031, -1696.6221, 7.3110), (1996.3810, -1695.4690, 7.3070), (1998.0707, -1694.2663, 7.2760), (1999.7070, -1692.9929, 7.2570), (2001.2920, -1691.6463, 7.2310), (2002.9442, -1690.1025, 7.2250), (2008.5686, -1684.4078, 7.1690), (2009.3280, -1683.6894, 7.1350), (2013.7788, -1679.6808, 7.0710), (2015.1761, -1678.4235, 7.1010), (2019.6124, -1674.3839, 7.0500), (2020.5410, -1673.5428, 7.0190), (2023.5126, -1670.8426, 7.0120), (2026.6375, -1667.8994, 6.9760), (2027.3734, -1667.1715, 6.9760), (2028.8199, -1665.6913, 6.8910), (2034.1661, -1659.7211, 6.6510), (2034.4789, -1659.3536, 6.6510), (2042.0396, -1650.0401, 6.4480)]
            int[] faceVertexCounts = [4, 4, 4, 4, 4, 4, 4, 4, 4, 4, 4, 4, 4, 4, 4, 4, 4, 4, 4, 4]
            int[] faceVertexIndices = [0, 1, 22, 21, 1, 2, 23, 22, 2, 3, 24, 23, 3, 4, 25, 24, 4, 5, 26, 25, 5, 6, 27, 26, 6, 7, 28, 27, 7, 8, 29, 28, 8, 9, 30, 29, 9, 10, 31, 30, 10, 11, 32, 31, 11, 12, 33, 32, 12, 13, 34, 33, 13, 14, 35, 34, 14, 15, 36, 35, 15, 16, 37, 36, 16, 17, 38, 37, 17, 18, 39, 38, 18, 19, 40, 39, 19, 20, 41, 40]
            uniform token subdivisionScheme = "none"
        }

        def Mesh "Road_805"
        {
            point3f[] points = [(389.0790, -288.1792, 5.4600), (388.9342, -287.7607, 5.4600), (387.0619, -282.0364, 5.3740), (386.5375, -280.0566, 5.4210), (385.1327, -274.2663, 5.4230), (380.7400, -258.7102, 5.5970), (380.2621, -256.9723, 5.6310), (374.7164, -235.7262, 5.5570), (366.6599, -208.8187, 5.1730), (366.2654, -207.2382, 5.1240), (363.5041, -195.5650, 4.8950), (363.3604, -194.9997, 4.8950), (358.5785, -177.6524, 4.5340), (358.2623, -176.3449, 4.4920), (354.8146, -162.7881, 4.3430), (354.6624, -162.2906, 4.2950), (350.9707, -150.8758, 4.2110), (350.7826, -150.2234, 4.1860), (350.4733, -149.1483, 4.1860), (392.3860, -287.0330, 5.4600), (392.2595, -286.6688, 5.4600), (390.4036, -280.9955, 5.3740), (389.9346, -279.2143, 5.4210), (388.5104, -273.3490, 5.4230), (384.1090, -257.7614, 5.5970), (383.6478, -256.0850, 5.6310), (378.0846, -234.7748, 5.5570), (370.0153, -207.8230, 5.1730), (369.6704, -206.4282, 5.1240), (366.9094, -194.7563, 4.8950), (366.7352, -194.0719, 4.8950), (361.9547, -176.7296, 4.5340), (361.6553, -175.4858, 4.4920), (358.2050, -161.9188, 4.3430), (357.9936, -161.2166, 4.2950), (354.3027, -149.8043, 4.2110), (354.1464, -149.2564, 4.1860), (353.8367, -148.1803, 4.1860)]
            int[] faceVertexCounts = [4, 4, 4, 4, 4, 4, 4, 4, 4, 4, 4, 4, 4, 4, 4, 4, 4, 4]
            int[] faceVertexIndices = [0, 1, 20, 19, 1, 2, 21, 20, 2, 3, 22, 21, 3, 4, 23, 22, 4, 5, 24, 23, 5, 6, 25, 24, 6, 7, 26, 25, 7, 8, 27, 26, 8, 9, 28, 27, 9, 10, 29, 28, 10, 11, 30, 29, 11, 12, 31, 30, 12, 13, 32, 31, 13, 14, 33, 32, 14, 15, 34, 33, 15, 16, 35, 34, 16, 17, 36, 35, 17, 18, 37, 36]
            uniform token subdivisionScheme = "none"
        }

        def Mesh "Road_806"
        {
            point3f[] points = [(1488.4995, -26.9127, 3.6910), (1489.4089, -25.8161, 3.6020), (1490.7563, -24.2524, 3.4930), (1492.1943, -22.7660, 3.4830), (1492.7018, -22.2902, 3.4570), (1494.2837, -20.9408, 3.4570), (1495.9837, -19.6878, 3.3480), (1499.3187, -17.4396, 3.3830), (1491.1938, -29.1467, 3.6910), (1492.0786, -28.0795, 3.6020), (1493.3410, -26.6124, 3.4930), (1494.6828, -25.2271, 3.4830), (1495.0016, -24.9285, 3.4570), (1496.4594, -23.6823, 3.4570), (1497.9803, -22.5624, 3.3480), (1501.2750, -20.3418, 3.3830)]
            int[] faceVertexCounts = [4, 4, 4, 4, 4, 4, 4]
            int[] faceVertexIndices = [0, 1, 9, 8, 1, 2, 10, 9, 2, 3, 11, 10, 3, 4, 12, 11, 4, 5, 13, 12, 5, 6, 14, 13, 6, 7, 15, 14]
            uniform token subdivisionScheme = "none"
        }

        def Mesh "Road_807"
        {
            point3f[] points = [(1982.8551, -1700.7496, 7.2990), (1982.4643, -1699.1709, 7.3040), (1981.0672, -1693.3316, 7.3130), (1980.8240, -1692.2549, 7.3330), (1979.9782, -1688.3421, 7.3590), (1986.2525, -1699.9086, 7.2990), (1985.8669, -1698.3508, 7.3040), (1984.4727, -1692.5238, 7.3130), (1984.2436, -1691.5087, 7.3330), (1983.3991, -1687.6025, 7.3590)]
            int[] faceVertexCounts = [4, 4, 4, 4]
            int[] faceVertexIndices = [0, 1, 6, 5, 1, 2, 7, 6, 2, 3, 8, 7, 3, 4, 9, 8]
            uniform token subdivisionScheme = "none"
        }

        def Mesh "Road_808"
        {
            point3f[] points = [(903.9097, -1828.5562, 6.1330), (908.8233, -1825.8896, 2.1520), (913.8531, -1823.5713, 6.3350), (914.0131, -1823.5006, 6.3350), (905.5796, -1831.6321, 6.1330), (910.3918, -1829.0185, 2.1520), (915.3162, -1826.7508, 6.3350), (915.4225, -1826.7043, 6.3350)]
            int[] faceVertexCounts = [4, 4, 4]
            int[] faceVertexIndices = [0, 1, 5, 4, 1, 2, 6, 5, 2, 3, 7, 6]
            uniform token subdivisionScheme = "none"
        }

        def Mesh "Road_809"
        {
            point3f[] points = [(1111.0587, -254.1180, 6.3340), (1109.4019, -253.9081, 6.3690), (1105.4120, -253.3436, 6.4780), (1103.4903, -252.9809, 6.6080), (1101.3242, -252.3717, 6.6560), (1099.1747, -251.2456, 6.6380), (1097.3159, -249.4955, 6.6090), (1096.0273, -247.5258, 6.5690), (1095.1488, -245.5301, 6.5300), (1094.8674, -244.6869, 6.5300), (1094.3562, -242.5970, 6.5000), (1093.7923, -238.5760, 6.4740), (1093.7534, -238.2648, 6.4330), (1092.9053, -232.3281, 6.3970), (1111.4985, -250.6458, 6.3340), (1109.8773, -250.4405, 6.3690), (1105.9516, -249.8855, 6.4780), (1104.2891, -249.5733, 6.6080), (1102.6054, -249.1146, 6.6560), (1101.2146, -248.4015, 6.6380), (1099.9961, -247.2446, 6.6090), (1099.1085, -245.8656, 6.5690), (1098.3868, -244.2013, 6.5300), (1098.2484, -243.7823, 6.5300), (1097.8039, -241.9937, 6.5000), (1097.2590, -238.0944, 6.4740), (1097.2186, -237.7728, 6.4330), (1096.3701, -231.8331, 6.3970)]
            int[] faceVertexCounts = [4, 4, 4, 4, 4, 4, 4, 4, 4, 4, 4, 4, 4]
            int[] faceVertexIndices = [0, 1, 15, 14, 1, 2, 16, 15, 2, 3, 17, 16, 3, 4, 18, 17, 4, 5, 19, 18, 5, 6, 20, 19, 6, 7, 21, 20, 7, 8, 22, 21, 8, 9, 23, 22, 9, 10, 24, 23, 10, 11, 25, 24, 11, 12, 26, 25, 12, 13, 27, 26]
            uniform token subdivisionScheme = "none"
        }

        def Mesh "Road_810"
        {
            point3f[] points = [(145.0764, -101.1845, 4.5950), (142.1411, -95.7422, 4.4860), (139.2259, -90.5355, 4.4570), (138.2228, -88.8886, 4.4040), (137.2259, -87.3442, 4.4040), (133.7625, -82.4774, 4.2890), (132.6047, -80.8823, 4.2600), (128.0137, -73.9926, 4.0540), (148.1569, -99.5230, 4.5950), (145.2086, -94.0569, 4.4860), (142.2641, -88.7979, 4.4570), (141.1882, -87.0295, 4.4040), (140.0994, -85.3460, 4.4040), (136.6093, -80.4413, 4.2890), (135.5023, -78.9192, 4.2600), (130.9263, -72.0518, 4.0540)]
            int[] faceVertexCounts = [4, 4, 4, 4, 4, 4, 4]
            int[] faceVertexIndices = [0, 1, 9, 8, 1, 2, 10, 9, 2, 3, 11, 10, 3, 4, 12, 11, 4, 5, 13, 12, 5, 6, 14, 13, 6, 7, 15, 14]
            uniform token subdivisionScheme = "none"
        }

        def Mesh "Road_811"
        {
            point3f[] points = [(2112.9803, -1620.3540, 2.5930), (2112.4922, -1620.3147, 2.5930), (2108.8330, -1620.0219, 2.5500), (2106.9396, -1619.8737, 2.5500), (2102.9527, -1619.5523, 2.5500), (2099.0065, -1619.2359, 2.5500), (2094.7740, -1619.1056, 2.5500), (2093.1338, -1619.1213, 2.6810), (2089.3514, -1619.2434, 3.1140), (2113.2615, -1616.8653, 2.5930), (2112.7716, -1616.8258, 2.5930), (2109.1100, -1616.5329, 2.5500), (2107.2182, -1616.3849, 2.5500), (2103.2330, -1616.0636, 2.5500), (2099.1972, -1615.7411, 2.5500), (2094.8419, -1615.6063, 2.5500), (2093.0460, -1615.6224, 2.6810), (2089.2385, -1615.7452, 3.1140)]
            int[] faceVertexCounts = [4, 4, 4, 4, 4, 4, 4, 4]
            int[] faceVertexIndices = [0, 1, 10, 9, 1, 2, 11, 10, 2, 3, 12, 11, 3, 4, 13, 12, 4, 5, 14, 13, 5, 6, 15, 14, 6, 7, 16, 15, 7, 8, 17, 16]
            uniform token subdivisionScheme = "none"
        }

        def Mesh "Road_812"
        {
            point3f[] points = [(1091.2054, -219.7031, 6.4010), (1091.9911, -219.2705, 6.4010), (1093.4903, -218.1300, 6.3830), (1093.6589, -217.9728, 6.3830), (1094.9828, -216.5719, 6.3490), (1097.5996, -213.5664, 6.3730), (1098.0430, -213.1179, 6.3730), (1099.6103, -211.7207, 6.4120), (1101.3379, -210.4499, 6.3920), (1103.1206, -209.3249, 6.3850), (1106.6036, -207.3160, 6.4120), (1092.9181, -222.7554, 6.4010), (1093.9723, -222.1557, 6.4010), (1095.6551, -220.8802, 6.3830), (1096.1705, -220.4104, 6.3830), (1097.5911, -218.9057, 6.3490), (1100.2244, -215.8817, 6.3730), (1100.4029, -215.7026, 6.3730), (1101.8148, -214.4392, 6.4120), (1103.3091, -213.3420, 6.3920), (1104.9091, -212.3335, 6.3850), (1108.3522, -210.3479, 6.4120)]
            int[] faceVertexCounts = [4, 4, 4, 4, 4, 4, 4, 4, 4, 4]
            int[] faceVertexIndices = [0, 1, 12, 11, 1, 2, 13, 12, 2, 3, 14, 13, 3, 4, 15, 14, 4, 5, 16, 15, 5, 6, 17, 16, 6, 7, 18, 17, 7, 8, 19, 18, 8, 9, 20, 19, 9, 10, 21, 20]
            uniform token subdivisionScheme = "none"
        }

        def Mesh "Road_813"
        {
            point3f[] points = [(360.2311, -1037.5064, 6.0220), (369.1793, -1034.1433, 6.1140), (374.4086, -1032.3568, 6.0630), (384.7943, -1028.8078, 5.9940), (403.5093, -1021.1397, 6.0370), (419.6907, -1014.8852, 6.0740), (361.4624, -1040.7826, 6.0220), (370.3743, -1037.4330, 6.1140), (375.5405, -1035.6688, 6.0630), (386.0530, -1032.0736, 5.9940), (404.8063, -1024.3905, 6.0370), (420.9525, -1018.1499, 6.0740)]
            int[] faceVertexCounts = [4, 4, 4, 4, 4]
            int[] faceVertexIndices = [0, 1, 7, 6, 1, 2, 8, 7, 2, 3, 9, 8, 3, 4, 10, 9, 4, 5, 11, 10]
            uniform token subdivisionScheme = "none"
        }

        def Mesh "Road_814"
        {
            point3f[] points = [(367.4840, -7.9776, 4.1960), (367.0926, -7.1235, 4.1960), (365.3879, -3.5248, 3.9530), (364.8749, -2.5141, 4.0120), (362.9950, 1.0052, 0.3000), (370.6657, -6.5192, 4.1960), (370.2593, -5.6328, 4.1960), (368.5415, -2.0067, 3.9530), (367.9701, -0.8801, 4.0120), (366.0821, 2.6543, 0.3000)]
            int[] faceVertexCounts = [4, 4, 4, 4]
            int[] faceVertexIndices = [0, 1, 6, 5, 1, 2, 7, 6, 2, 3, 8, 7, 3, 4, 9, 8]
            uniform token subdivisionScheme = "none"
        }

        def Mesh "Road_815"
        {
            point3f[] points = [(1547.6658, -1660.7914, 5.7060), (1542.3102, -1654.9409, 5.7900), (1530.1036, -1642.7343, 5.8010), (1514.4556, -1627.8559, 6.2570), (1513.7543, -1627.2268, 6.2100), (1550.2472, -1658.4278, 5.7060), (1544.8192, -1652.5006, 5.7900), (1532.5436, -1640.2251, 5.8010), (1516.8642, -1625.3164, 6.2570), (1516.0931, -1624.6229, 6.2100)]
            int[] faceVertexCounts = [4, 4, 4, 4]
            int[] faceVertexIndices = [0, 1, 6, 5, 1, 2, 7, 6, 2, 3, 8, 7, 3, 4, 9, 8]
            uniform token subdivisionScheme = "none"
        }

        def Mesh "Road_816"
        {
            point3f[] points = [(1194.0097, -254.7152, 6.6400), (1193.2764, -254.5196, 6.6400), (1185.5164, -252.6346, 6.6600), (1185.0534, -252.5455, 6.6760), (1173.2088, -250.6585, 6.7170), (1171.5640, -250.3747, 6.7170), (1161.7388, -248.5120, 6.6560), (1160.5099, -248.2799, 6.6740), (1150.6569, -246.6757, 6.6450), (1149.6036, -246.5415, 6.6450), (1145.6638, -246.1516, 6.6010), (1143.7563, -246.0532, 6.5770), (1141.8333, -246.0309, 6.5440), (1140.0836, -246.0948, 6.5370), (1138.2348, -246.2831, 6.5380), (1136.4691, -246.6390, 6.5010), (1134.4862, -247.2960, 6.4720), (1132.8091, -248.0244, 6.5070), (1127.5032, -250.7628, 6.4640), (1126.9938, -251.0099, 6.4640), (1125.1246, -251.8576, 6.4330), (1121.3987, -253.3779, 6.3740), (1120.8173, -253.6033, 6.3740), (1118.8055, -254.3092, 6.3140), (1116.6215, -254.7515, 6.2700), (1115.0914, -254.7963, 6.2770), (1112.9405, -254.5205, 6.3150), (1110.9166, -254.0941, 6.3340), (1194.9099, -251.3329, 6.6400), (1194.1093, -251.1202, 6.6400), (1186.3314, -249.2309, 6.6600), (1185.6097, -249.0899, 6.6760), (1173.7647, -247.2029, 6.7170), (1172.2079, -246.9345, 6.7170), (1162.3903, -245.0732, 6.6560), (1161.0822, -244.8270, 6.6740), (1151.2070, -243.2193, 6.6450), (1149.9704, -243.0608, 6.6450), (1145.9539, -242.6636, 6.6010), (1143.8670, -242.5550, 6.5770), (1141.7923, -242.5312, 6.5440), (1139.8364, -242.6036, 6.5370), (1137.7086, -242.8229, 6.5380), (1135.5583, -243.2596, 6.5010), (1133.2473, -244.0226, 6.4720), (1131.2560, -244.8878, 6.5070), (1125.9039, -247.6496, 6.4640), (1125.5315, -247.8300, 6.4640), (1123.7608, -248.6342, 6.4330), (1120.0832, -250.1345, 6.3740), (1119.6298, -250.3109, 6.3740), (1117.8736, -250.9355, 6.3140), (1116.1462, -251.2840, 6.2700), (1115.3381, -251.3050, 6.2770), (1113.5267, -251.0699, 6.3150), (1111.6406, -250.6698, 6.3340)]
            int[] faceVertexCounts = [4, 4, 4, 4, 4, 4, 4, 4, 4, 4, 4, 4, 4, 4, 4, 4, 4, 4, 4, 4, 4, 4, 4, 4, 4, 4, 4]
            int[] faceVertexIndices = [0, 1, 29, 28, 1, 2, 30, 29, 2, 3, 31, 30, 3, 4, 32, 31, 4, 5, 33, 32, 5, 6, 34, 33, 6, 7, 35, 34, 7, 8, 36, 35, 8, 9, 37, 36, 9, 10, 38, 37, 10, 11, 39, 38, 11, 12, 40, 39, 12, 13, 41, 40, 13, 14, 42, 41, 14, 15, 43, 42, 15, 16, 44, 43, 16, 17, 45, 44, 17, 18, 46, 45, 18, 19, 47, 46, 19, 20, 48, 47, 20, 21, 49, 48, 21, 22, 50, 49, 22, 23, 51, 50, 23, 24, 52, 51, 24, 25, 53, 52, 25, 26, 54, 53, 26, 27, 55, 54]
            uniform token subdivisionScheme = "none"
        }

        def Mesh "Road_817"
        {
            point3f[] points = [(1372.4600, -157.8960, 5.3710), (1377.9541, -160.2543, 5.3660), (1379.7267, -160.9326, 5.3440), (1381.5291, -161.5075, 5.2900), (1383.3854, -161.9684, 5.2680), (1384.2713, -162.1429, 5.2470), (1386.1581, -162.4093, 5.2520), (1388.0328, -162.5409, 5.2280), (1389.9158, -162.5465, 5.2140), (1391.8082, -162.4299, 5.1970), (1393.7073, -162.2088, 5.1490), (1395.6044, -161.9008, 5.1190), (1397.4897, -161.5111, 5.0920), (1399.3721, -161.0413, 5.0880), (1400.6866, -160.6669, 5.0880), (1402.5412, -160.0772, 5.0680), (1404.3673, -159.4274, 5.0880), (1406.1719, -158.7138, 5.1020), (1407.9261, -157.9517, 5.0520), (1411.4368, -156.2179, 5.0050), (1414.8533, -154.2600, 4.9730), (1415.1980, -154.0476, 4.9730), (1418.4889, -151.8702, 4.9300), (1421.6254, -149.5559, 4.9110), (1426.2143, -145.7756, 4.8420), (1427.6752, -144.4896, 4.8230), (1428.6146, -143.6393, 4.8440), (1434.3292, -138.1286, 4.7320), (1439.7045, -132.3283, 4.6370), (1443.5116, -127.7740, 4.6240), (1444.4112, -126.6342, 4.6090), (1458.6115, -107.3014, 4.4600), (1459.1870, -106.5756, 4.4310), (1468.4016, -95.9463, 4.2240), (1371.0795, -161.1122, 5.3710), (1376.6058, -163.4842, 5.3660), (1378.5691, -164.2356, 5.3440), (1380.5747, -164.8748, 5.2900), (1382.5978, -165.3786, 5.2680), (1383.7197, -165.5992, 5.2470), (1385.7913, -165.8900, 5.2520), (1387.9049, -166.0385, 5.2280), (1390.0180, -166.0450, 5.2140), (1392.1179, -165.9162, 5.1970), (1394.1901, -165.6754, 5.1490), (1396.2392, -165.3427, 5.1190), (1398.2677, -164.9236, 5.0920), (1400.2659, -164.4252, 5.0880), (1401.7048, -164.0155, 5.0880), (1403.6585, -163.3941, 5.0680), (1405.5977, -162.7040, 5.0880), (1407.5134, -161.9465, 5.1020), (1409.4252, -161.1144, 5.0520), (1413.0826, -159.3068, 5.0050), (1416.6039, -157.2908, 4.9730), (1417.1191, -156.9732, 4.9730), (1420.4945, -154.7385, 4.9300), (1423.7926, -152.3043, 4.9110), (1428.4614, -148.4590, 4.8420), (1430.0024, -147.1039, 4.8230), (1431.0331, -146.1693, 4.8440), (1436.8285, -140.5787, 4.7320), (1442.3229, -134.6508, 4.6370), (1446.2098, -130.0033, 4.6240), (1447.2277, -128.7120, 4.6090), (1461.4299, -109.3767, 4.4600), (1461.8370, -108.8620, 4.4310), (1471.0462, -98.2389, 4.2240)]
            int[] faceVertexCounts = [4, 4, 4, 4, 4, 4, 4, 4, 4, 4, 4, 4, 4, 4, 4, 4, 4, 4, 4, 4, 4, 4, 4, 4, 4, 4, 4, 4, 4, 4, 4, 4, 4]
            int[] faceVertexIndices = [0, 1, 35, 34, 1, 2, 36, 35, 2, 3, 37, 36, 3, 4, 38, 37, 4, 5, 39, 38, 5, 6, 40, 39, 6, 7, 41, 40, 7, 8, 42, 41, 8, 9, 43, 42, 9, 10, 44, 43, 10, 11, 45, 44, 11, 12, 46, 45, 12, 13, 47, 46, 13, 14, 48, 47, 14, 15, 49, 48, 15, 16, 50, 49, 16, 17, 51, 50, 17, 18, 52, 51, 18, 19, 53, 52, 19, 20, 54, 53, 20, 21, 55, 54, 21, 22, 56, 55, 22, 23, 57, 56, 23, 24, 58, 57, 24, 25, 59, 58, 25, 26, 60, 59, 26, 27, 61, 60, 27, 28, 62, 61, 28, 29, 63, 62, 29, 30, 64, 63, 30, 31, 65, 64, 31, 32, 66, 65, 32, 33, 67, 66]
            uniform token subdivisionScheme = "none"
        }

        def Mesh "Road_818"
        {
            point3f[] points = [(2116.8664, -1596.2506, 8.6370), (2117.2762, -1595.1126, 8.6020), (2117.9905, -1593.2105, 8.5430), (2118.5775, -1591.7991, 8.5480), (2119.5395, -1589.9090, 8.5480), (2120.3014, -1588.7082, 8.4800), (2121.0583, -1587.5605, 8.4810), (2122.1793, -1585.8832, 8.4100), (2122.9073, -1584.8436, 8.4350), (2124.1602, -1583.2211, 8.2890), (2124.6052, -1582.7077, 8.2890), (2126.0592, -1581.2057, 8.2560), (2127.6528, -1579.8100, 8.0760), (2129.2877, -1578.5268, 7.8550), (2130.9430, -1577.3215, 7.7000), (2132.2640, -1576.4045, 7.6450), (2137.1834, -1572.9845, 7.2240), (2137.6232, -1572.6575, 7.2240), (2139.1669, -1571.4558, 7.1830), (2140.6398, -1570.2148, 7.1390), (2142.0410, -1568.9211, 7.0730), (2143.3509, -1567.5599, 7.0750), (2144.5871, -1566.0880, 7.0110), (2144.8750, -1565.7128, 7.0110), (2145.9822, -1564.1499, 6.9700), (2148.0788, -1560.7862, 6.8940), (2120.1595, -1597.4362, 8.6370), (2120.5591, -1596.3261, 8.6020), (2121.2495, -1594.4868, 8.5430), (2121.7463, -1593.2852, 8.5480), (2122.5960, -1591.6143, 8.5480), (2123.2378, -1590.6128, 8.4800), (2123.9730, -1589.4981, 8.4810), (2125.0737, -1587.8511, 8.4100), (2125.7147, -1586.9338, 8.4350), (2126.9049, -1585.3930, 8.2890), (2127.1488, -1585.1118, 8.2890), (2128.4719, -1583.7413, 8.2560), (2129.8863, -1582.5047, 8.0760), (2131.3982, -1581.3189, 7.8550), (2132.9745, -1580.1716, 7.7000), (2134.2614, -1579.2786, 7.6450), (2139.1898, -1575.8524, 7.2240), (2139.7584, -1575.4307, 7.2240), (2141.3701, -1574.1753, 7.1830), (2142.9554, -1572.8394, 7.1390), (2144.4905, -1571.4211, 7.0730), (2145.9530, -1569.9006, 7.0750), (2147.2885, -1568.3134, 7.0110), (2147.7142, -1567.7595, 7.0110), (2148.9158, -1566.0588, 6.9700), (2151.0489, -1562.6379, 6.8940)]
            int[] faceVertexCounts = [4, 4, 4, 4, 4, 4, 4, 4, 4, 4, 4, 4, 4, 4, 4, 4, 4, 4, 4, 4, 4, 4, 4, 4, 4]
            int[] faceVertexIndices = [0, 1, 27, 26, 1, 2, 28, 27, 2, 3, 29, 28, 3, 4, 30, 29, 4, 5, 31, 30, 5, 6, 32, 31, 6, 7, 33, 32, 7, 8, 34, 33, 8, 9, 35, 34, 9, 10, 36, 35, 10, 11, 37, 36, 11, 12, 38, 37, 12, 13, 39, 38, 13, 14, 40, 39, 14, 15, 41, 40, 15, 16, 42, 41, 16, 17, 43, 42, 17, 18, 44, 43, 18, 19, 45, 44, 19, 20, 46, 45, 20, 21, 47, 46, 21, 22, 48, 47, 22, 23, 49, 48, 23, 24, 50, 49, 24, 25, 51, 50]
            uniform token subdivisionScheme = "none"
        }

        def Mesh "Road_819"
        {
            point3f[] points = [(893.7716, -385.2438, 7.0060), (914.6864, -377.2327, 6.6150), (939.1583, -367.8480, 6.8280), (956.5460, -359.8756, 6.4820), (973.7628, -352.3098, 6.2920), (993.5720, -343.4719, 6.1060), (1009.6262, -338.5054, 6.0070), (895.0236, -388.5123, 7.0060), (915.9390, -380.5008, 6.6150), (940.4989, -371.0811, 6.8280), (957.9796, -363.0685, 6.4820), (975.1807, -355.5097, 6.2920), (994.8294, -346.7382, 6.1060), (1010.6598, -341.8493, 6.0070)]
            int[] faceVertexCounts = [4, 4, 4, 4, 4, 4]
            int[] faceVertexIndices = [0, 1, 8, 7, 1, 2, 9, 8, 2, 3, 10, 9, 3, 4, 11, 10, 4, 5, 12, 11, 5, 6, 13, 12]
            uniform token subdivisionScheme = "none"
        }

        def Mesh "Road_820"
        {
            point3f[] points = [(823.5873, -531.9847, 7.7070), (825.4197, -532.6065, 7.7000), (827.1132, -533.0471, 7.6950), (828.8538, -533.2558, 7.6940), (830.5831, -533.2056, 7.7020), (832.2487, -532.8897, 7.7050), (833.8972, -532.2953, 7.7760), (835.5502, -531.4539, 7.7580), (837.1516, -530.5569, 7.7850), (840.5691, -528.5450, 7.8400), (841.5614, -527.8942, 7.8080), (843.1229, -526.7656, 7.8330), (844.6000, -525.5915, 7.8330), (850.5811, -520.3095, 7.9180), (850.9770, -519.9652, 7.8750), (855.5882, -516.1281, 7.8960), (856.0315, -515.7532, 7.8960), (859.0900, -513.1301, 7.8500), (860.7514, -511.8565, 7.8560), (861.6499, -511.2428, 7.8560), (863.4586, -510.1633, 7.8490), (865.3948, -509.2160, 7.8100), (869.1546, -507.7038, 7.6970), (870.5456, -507.1841, 7.6970), (822.4645, -535.2997, 7.7070), (824.4178, -535.9601, 7.7000), (826.4702, -536.4875, 7.6950), (828.6973, -536.7523, 7.6940), (830.9601, -536.6852, 7.7020), (833.1710, -536.2659, 7.7050), (835.2829, -535.5093, 7.7760), (837.1952, -534.5432, 7.7580), (838.9062, -533.5853, 7.7850), (842.3802, -531.5400, 7.8400), (843.5603, -530.7672, 7.8080), (845.2383, -529.5540, 7.8330), (846.8897, -528.2386, 7.8330), (852.8968, -522.9339, 7.9180), (853.2202, -522.6519, 7.8750), (857.8289, -518.8169, 7.8960), (858.3078, -518.4118, 7.8960), (861.3193, -515.8283, 7.8500), (862.8307, -514.6719, 7.8560), (863.5040, -514.2114, 7.8560), (865.1273, -513.2399, 7.8490), (866.7790, -512.4307, 7.8100), (870.4387, -510.9598, 7.6970), (871.7701, -510.4629, 7.6970)]
            int[] faceVertexCounts = [4, 4, 4, 4, 4, 4, 4, 4, 4, 4, 4, 4, 4, 4, 4, 4, 4, 4, 4, 4, 4, 4, 4]
            int[] faceVertexIndices = [0, 1, 25, 24, 1, 2, 26, 25, 2, 3, 27, 26, 3, 4, 28, 27, 4, 5, 29, 28, 5, 6, 30, 29, 6, 7, 31, 30, 7, 8, 32, 31, 8, 9, 33, 32, 9, 10, 34, 33, 10, 11, 35, 34, 11, 12, 36, 35, 12, 13, 37, 36, 13, 14, 38, 37, 14, 15, 39, 38, 15, 16, 40, 39, 16, 17, 41, 40, 17, 18, 42, 41, 18, 19, 43, 42, 19, 20, 44, 43, 20, 21, 45, 44, 21, 22, 46, 45, 22, 23, 47, 46]
            uniform token subdivisionScheme = "none"
        }

        def Mesh "Road_821"
        {
            point3f[] points = [(1070.2619, -711.7583, 7.1390), (1070.5747, -710.3793, 7.1390), (1072.9681, -700.6609, 7.1210), (1073.4090, -699.1341, 7.1180), (1074.4940, -695.3075, 7.2100), (1074.9200, -693.5864, 7.2860), (1077.0600, -683.8263, 7.4080), (1077.4801, -682.0279, 7.4080), (1079.8891, -672.3228, 7.3750), (1080.0232, -671.7771, 7.3030), (1082.3554, -662.0562, 7.2880), (1082.7123, -660.6064, 7.2930), (1084.7313, -652.8608, 7.3160), (1085.1457, -651.3719, 7.3180), (1086.3013, -647.5102, 7.3250), (1086.9775, -645.5423, 7.3480), (1087.7267, -643.6146, 7.3610), (1088.5313, -641.7669, 7.3520), (1091.0675, -636.3551, 7.3820), (1092.5702, -632.7178, 7.3620), (1093.8729, -629.0045, 7.3470), (1094.2537, -627.8001, 7.3620), (1096.4395, -620.1172, 7.3530), (1096.6258, -619.4559, 7.3290), (1099.2275, -609.8190, 7.2500), (1099.5168, -608.4734, 7.2500), (1101.3527, -600.6398, 7.1530), (1103.1084, -594.7682, 7.1110), (1103.1783, -594.4739, 7.1110), (1103.9107, -590.5545, 7.1030), (1073.6753, -712.5318, 7.1390), (1073.9750, -711.2085, 7.1390), (1076.3620, -701.5161, 7.1210), (1076.7749, -700.0939, 7.1180), (1077.8713, -696.2263, 7.2100), (1078.3356, -694.3503, 7.2860), (1080.4772, -684.5831, 7.4080), (1080.8788, -682.8639, 7.4080), (1083.2861, -673.1656, 7.3750), (1083.4264, -672.5947, 7.3030), (1085.7582, -662.8753, 7.2880), (1086.1010, -661.4821, 7.2930), (1088.1159, -653.7524, 7.3160), (1088.5041, -652.3575, 7.3180), (1089.6406, -648.5585, 7.3250), (1090.2642, -646.7454, 7.3480), (1090.9633, -644.9467, 7.3610), (1091.7105, -643.2307, 7.3520), (1094.2640, -637.7808, 7.3820), (1095.8399, -633.9665, 7.3620), (1097.1844, -630.1374, 7.3470), (1097.6160, -628.7720, 7.3620), (1099.8061, -621.0743, 7.3530), (1100.0042, -620.3706, 7.3290), (1102.6122, -610.7097, 7.2500), (1102.9266, -609.2629, 7.2500), (1104.7384, -601.5271, 7.1530), (1106.4655, -595.7580, 7.1110), (1106.6153, -595.1350, 7.1110), (1107.3511, -591.1973, 7.1030)]
            int[] faceVertexCounts = [4, 4, 4, 4, 4, 4, 4, 4, 4, 4, 4, 4, 4, 4, 4, 4, 4, 4, 4, 4, 4, 4, 4, 4, 4, 4, 4, 4, 4]
            int[] faceVertexIndices = [0, 1, 31, 30, 1, 2, 32, 31, 2, 3, 33, 32, 3, 4, 34, 33, 4, 5, 35, 34, 5, 6, 36, 35, 6, 7, 37, 36, 7, 8, 38, 37, 8, 9, 39, 38, 9, 10, 40, 39, 10, 11, 41, 40, 11, 12, 42, 41, 12, 13, 43, 42, 13, 14, 44, 43, 14, 15, 45, 44, 15, 16, 46, 45, 16, 17, 47, 46, 17, 18, 48, 47, 18, 19, 49, 48, 19, 20, 50, 49, 20, 21, 51, 50, 21, 22, 52, 51, 22, 23, 53, 52, 23, 24, 54, 53, 24, 25, 55, 54, 25, 26, 56, 55, 26, 27, 57, 56, 27, 28, 58, 57, 28, 29, 59, 58]
            uniform token subdivisionScheme = "none"
        }

        def Mesh "Road_822"
        {
            point3f[] points = [(632.6144, -68.1602, 4.3470), (635.3928, -66.7477, 4.3400), (638.0453, -64.8575, 4.3230), (634.2054, -71.2777, 4.3470), (637.2112, -69.7383, 4.3400), (640.0726, -67.7106, 4.3230)]
            int[] faceVertexCounts = [4, 4]
            int[] faceVertexIndices = [0, 1, 4, 3, 1, 2, 5, 4]
            uniform token subdivisionScheme = "none"
        }

        def Mesh "Road_823"
        {
            point3f[] points = [(2206.4901, -1619.9895, 0.3000), (2206.9826, -1615.8843, 0.3000), (2207.1044, -1614.0197, 0.3000), (2207.0864, -1612.1612, 0.3000), (2206.9152, -1610.4461, 0.3000), (2206.8727, -1610.1965, 0.3000), (2206.4005, -1608.3793, 0.3000), (2205.8350, -1606.9035, 0.3000), (2204.9286, -1605.2815, 0.3000), (2204.8001, -1605.0917, 0.3000), (2203.5823, -1603.5742, 0.3000), (2203.4556, -1603.4407, 0.3000), (2202.0137, -1602.1441, 0.3000), (2201.7389, -1601.9388, 0.3000), (2200.1083, -1600.9032, 0.3000), (2199.6938, -1600.6813, 0.3000), (2197.9885, -1599.9888, 0.3000), (2196.6843, -1599.6797, 0.3000), (2196.2551, -1599.5961, 0.3000), (2194.3140, -1599.2553, 0.3000), (2192.5056, -1598.9836, 0.3000), (2188.5509, -1598.4405, 0.3000), (2188.0494, -1598.3728, 0.3000), (2180.1303, -1597.2478, 0.3000), (2179.4340, -1597.1421, 0.3000), (2175.4754, -1596.4851, 0.3000), (2174.0412, -1596.2100, 0.3000), (2171.9874, -1595.7067, 0.3000), (2170.0250, -1595.0266, 0.3000), (2168.0868, -1594.1745, 0.3000), (2166.4249, -1593.3224, 0.3000), (2164.6491, -1592.3018, 0.3000), (2164.1525, -1591.9973, 0.3000), (2162.4471, -1590.8623, 0.3000), (2161.5166, -1590.1569, 0.3000), (2159.9514, -1588.8076, 7.0730), (2159.2547, -1588.1349, 7.0730), (2157.8365, -1586.6538, 7.0260), (2156.6740, -1585.3385, 6.9790), (2155.7245, -1584.1047, 7.0010), (2154.5663, -1582.3805, 6.9640), (2153.7626, -1581.0698, 6.9680), (2152.7542, -1579.2067, 6.9260), (2151.8161, -1577.0477, 6.9030), (2151.0974, -1575.1501, 6.8940), (2150.4014, -1573.2799, 6.9130), (2148.9362, -1569.4168, 6.9020), (2148.3609, -1567.3238, 6.9280), (2148.1085, -1565.9170, 6.9450), (2147.9150, -1563.8329, 6.9120), (2147.8159, -1561.7968, 6.8940), (2209.9652, -1620.4062, 0.3000), (2210.4645, -1616.2399, 0.3000), (2210.6031, -1614.1164, 0.3000), (2210.5816, -1611.9784, 0.3000), (2210.3926, -1610.0491, 0.3000), (2210.2728, -1609.3661, 0.3000), (2209.7352, -1607.3166, 0.3000), (2209.0004, -1605.4101, 0.3000), (2207.9591, -1603.5305, 0.3000), (2207.5638, -1602.9443, 0.3000), (2206.2807, -1601.3452, 0.3000), (2205.8316, -1600.8707, 0.3000), (2204.3024, -1599.4961, 0.3000), (2203.6662, -1599.0172, 0.3000), (2201.9235, -1597.9107, 0.3000), (2201.0921, -1597.4728, 0.3000), (2199.0930, -1596.6677, 0.3000), (2197.4690, -1596.2688, 0.3000), (2196.8744, -1596.1513, 0.3000), (2194.8780, -1595.8011, 0.3000), (2192.9958, -1595.5181, 0.3000), (2189.0262, -1594.9729, 0.3000), (2188.5402, -1594.9074, 0.3000), (2180.6251, -1593.7830, 0.3000), (2180.0001, -1593.6882, 0.3000), (2176.0703, -1593.0361, 0.3000), (2174.8018, -1592.7936, 0.3000), (2172.9742, -1592.3487, 0.3000), (2171.3070, -1591.7698, 0.3000), (2169.5852, -1591.0114, 0.3000), (2168.1009, -1590.2497, 0.3000), (2166.4101, -1589.2772, 0.3000), (2166.0696, -1589.0690, 0.3000), (2164.4461, -1587.9893, 0.3000), (2163.7450, -1587.4580, 0.3000), (2162.2818, -1586.1963, 7.0730), (2161.7546, -1585.6853, 7.0730), (2160.4075, -1584.2790, 7.0260), (2159.3676, -1583.1035, 6.9790), (2158.5766, -1582.0761, 7.0010), (2157.5051, -1580.4796, 6.9640), (2156.8014, -1579.3332, 6.9680), (2155.9049, -1577.6825, 6.9260), (2155.0572, -1575.7264, 6.9030), (2154.3742, -1573.9203, 6.8940), (2153.6763, -1572.0450, 6.9130), (2152.2459, -1568.2784, 6.9020), (2151.7666, -1566.5168, 6.9280), (2151.5813, -1565.4811, 6.9450), (2151.4064, -1563.5868, 6.9120), (2151.3118, -1561.6273, 6.8940)]
            int[] faceVertexCounts = [4, 4, 4, 4, 4, 4, 4, 4, 4, 4, 4, 4, 4, 4, 4, 4, 4, 4, 4, 4, 4, 4, 4, 4, 4, 4, 4, 4, 4, 4, 4, 4, 4, 4, 4, 4, 4, 4, 4, 4, 4, 4, 4, 4, 4, 4, 4, 4, 4, 4]
            int[] faceVertexIndices = [0, 1, 52, 51, 1, 2, 53, 52, 2, 3, 54, 53, 3, 4, 55, 54, 4, 5, 56, 55, 5, 6, 57, 56, 6, 7, 58, 57, 7, 8, 59, 58, 8, 9, 60, 59, 9, 10, 61, 60, 10, 11, 62, 61, 11, 12, 63, 62, 12, 13, 64, 63, 13, 14, 65, 64, 14, 15, 66, 65, 15, 16, 67, 66, 16, 17, 68, 67, 17, 18, 69, 68, 18, 19, 70, 69, 19, 20, 71, 70, 20, 21, 72, 71, 21, 22, 73, 72, 22, 23, 74, 73, 23, 24, 75, 74, 24, 25, 76, 75, 25, 26, 77, 76, 26, 27, 78, 77, 27, 28, 79, 78, 28, 29, 80, 79, 29, 30, 81, 80, 30, 31, 82, 81, 31, 32, 83, 82, 32, 33, 84, 83, 33, 34, 85, 84, 34, 35, 86, 85, 35, 36, 87, 86, 36, 37, 88, 87, 37, 38, 89, 88, 38, 39, 90, 89, 39, 40, 91, 90, 40, 41, 92, 91, 41, 42, 93, 92, 42, 43, 94, 93, 43, 44, 95, 94, 44, 45, 96, 95, 45, 46, 97, 96, 46, 47, 98, 97, 47, 48, 99, 98, 48, 49, 100, 99, 49, 50, 101, 100]
            uniform token subdivisionScheme = "none"
        }

        def Mesh "Road_824"
        {
            point3f[] points = [(44.9252, -764.3746, 6.9280), (50.7970, -722.8047, 5.6390), (50.9778, -721.5756, 5.5890), (57.0077, -682.0499, 4.6310), (57.1925, -680.8581, 4.6310), (48.3908, -764.8641, 6.9280), (54.2626, -723.2948, 5.6390), (54.4379, -722.1029, 5.5890), (60.4676, -682.5780, 4.6310), (60.6512, -681.3946, 4.6310)]
            int[] faceVertexCounts = [4, 4, 4, 4]
            int[] faceVertexIndices = [0, 1, 6, 5, 1, 2, 7, 6, 2, 3, 8, 7, 3, 4, 9, 8]
            uniform token subdivisionScheme = "none"
        }

        def Mesh "Road_825"
        {
            point3f[] points = [(132.7639, -104.4164, 4.5940), (138.3297, -102.2106, 4.5520), (139.9122, -101.5367, 4.5750), (145.3418, -99.0237, 4.5950), (145.8619, -98.7749, 4.5950), (134.0534, -107.6702, 4.5940), (139.6382, -105.4568, 4.5520), (141.3597, -104.7234, 4.5750), (146.8155, -102.1983, 4.5950), (147.3715, -101.9327, 4.5950)]
            int[] faceVertexCounts = [4, 4, 4, 4]
            int[] faceVertexIndices = [0, 1, 6, 5, 1, 2, 7, 6, 2, 3, 8, 7, 3, 4, 9, 8]
            uniform token subdivisionScheme = "none"
        }

        def Mesh "Road_826"
        {
            point3f[] points = [(2046.9393, -1332.6110, 6.6860), (2049.5373, -1323.3213, 6.7140), (2050.3100, -1333.5536, 6.6860), (2052.9079, -1324.2639, 6.7140)]
            int[] faceVertexCounts = [4]
            int[] faceVertexIndices = [0, 1, 3, 2]
            uniform token subdivisionScheme = "none"
        }

        def Mesh "Road_827"
        {
            point3f[] points = [(2106.1094, -1677.4376, 10.1960), (2106.0807, -1677.0878, 10.1960), (2105.9009, -1675.1369, 10.0810), (2105.6404, -1673.2286, 10.0540), (2105.4575, -1672.2738, 9.8500), (2104.9880, -1670.4338, 9.6940), (2104.3947, -1668.6547, 9.5530), (2103.6592, -1666.8642, 9.4470), (2102.8345, -1665.1552, 9.2880), (2100.8376, -1661.4142, 9.0400), (2099.9987, -1659.6374, 9.0400), (2099.2297, -1657.6718, 8.7530), (2098.7626, -1656.1491, 8.8300), (2098.2961, -1654.1096, 8.8510), (2098.0959, -1652.8825, 8.8510), (2097.8647, -1650.8542, 8.8740), (2097.8088, -1650.1628, 8.8740), (2097.7358, -1648.1059, 8.8850), (2097.7807, -1647.0280, 8.8850), (2098.0303, -1644.9362, 8.8730), (2098.4374, -1642.8786, 8.8590), (2098.7534, -1641.5901, 8.8590), (2099.3596, -1639.5597, 8.8690), (2100.8354, -1635.6774, 8.8810), (2101.1924, -1634.7429, 8.8810), (2103.1922, -1629.0946, 7.4760), (2109.5976, -1677.1510, 10.1960), (2109.5664, -1676.7712, 10.1960), (2109.3782, -1674.7393, 10.0810), (2109.0986, -1672.6890, 10.0540), (2108.8664, -1671.4804, 9.8500), (2108.3459, -1669.4464, 9.6940), (2107.6751, -1667.4343, 9.5530), (2106.8561, -1665.4395, 9.4470), (2105.9434, -1663.5475, 9.2880), (2103.9495, -1659.8122, 9.0400), (2103.2146, -1658.2562, 9.0400), (2102.5277, -1656.5002, 8.7530), (2102.1492, -1655.2656, 8.8300), (2101.7250, -1653.4077, 8.8510), (2101.5661, -1652.4268, 8.8510), (2101.3450, -1650.4834, 8.8740), (2101.3051, -1650.0015, 8.8740), (2101.2356, -1648.0646, 8.8850), (2101.2650, -1647.3588, 8.8850), (2101.4871, -1645.4840, 8.8730), (2101.8585, -1643.6177, 8.8590), (2102.1260, -1642.5259, 8.8590), (2102.6602, -1640.7241, 8.8690), (2104.1065, -1636.9222, 8.8810), (2104.4875, -1635.9229, 8.8810), (2106.4915, -1630.2627, 7.4760)]
            int[] faceVertexCounts = [4, 4, 4, 4, 4, 4, 4, 4, 4, 4, 4, 4, 4, 4, 4, 4, 4, 4, 4, 4, 4, 4, 4, 4, 4]
            int[] faceVertexIndices = [0, 1, 27, 26, 1, 2, 28, 27, 2, 3, 29, 28, 3, 4, 30, 29, 4, 5, 31, 30, 5, 6, 32, 31, 6, 7, 33, 32, 7, 8, 34, 33, 8, 9, 35, 34, 9, 10, 36, 35, 10, 11, 37, 36, 11, 12, 38, 37, 12, 13, 39, 38, 13, 14, 40, 39, 14, 15, 41, 40, 15, 16, 42, 41, 16, 17, 43, 42, 17, 18, 44, 43, 18, 19, 45, 44, 19, 20, 46, 45, 20, 21, 47, 46, 21, 22, 48, 47, 22, 23, 49, 48, 23, 24, 50, 49, 24, 25, 51, 50]
            uniform token subdivisionScheme = "none"
        }

        def Mesh "Road_828"
        {
            point3f[] points = [(2042.1564, -360.6954, 6.8550), (2044.4957, -355.1950, 6.6170), (2044.9873, -353.8341, 6.6170), (2046.1822, -349.9480, 6.4920), (2045.3773, -362.0651, 6.8550), (2047.7321, -356.5276, 6.6170), (2048.3184, -354.9082, 6.6170), (2049.5275, -350.9768, 6.4920)]
            int[] faceVertexCounts = [4, 4, 4]
            int[] faceVertexIndices = [0, 1, 5, 4, 1, 2, 6, 5, 2, 3, 7, 6]
            uniform token subdivisionScheme = "none"
        }

        def Mesh "Road_829"
        {
            point3f[] points = [(637.5144, -67.1069, 4.3230), (633.3495, -59.2898, 4.3180), (640.6034, -65.4611, 4.3230), (636.4385, -57.6441, 4.3180)]
            int[] faceVertexCounts = [4]
            int[] faceVertexIndices = [0, 1, 3, 2]
            uniform token subdivisionScheme = "none"
        }

        def Mesh "Road_830"
        {
            point3f[] points = [(1370.2894, -160.4375, 5.3710), (1369.8480, -159.7373, 5.3480), (1359.2680, -142.7719, 5.3120), (1358.2297, -141.0748, 5.3120), (1346.9334, -122.2060, 5.1370), (1373.2500, -158.5707, 5.3710), (1372.8175, -157.8847, 5.3480), (1362.2393, -140.9222, 5.3120), (1361.2313, -139.2746, 5.3120), (1349.9364, -120.4082, 5.1370)]
            int[] faceVertexCounts = [4, 4, 4, 4]
            int[] faceVertexIndices = [0, 1, 6, 5, 1, 2, 7, 6, 2, 3, 8, 7, 3, 4, 9, 8]
            uniform token subdivisionScheme = "none"
        }

        def Mesh "Road_831"
        {
            point3f[] points = [(1954.1121, -1714.0617, 7.3740), (1958.0870, -1713.9353, 7.3000), (1959.9754, -1713.8030, 7.3000), (1961.8031, -1713.5478, 7.2970), (1963.6240, -1713.0915, 7.2720), (1964.0242, -1712.9619, 7.2720), (1965.7519, -1712.2427, 7.2720), (1967.3622, -1711.3590, 7.2560), (1968.9224, -1710.3302, 7.2310), (1970.3981, -1709.2134, 7.2460), (1976.4344, -1703.9928, 7.2910), (1977.7455, -1702.9023, 7.2580), (1979.4322, -1701.6294, 7.2910), (1983.5858, -1698.8712, 7.2990), (1954.2235, -1717.5599, 7.3740), (1958.2431, -1717.4318, 7.3000), (1960.3417, -1717.2838, 7.3000), (1962.4708, -1716.9835, 7.2970), (1964.5276, -1716.4728, 7.2720), (1965.3109, -1716.2168, 7.2720), (1967.2696, -1715.3966, 7.2720), (1969.1677, -1714.3574, 7.2560), (1970.9436, -1713.1876, 7.2310), (1972.6533, -1711.8900, 7.2460), (1978.7154, -1706.6475, 7.2910), (1979.9140, -1705.6496, 7.2580), (1981.4189, -1704.5108, 7.2910), (1985.5218, -1701.7870, 7.2990)]
            int[] faceVertexCounts = [4, 4, 4, 4, 4, 4, 4, 4, 4, 4, 4, 4, 4]
            int[] faceVertexIndices = [0, 1, 15, 14, 1, 2, 16, 15, 2, 3, 17, 16, 3, 4, 18, 17, 4, 5, 19, 18, 5, 6, 20, 19, 6, 7, 21, 20, 7, 8, 22, 21, 8, 9, 23, 22, 9, 10, 24, 23, 10, 11, 25, 24, 11, 12, 26, 25, 12, 13, 27, 26]
            uniform token subdivisionScheme = "none"
        }

        def Mesh "Road_832"
        {
            point3f[] points = [(726.3330, -445.8899, 8.7360), (728.0506, -446.7635, 8.7110), (728.2548, -446.8311, 8.8080), (730.0571, -447.0774, 9.0090), (731.3266, -447.0771, 9.0090), (739.2861, -446.5853, 9.8220), (740.4138, -446.4949, 9.9330), (746.5739, -446.0093, 9.8730), (751.4708, -445.5960, 9.8110), (724.7484, -449.0106, 8.7360), (726.5909, -449.9446, 8.7110), (727.6348, -450.2758, 8.8080), (729.7844, -450.5668, 9.0090), (731.5075, -450.5725, 9.0090), (739.5099, -450.0781, 9.8220), (740.6895, -449.9841, 9.9330), (746.8575, -449.4978, 9.8730), (751.7652, -449.0836, 9.8110)]
            int[] faceVertexCounts = [4, 4, 4, 4, 4, 4, 4, 4]
            int[] faceVertexIndices = [0, 1, 10, 9, 1, 2, 11, 10, 2, 3, 12, 11, 3, 4, 13, 12, 4, 5, 14, 13, 5, 6, 15, 14, 6, 7, 16, 15, 7, 8, 17, 16]
            uniform token subdivisionScheme = "none"
        }

        def Mesh "Road_833"
        {
            point3f[] points = [(519.1909, -611.8144, 5.6470), (519.8007, -611.0250, 5.6470), (528.2617, -599.8819, 5.6620), (529.0180, -598.8533, 5.6500), (536.0951, -589.1456, 5.7040), (549.4048, -571.5182, 5.8120), (549.5718, -571.2895, 5.8120), (564.1721, -549.7913, 5.9140), (564.8839, -548.7381, 5.9420), (579.7388, -527.4021, 6.0980), (595.2863, -505.4644, 6.1200), (596.1206, -504.2907, 6.1470), (609.9400, -484.6836, 6.1670), (610.8802, -483.3245, 6.1380), (624.7486, -463.7494, 6.2910), (625.1453, -463.2225, 6.2910), (627.6210, -460.0105, 6.3230), (639.1479, -446.1825, 6.3800), (639.4262, -445.8681, 6.3800), (663.9524, -419.5372, 6.6710), (664.4561, -419.0017, 6.6710), (671.4056, -411.7723, 6.8550), (675.8025, -407.6081, 6.9600), (676.4841, -407.0004, 6.9600), (679.5726, -404.3668, 7.0570), (690.5828, -395.7066, 7.2740), (691.9785, -394.5906, 7.3110), (693.4826, -393.3594, 7.2940), (697.9605, -389.4280, 7.3780), (699.3156, -388.0988, 7.4120), (700.6536, -386.6973, 7.3970), (701.9549, -385.2375, 7.3970), (702.4674, -384.6282, 7.4020), (703.5999, -383.1364, 7.3540), (704.4794, -381.6740, 7.3910), (705.0062, -380.0311, 7.3310), (705.0414, -379.7717, 7.2730), (705.0244, -377.9372, 7.2270), (704.8042, -376.0408, 7.1840), (521.9609, -613.9538, 5.6470), (522.5870, -613.1431, 5.6470), (531.0519, -601.9948, 5.6620), (531.8454, -600.9162, 5.6500), (538.9007, -591.2381, 5.7040), (552.1986, -573.6264, 5.8120), (552.4663, -573.2572, 5.8120), (567.0677, -551.7574, 5.9140), (567.7576, -550.7361, 5.9420), (582.6027, -529.4142, 6.0980), (598.1418, -507.4884, 6.1200), (598.9810, -506.3077, 6.1470), (612.8020, -486.6984, 6.1670), (613.7376, -485.3458, 6.1380), (627.6030, -465.7748, 6.2910), (627.9206, -465.3550, 6.2910), (630.3250, -462.2328, 6.3230), (641.8351, -448.4250, 6.3800), (641.9878, -448.2531, 6.3800), (666.5133, -421.9230, 6.6710), (666.9812, -421.4253, 6.6710), (673.8857, -414.2419, 6.8550), (678.1995, -410.1585, 6.9600), (678.7654, -409.6547, 6.9600), (681.7606, -407.0986, 7.0570), (692.7491, -398.4556, 7.2740), (694.1810, -397.3107, 7.3110), (695.7692, -396.0093, 7.2940), (700.3054, -392.0264, 7.3780), (701.8064, -390.5577, 7.4120), (703.2260, -389.0706, 7.3970), (704.5886, -387.5426, 7.3970), (705.2246, -386.7840, 7.4020), (706.5036, -385.0907, 7.3540), (707.6663, -383.1210, 7.3910), (708.3775, -380.9713, 7.3310), (708.5399, -379.8753, 7.2730), (708.5176, -377.7197, 7.2270), (708.2813, -375.6414, 7.1840)]
            int[] faceVertexCounts = [4, 4, 4, 4, 4, 4, 4, 4, 4, 4, 4, 4, 4, 4, 4, 4, 4, 4, 4, 4, 4, 4, 4, 4, 4, 4, 4, 4, 4, 4, 4, 4, 4, 4, 4, 4, 4, 4]
            int[] faceVertexIndices = [0, 1, 40, 39, 1, 2, 41, 40, 2, 3, 42, 41, 3, 4, 43, 42, 4, 5, 44, 43, 5, 6, 45, 44, 6, 7, 46, 45, 7, 8, 47, 46, 8, 9, 48, 47, 9, 10, 49, 48, 10, 11, 50, 49, 11, 12, 51, 50, 12, 13, 52, 51, 13, 14, 53, 52, 14, 15, 54, 53, 15, 16, 55, 54, 16, 17, 56, 55, 17, 18, 57, 56, 18, 19, 58, 57, 19, 20, 59, 58, 20, 21, 60, 59, 21, 22, 61, 60, 22, 23, 62, 61, 23, 24, 63, 62, 24, 25, 64, 63, 25, 26, 65, 64, 26, 27, 66, 65, 27, 28, 67, 66, 28, 29, 68, 67, 29, 30, 69, 68, 30, 31, 70, 69, 31, 32, 71, 70, 32, 33, 72, 71, 33, 34, 73, 72, 34, 35, 74, 73, 35, 36, 75, 74, 36, 37, 76, 75, 37, 38, 77, 76]
            uniform token subdivisionScheme = "none"
        }

        def Mesh "Road_834"
        {
            point3f[] points = [(1909.4173, -809.2560, 7.0160), (1913.1873, -808.0726, 6.9540), (1914.5860, -807.4922, 6.9540), (1916.2282, -806.6195, 6.9020), (1917.8194, -805.6256, 6.8590), (1924.4136, -801.0927, 6.5820), (1925.9057, -800.2174, 6.5550), (1927.8034, -799.2956, 6.4380), (1929.7281, -798.4986, 6.4230), (1931.6304, -797.7885, 6.2860), (1933.4582, -797.1073, 6.1930), (1937.0657, -795.6341, 6.0380), (1947.8287, -790.4082, 5.6780), (1948.1296, -790.2553, 5.6780), (1973.3241, -778.0305, 4.5490), (1980.7160, -774.8271, 4.3250), (1981.0553, -774.6861, 4.2180), (1988.4154, -771.6292, 4.0310), (1991.9579, -769.9580, 3.8820), (1993.6531, -769.0635, 3.9190), (1995.3583, -768.0878, 3.9700), (1995.6503, -767.9131, 3.9700), (1996.3146, -767.5037, 3.9700), (1910.4660, -812.5952, 7.0160), (1914.3242, -811.3829, 6.9540), (1916.0897, -810.6526, 6.9540), (1917.9770, -809.6512, 6.9020), (1919.7767, -808.5271, 6.8590), (1926.3622, -804.0001, 6.5820), (1927.5402, -803.3122, 6.5550), (1929.2376, -802.4883, 6.4380), (1931.0092, -801.7557, 6.4230), (1932.8537, -801.0678, 6.2860), (1934.7494, -800.3604, 6.1930), (1938.5439, -798.8066, 6.0380), (1949.3590, -793.5560, 5.6780), (1949.6582, -793.4039, 5.6780), (1974.8219, -781.1939, 4.5490), (1982.1053, -778.0396, 4.3250), (1982.3979, -777.9184, 4.2180), (1989.8084, -774.8400, 4.0310), (1993.4976, -773.1011, 3.8820), (1995.3386, -772.1309, 3.9190), (1997.1055, -771.1205, 3.9700), (1997.4732, -770.9009, 3.9700), (1998.1508, -770.4834, 3.9700)]
            int[] faceVertexCounts = [4, 4, 4, 4, 4, 4, 4, 4, 4, 4, 4, 4, 4, 4, 4, 4, 4, 4, 4, 4, 4, 4]
            int[] faceVertexIndices = [0, 1, 24, 23, 1, 2, 25, 24, 2, 3, 26, 25, 3, 4, 27, 26, 4, 5, 28, 27, 5, 6, 29, 28, 6, 7, 30, 29, 7, 8, 31, 30, 8, 9, 32, 31, 9, 10, 33, 32, 10, 11, 34, 33, 11, 12, 35, 34, 12, 13, 36, 35, 13, 14, 37, 36, 14, 15, 38, 37, 15, 16, 39, 38, 16, 17, 40, 39, 17, 18, 41, 40, 18, 19, 42, 41, 19, 20, 43, 42, 20, 21, 44, 43, 21, 22, 45, 44]
            uniform token subdivisionScheme = "none"
        }

        def Mesh "Road_835"
        {
            point3f[] points = [(1514.5724, -56.5110, 3.3940), (1513.9807, -55.8516, 3.4330), (1507.2312, -48.4871, 3.4880), (1506.0934, -47.2983, 3.6090), (1496.2883, -37.3177, 4.0250), (1495.8325, -36.8511, 3.7740), (1488.5795, -29.2367, 3.6910), (1517.1772, -54.1732, 3.3940), (1516.5630, -53.4890, 3.4330), (1509.8041, -46.1142, 3.4880), (1508.5936, -44.8491, 3.6090), (1498.7853, -34.8651, 4.0250), (1498.3650, -34.4353, 3.7740), (1491.1138, -26.8227, 3.6910)]
            int[] faceVertexCounts = [4, 4, 4, 4, 4, 4]
            int[] faceVertexIndices = [0, 1, 8, 7, 1, 2, 9, 8, 2, 3, 10, 9, 3, 4, 11, 10, 4, 5, 12, 11, 5, 6, 13, 12]
            uniform token subdivisionScheme = "none"
        }

        def Mesh "Road_836"
        {
            point3f[] points = [(1092.8877, -232.0775, 6.3970), (1092.8900, -230.9338, 6.3970), (1092.8412, -229.0469, 6.3600), (1092.6078, -227.2948, 6.3460), (1092.0716, -225.4550, 6.4120), (1091.3364, -223.7569, 6.4180), (1090.4848, -221.9881, 6.4010), (1096.3877, -232.0837, 6.3970), (1096.3896, -230.8763, 6.3970), (1096.3299, -228.7654, 6.3600), (1096.0300, -226.5613, 6.3460), (1095.3681, -224.2791, 6.4120), (1094.5212, -222.3053, 6.4180), (1093.6387, -220.4704, 6.4010)]
            int[] faceVertexCounts = [4, 4, 4, 4, 4, 4]
            int[] faceVertexIndices = [0, 1, 8, 7, 1, 2, 9, 8, 2, 3, 10, 9, 3, 4, 11, 10, 4, 5, 12, 11, 5, 6, 13, 12]
            uniform token subdivisionScheme = "none"
        }

        def Mesh "Road_837"
        {
            point3f[] points = [(602.6757, -1218.2787, 5.6620), (605.1278, -1210.4410, 5.4190), (606.0160, -1219.3238, 5.6620), (608.4682, -1211.4861, 5.4190)]
            int[] faceVertexCounts = [4]
            int[] faceVertexIndices = [0, 1, 3, 2]
            uniform token subdivisionScheme = "none"
        }

        def Mesh "Road_838"
        {
            point3f[] points = [(1198.8497, -227.8963, 6.3860), (1183.6989, -223.6623, 6.3790), (1199.7917, -224.5255, 6.3860), (1184.6409, -220.2914, 6.3790)]
            int[] faceVertexCounts = [4]
            int[] faceVertexIndices = [0, 1, 3, 2]
            uniform token subdivisionScheme = "none"
        }

        def Mesh "Road_839"
        {
            point3f[] points = [(311.3441, -715.3543, 6.1540), (311.9476, -715.0119, 6.1540), (312.5321, -714.6695, 6.1250), (317.7564, -711.5478, 6.0100), (321.6355, -709.8489, 5.8870), (313.0714, -718.3983, 6.1540), (313.6959, -718.0439, 6.1540), (314.3257, -717.6750, 6.1250), (319.3951, -714.6404, 6.0100), (323.0358, -713.0566, 5.8870)]
            int[] faceVertexCounts = [4, 4, 4, 4]
            int[] faceVertexIndices = [0, 1, 6, 5, 1, 2, 7, 6, 2, 3, 8, 7, 3, 4, 9, 8]
            uniform token subdivisionScheme = "none"
        }

        def Mesh "Road_840"
        {
            point3f[] points = [(296.3893, -724.1544, 5.7560), (301.6443, -720.8314, 1.5240), (302.5859, -720.2908, 1.5240), (306.0757, -718.3526, 5.3660), (311.3422, -715.3554, 6.1540), (298.2599, -727.1126, 5.7560), (303.4969, -723.8009, 1.5240), (304.2933, -723.3460, 1.5240), (307.7943, -721.4016, 5.3660), (313.0733, -718.3973, 6.1540)]
            int[] faceVertexCounts = [4, 4, 4, 4]
            int[] faceVertexIndices = [0, 1, 6, 5, 1, 2, 7, 6, 2, 3, 8, 7, 3, 4, 9, 8]
            uniform token subdivisionScheme = "none"
        }

        def Mesh "Road_841"
        {
            point3f[] points = [(1851.2054, -1691.7682, 7.2160), (1863.6684, -1690.2580, 7.1600), (1851.6264, -1695.2428, 7.2160), (1864.0894, -1693.7326, 7.1600)]
            int[] faceVertexCounts = [4]
            int[] faceVertexIndices = [0, 1, 3, 2]
            uniform token subdivisionScheme = "none"
        }

        def Mesh "Road_842"
        {
            point3f[] points = [(1351.0888, -1375.8732, 12.9150), (1352.0825, -1375.6701, 12.8160), (1356.0601, -1374.9457, 12.6160), (1358.1466, -1374.7014, 12.5240), (1359.1880, -1374.6317, 12.5240), (1361.2663, -1374.5806, 12.4130), (1369.2644, -1374.7079, 11.9850), (1371.1742, -1374.6707, 12.0280), (1373.0702, -1374.5502, 12.0800), (1374.9694, -1374.2966, 11.9010), (1375.3574, -1374.2193, 11.6700), (1377.2191, -1373.7557, 11.4440), (1379.0125, -1373.1701, 11.2820), (1380.7831, -1372.4748, 11.3200), (1382.5063, -1371.6961, 11.2500), (1389.6298, -1368.0757, 11.1590), (1391.7308, -1367.0772, 11.1900), (1410.1340, -1359.2615, 10.1690), (1411.6803, -1358.5568, 10.1550), (1417.0068, -1355.9736, 9.8520), (1432.7523, -1347.3127, 9.5700), (1351.7904, -1379.3022, 12.9150), (1352.7246, -1379.1107, 12.8160), (1356.6136, -1378.4016, 12.6160), (1358.4966, -1378.1838, 12.5240), (1359.3217, -1378.1292, 12.5240), (1361.2392, -1378.0805, 12.4130), (1369.2334, -1378.2078, 11.9850), (1371.3197, -1378.1676, 12.0280), (1373.4128, -1378.0334, 12.0800), (1375.4777, -1377.7595, 11.9010), (1376.1683, -1377.6241, 11.6700), (1378.1864, -1377.1194, 11.4440), (1380.1953, -1376.4642, 11.2820), (1382.1442, -1375.6994, 11.3200), (1384.0637, -1374.8306, 11.2500), (1391.1978, -1371.2048, 11.1590), (1393.1126, -1370.2929, 11.1900), (1411.5090, -1362.4801, 10.1690), (1413.1908, -1361.7141, 10.1550), (1418.6543, -1359.0616, 9.8520), (1434.4391, -1350.3794, 9.5700)]
            int[] faceVertexCounts = [4, 4, 4, 4, 4, 4, 4, 4, 4, 4, 4, 4, 4, 4, 4, 4, 4, 4, 4, 4]
            int[] faceVertexIndices = [0, 1, 22, 21, 1, 2, 23, 22, 2, 3, 24, 23, 3, 4, 25, 24, 4, 5, 26, 25, 5, 6, 27, 26, 6, 7, 28, 27, 7, 8, 29, 28, 8, 9, 30, 29, 9, 10, 31, 30, 10, 11, 32, 31, 11, 12, 33, 32, 12, 13, 34, 33, 13, 14, 35, 34, 14, 15, 36, 35, 15, 16, 37, 36, 16, 17, 38, 37, 17, 18, 39, 38, 18, 19, 40, 39, 19, 20, 41, 40]
            uniform token subdivisionScheme = "none"
        }

        def Mesh "Road_843"
        {
            point3f[] points = [(-93.8657, -1215.4127, 0.3000), (-85.6248, -1214.7256, 0.3000), (-85.0525, -1214.6734, 0.3000), (-61.1951, -1212.1541, 0.3000), (-59.3665, -1211.9625, 0.3000), (-37.5079, -1209.5786, 0.3000), (-36.3605, -1209.4295, 0.3000), (-32.4459, -1208.8705, 0.3000), (-26.6132, -1207.8180, 0.3000), (-22.8898, -1206.8981, 0.3000), (-7.4882, -1201.9639, 0.3000), (-5.2548, -1201.4189, 0.3000), (-3.2382, -1201.0043, 0.3000), (-1.1939, -1200.6516, 0.3000), (2.8502, -1200.1276, 6.2140), (8.8712, -1199.6575, 6.1800), (9.9677, -1199.6042, 6.1800), (17.9989, -1199.4478, 6.2030), (26.0291, -1199.5683, 6.1550), (28.0416, -1199.6280, 6.1640), (44.0273, -1200.0395, 6.0650), (44.8821, -1200.0476, 6.0550), (48.8632, -1200.0591, 6.0580), (68.8529, -1199.9141, 5.8580), (70.8703, -1199.9198, 5.8280), (71.6271, -1199.9261, 5.8280), (91.6154, -1200.2540, 5.5220), (92.6014, -1200.2565, 5.4870), (96.5633, -1200.1870, 5.4630), (98.4583, -1200.0633, 5.4680), (100.3624, -1199.8399, 5.4610), (101.7566, -1199.6089, 5.4370), (103.6137, -1199.2134, 5.4050), (107.4204, -1198.1737, 5.4400), (108.8878, -1197.7177, 5.3820), (114.5214, -1195.7192, 5.4150), (114.7714, -1195.6207, 5.4150), (118.4094, -1194.0961, 5.4550), (123.7373, -1191.5501, 5.4880), (130.7065, -1187.7214, 5.6680), (130.9455, -1187.5807, 5.6680), (137.6848, -1183.3655, 5.6430), (144.1920, -1178.8096, 5.6630), (145.0581, -1178.1657, 5.6370), (154.5123, -1170.7909, 5.7330), (155.0193, -1170.3930, 5.6390), (173.9530, -1155.6646, 5.5390), (175.0527, -1154.7808, 5.5220), (189.0079, -1143.4238, 5.6710), (189.9396, -1142.6778, 5.7780), (204.1572, -1131.6474, 5.8000), (-93.5748, -1218.9006, 0.3000), (-85.3321, -1218.2133, 0.3000), (-84.6862, -1218.1542, 0.3000), (-60.8277, -1215.6348, 0.3000), (-58.9882, -1215.4420, 0.3000), (-37.1248, -1213.0576, 0.3000), (-35.8758, -1212.8958, 0.3000), (-31.8748, -1212.3236, 0.3000), (-25.9036, -1211.2453, 0.3000), (-21.8666, -1210.2452, 0.3000), (-6.4487, -1205.3060, 0.3000), (-4.4876, -1204.8338, 0.3000), (-2.5878, -1204.4433, 0.3000), (-0.6950, -1204.1158, 0.3000), (3.1938, -1203.6107, 6.2140), (9.1287, -1203.1480, 6.1800), (10.0474, -1203.1033, 6.1800), (18.0067, -1202.9477, 6.2030), (25.9661, -1203.0677, 6.1550), (27.9500, -1203.1268, 6.1640), (43.9402, -1203.5384, 6.0650), (44.8676, -1203.5475, 6.0550), (48.8827, -1203.5590, 6.0580), (68.8750, -1203.4140, 5.8580), (70.8552, -1203.4198, 5.8280), (71.5707, -1203.4257, 5.8280), (91.5603, -1203.7536, 5.5220), (92.6485, -1203.7562, 5.4870), (96.6802, -1203.6851, 5.4630), (98.7758, -1203.5489, 5.4680), (100.8407, -1203.3071, 5.4610), (102.4192, -1203.0456, 5.4370), (104.4722, -1202.6065, 5.4050), (108.3766, -1201.5405, 5.4400), (110.0300, -1201.0261, 5.3820), (115.6977, -1199.0156, 5.4150), (116.1186, -1198.8510, 5.4150), (119.8567, -1197.2828, 5.4550), (125.3477, -1194.6576, 5.4880), (132.3955, -1190.7869, 5.6680), (132.7981, -1190.5502, 5.6680), (139.6171, -1186.2837, 5.6430), (146.2094, -1181.6696, 5.6630), (147.2051, -1180.9298, 5.6370), (156.6654, -1173.5503, 5.7330), (157.1686, -1173.1554, 5.6390), (176.1044, -1158.4252, 5.5390), (177.2607, -1157.4965, 5.5220), (191.2159, -1146.1395, 5.6710), (192.0876, -1145.4411, 5.7780), (206.3026, -1134.4128, 5.8000)]
            int[] faceVertexCounts = [4, 4, 4, 4, 4, 4, 4, 4, 4, 4, 4, 4, 4, 4, 4, 4, 4, 4, 4, 4, 4, 4, 4, 4, 4, 4, 4, 4, 4, 4, 4, 4, 4, 4, 4, 4, 4, 4, 4, 4, 4, 4, 4, 4, 4, 4, 4, 4, 4, 4]
            int[] faceVertexIndices = [0, 1, 52, 51, 1, 2, 53, 52, 2, 3, 54, 53, 3, 4, 55, 54, 4, 5, 56, 55, 5, 6, 57, 56, 6, 7, 58, 57, 7, 8, 59, 58, 8, 9, 60, 59, 9, 10, 61, 60, 10, 11, 62, 61, 11, 12, 63, 62, 12, 13, 64, 63, 13, 14, 65, 64, 14, 15, 66, 65, 15, 16, 67, 66, 16, 17, 68, 67, 17, 18, 69, 68, 18, 19, 70, 69, 19, 20, 71, 70, 20, 21, 72, 71, 21, 22, 73, 72, 22, 23, 74, 73, 23, 24, 75, 74, 24, 25, 76, 75, 25, 26, 77, 76, 26, 27, 78, 77, 27, 28, 79, 78, 28, 29, 80, 79, 29, 30, 81, 80, 30, 31, 82, 81, 31, 32, 83, 82, 32, 33, 84, 83, 33, 34, 85, 84, 34, 35, 86, 85, 35, 36, 87, 86, 36, 37, 88, 87, 37, 38, 89, 88, 38, 39, 90, 89, 39, 40, 91, 90, 40, 41, 92, 91, 41, 42, 93, 92, 42, 43, 94, 93, 43, 44, 95, 94, 44, 45, 96, 95, 45, 46, 97, 96, 46, 47, 98, 97, 47, 48, 99, 98, 48, 49, 100, 99, 49, 50, 101, 100]
            uniform token subdivisionScheme = "none"
        }

        def Mesh "Road_844"
        {
            point3f[] points = [(350.1635, -1201.1155, 5.8390), (347.5596, -1195.5123, 5.8080), (353.3375, -1199.6405, 5.8390), (350.7336, -1194.0373, 5.8080)]
            int[] faceVertexCounts = [4]
            int[] faceVertexIndices = [0, 1, 3, 2]
            uniform token subdivisionScheme = "none"
        }

        def Mesh "Road_845"
        {
            point3f[] points = [(1468.1324, -96.3648, 4.2240), (1469.7998, -92.7188, 4.2030), (1470.1779, -91.9684, 4.1380), (1471.1606, -90.1599, 4.1400), (1472.2462, -88.3803, 4.0720), (1473.4173, -86.6554, 4.1110), (1474.6730, -84.9879, 4.0350), (1476.0136, -83.3853, 4.0700), (1477.4129, -81.8802, 3.9780), (1477.7725, -81.5176, 3.9780), (1479.2573, -80.1073, 3.9620), (1480.8215, -78.7495, 3.9200), (1482.4511, -77.4419, 3.8950), (1485.7509, -75.0438, 3.8540), (1492.4492, -70.6300, 3.7100), (1493.9981, -69.5980, 3.7140), (1511.5503, -56.3706, 3.4610), (1511.9193, -56.0881, 3.4610), (1514.8350, -53.9345, 3.3940), (1471.3153, -97.8204, 4.2240), (1472.9740, -94.1935, 4.2030), (1473.2672, -93.6134, 4.1380), (1474.1933, -91.9070, 4.1400), (1475.1889, -90.2752, 4.0720), (1476.2639, -88.6917, 4.1110), (1477.4142, -87.1641, 4.0350), (1478.6381, -85.7009, 4.0700), (1479.9622, -84.2784, 3.9780), (1480.1965, -84.0424, 3.9780), (1481.6105, -82.6981, 3.9620), (1483.0645, -81.4362, 3.9200), (1484.5541, -80.2397, 3.8950), (1487.7212, -77.9365, 3.8540), (1494.3786, -73.5502, 3.7100), (1496.0915, -72.4029, 3.7140), (1513.6572, -59.1654, 3.4610), (1514.0042, -58.8994, 3.4610), (1516.9145, -56.7497, 3.3940)]
            int[] faceVertexCounts = [4, 4, 4, 4, 4, 4, 4, 4, 4, 4, 4, 4, 4, 4, 4, 4, 4, 4]
            int[] faceVertexIndices = [0, 1, 20, 19, 1, 2, 21, 20, 2, 3, 22, 21, 3, 4, 23, 22, 4, 5, 24, 23, 5, 6, 25, 24, 6, 7, 26, 25, 7, 8, 27, 26, 8, 9, 28, 27, 9, 10, 29, 28, 10, 11, 30, 29, 11, 12, 31, 30, 12, 13, 32, 31, 13, 14, 33, 32, 14, 15, 34, 33, 15, 16, 35, 34, 16, 17, 36, 35, 17, 18, 37, 36]
            uniform token subdivisionScheme = "none"
        }

        def Mesh "Road_846"
        {
            point3f[] points = [(1162.4157, -342.9849, 6.3330), (1162.5619, -342.4712, 6.3330), (1167.2718, -325.1106, 6.4360), (1167.6436, -323.5784, 6.4010), (1172.6915, -302.1757, 6.3060), (1172.8074, -301.7329, 6.3060), (1173.8959, -297.8382, 6.2340), (1175.7701, -292.0852, 6.2220), (1176.5261, -290.1240, 6.2310), (1177.3416, -288.2265, 6.2530), (1178.2304, -286.3587, 6.2440), (1179.1964, -284.5261, 6.2620), (1180.2028, -282.8035, 6.2440), (1184.5159, -276.0741, 6.2950), (1186.5331, -272.7010, 6.3470), (1187.2603, -271.3017, 6.4090), (1188.0806, -269.5561, 6.3530), (1188.8264, -267.7792, 6.4510), (1189.4924, -265.9934, 6.4820), (1190.6749, -262.2574, 6.5280), (1191.6508, -258.4367, 6.5830), (1191.7400, -258.0427, 6.5830), (1192.5216, -254.1486, 6.6160), (1192.7294, -252.7631, 6.6400), (1165.7822, -343.9423, 6.3330), (1165.9395, -343.3888, 6.3330), (1170.6517, -326.0196, 6.4360), (1171.0497, -324.3834, 6.4010), (1176.0977, -302.9806, 6.3060), (1176.1797, -302.6698, 6.3060), (1177.2417, -298.8656, 6.2340), (1179.0832, -293.2138, 6.2220), (1179.7670, -291.4456, 6.2310), (1180.5302, -289.6697, 6.2530), (1181.3594, -287.9269, 6.2440), (1182.2574, -286.2232, 6.2620), (1183.1645, -284.6687, 6.2440), (1187.4820, -277.9322, 6.2950), (1189.5679, -274.4445, 6.3470), (1190.3998, -272.8489, 6.4090), (1191.2788, -270.9779, 6.3530), (1192.0806, -269.0677, 6.4510), (1192.8112, -267.1049, 6.4820), (1194.0402, -263.2191, 6.5280), (1195.0443, -259.2934, 6.5830), (1195.1697, -258.7405, 6.5830), (1195.9618, -254.7927, 6.6160), (1196.1903, -253.2850, 6.6400)]
            int[] faceVertexCounts = [4, 4, 4, 4, 4, 4, 4, 4, 4, 4, 4, 4, 4, 4, 4, 4, 4, 4, 4, 4, 4, 4, 4]
            int[] faceVertexIndices = [0, 1, 25, 24, 1, 2, 26, 25, 2, 3, 27, 26, 3, 4, 28, 27, 4, 5, 29, 28, 5, 6, 30, 29, 6, 7, 31, 30, 7, 8, 32, 31, 8, 9, 33, 32, 9, 10, 34, 33, 10, 11, 35, 34, 11, 12, 36, 35, 12, 13, 37, 36, 13, 14, 38, 37, 14, 15, 39, 38, 15, 16, 40, 39, 16, 17, 41, 40, 17, 18, 42, 41, 18, 19, 43, 42, 19, 20, 44, 43, 20, 21, 45, 44, 21, 22, 46, 45, 22, 23, 47, 46]
            uniform token subdivisionScheme = "none"
        }

        def Mesh "Road_847"
        {
            point3f[] points = [(1352.3014, -1352.4921, 13.4420), (1351.0787, -1350.9265, 13.5060), (1349.8836, -1349.4376, 13.5110), (1347.3129, -1346.4559, 13.4100), (1344.6193, -1343.6136, 13.4800), (1341.8504, -1340.9448, 13.5830), (1326.4255, -1328.2298, 13.1330), (1299.3373, -1307.7863, 12.4310), (1291.1378, -1302.1845, 12.3190), (1290.6280, -1301.8464, 12.3280), (1278.7548, -1294.5107, 12.0020), (1271.8336, -1290.7268, 11.9360), (1264.6964, -1287.3272, 11.9170), (1259.2036, -1285.0731, 11.9620), (1258.6808, -1284.8751, 11.9090), (1247.3107, -1281.0860, 11.5490), (1245.8554, -1280.6358, 11.4920), (1355.0598, -1350.3379, 13.4420), (1353.8226, -1348.7537, 13.5060), (1352.5603, -1347.1826, 13.5110), (1349.9092, -1344.1087, 13.4100), (1347.1037, -1341.1482, 13.4800), (1344.1108, -1338.2726, 13.5830), (1328.5781, -1325.4700, 13.1330), (1301.4158, -1304.9703, 12.4310), (1293.1098, -1299.2929, 12.3190), (1292.4719, -1298.8715, 12.3280), (1280.5365, -1291.4982, 12.0020), (1273.4264, -1287.6102, 11.9360), (1266.1267, -1284.1328, 11.9170), (1260.5235, -1281.8316, 11.9620), (1259.7942, -1281.5569, 11.9090), (1248.4091, -1277.7628, 11.5490), (1246.8905, -1277.2923, 11.4920)]
            int[] faceVertexCounts = [4, 4, 4, 4, 4, 4, 4, 4, 4, 4, 4, 4, 4, 4, 4, 4]
            int[] faceVertexIndices = [0, 1, 18, 17, 1, 2, 19, 18, 2, 3, 20, 19, 3, 4, 21, 20, 4, 5, 22, 21, 5, 6, 23, 22, 6, 7, 24, 23, 7, 8, 25, 24, 8, 9, 26, 25, 9, 10, 27, 26, 10, 11, 28, 27, 11, 12, 29, 28, 12, 13, 30, 29, 13, 14, 31, 30, 14, 15, 32, 31, 15, 16, 33, 32]
            uniform token subdivisionScheme = "none"
        }

        def Mesh "Road_848"
        {
            point3f[] points = [(592.1146, -1219.3629, 5.7390), (604.0166, -1217.0825, 5.6620), (592.7733, -1222.8004, 5.7390), (604.6752, -1220.5200, 5.6620)]
            int[] faceVertexCounts = [4]
            int[] faceVertexIndices = [0, 1, 3, 2]
            uniform token subdivisionScheme = "none"
        }

        def Mesh "Road_849"
        {
            point3f[] points = [(281.6140, -1726.8694, 5.9770), (272.8041, -1699.1252, 6.0110), (263.2399, -1666.7004, 5.8470), (250.2716, -1624.1463, 6.0610), (284.9499, -1725.8101, 5.9770), (276.1515, -1698.1030, 6.0110), (266.5918, -1665.6931, 5.8470), (253.6196, -1623.1260, 6.0610)]
            int[] faceVertexCounts = [4, 4, 4]
            int[] faceVertexIndices = [0, 1, 5, 4, 1, 2, 6, 5, 2, 3, 7, 6]
            uniform token subdivisionScheme = "none"
        }

        def Mesh "Road_850"
        {
            point3f[] points = [(288.3072, -187.6845, 3.8880), (300.4251, -177.2420, 3.9350), (301.7686, -176.1305, 3.9730), (314.2679, -166.1475, 4.0490), (314.9173, -165.6351, 4.0530), (327.2752, -155.4882, 4.1770), (328.4553, -154.5058, 4.1820), (337.6627, -146.8178, 4.2070), (338.0278, -146.5089, 4.2180), (347.1371, -138.7056, 4.2910), (347.6007, -138.3055, 4.2910), (290.5920, -190.3358, 3.8880), (302.7048, -179.8977, 3.9350), (303.9573, -178.8617, 3.9730), (316.4514, -168.8829, 4.0490), (317.1358, -168.3423, 4.0530), (329.4978, -158.1918, 4.1770), (330.6981, -157.1928, 4.1820), (339.9066, -149.5038, 4.2070), (340.3042, -149.1676, 4.2180), (349.4145, -141.3632, 4.2910), (349.8871, -140.9555, 4.2910)]
            int[] faceVertexCounts = [4, 4, 4, 4, 4, 4, 4, 4, 4, 4]
            int[] faceVertexIndices = [0, 1, 12, 11, 1, 2, 13, 12, 2, 3, 14, 13, 3, 4, 15, 14, 4, 5, 16, 15, 5, 6, 17, 16, 6, 7, 18, 17, 7, 8, 19, 18, 8, 9, 20, 19, 9, 10, 21, 20]
            uniform token subdivisionScheme = "none"
        }

        def Mesh "Road_851"
        {
            point3f[] points = [(609.8866, -1904.8931, 0.3000), (608.8788, -1904.8871, 0.3000), (606.8067, -1904.7917, 0.3000), (604.7149, -1904.5703, 0.3000), (602.6390, -1904.2218, 0.3000), (600.5425, -1903.7359, 0.3000), (590.8557, -1900.7980, 0.3000), (571.7927, -1894.3912, 0.3000), (566.1203, -1892.1687, 0.3000), (562.3796, -1890.5216, 0.3000), (558.7443, -1888.6862, 0.3000), (556.9345, -1887.6665, 0.3000), (555.3510, -1886.7065, 0.3000), (553.6238, -1885.5768, 0.3000), (551.9370, -1884.3713, 0.3000), (550.3006, -1883.0894, 0.3000), (548.7176, -1881.7244, 0.3000), (547.2027, -1880.2580, 0.3000), (545.7832, -1878.6822, 0.3000), (544.4895, -1877.0261, 0.3000), (543.6945, -1875.8689, 0.3000), (542.6107, -1874.0568, 0.3000), (541.6615, -1872.1398, 0.3000), (540.8706, -1870.1540, 0.3000), (540.2384, -1868.1047, 0.3000), (539.7814, -1866.0029, 0.3000), (539.5152, -1863.8653, 0.3000), (539.4427, -1861.7788, 0.3000), (539.5641, -1859.6265, 0.3000), (539.8816, -1857.4913, 0.3000), (540.3912, -1855.3968, 0.3000), (541.0848, -1853.3547, 0.3000), (541.9676, -1851.3778, 0.3000), (543.0215, -1849.5261, 0.3000), (543.6918, -1848.5364, 0.3000), (545.0019, -1846.8695, 0.3000), (546.4800, -1845.2997, 0.3000), (548.0987, -1843.8701, 0.3000), (549.8659, -1842.5763, 0.3000), (553.3887, -1840.4834, 0.3000), (556.9983, -1838.5760, 0.3000), (560.6543, -1836.8552, 0.3000), (561.9672, -1836.2436, 0.3000), (581.6471, -1826.4442, 7.4290), (583.3367, -1825.5753, 7.3350), (601.2031, -1816.5953, 6.3980), (602.7778, -1815.8426, 6.3980), (648.5529, -1795.3945, 5.7800), (700.4108, -1769.5495, 5.3470), (701.8966, -1768.8415, 5.2920), (742.1890, -1751.2112, 4.8130), (743.4773, -1750.6711, 4.8280), (609.9052, -1901.3932, 0.3000), (608.9929, -1901.3890, 0.3000), (607.0709, -1901.3017, 0.3000), (605.1890, -1901.1026, 0.3000), (603.3227, -1900.7893, 0.3000), (601.5207, -1900.3753, 0.3000), (591.9377, -1897.4694, 0.3000), (572.9453, -1891.0864, 0.3000), (567.4512, -1888.9316, 0.3000), (563.8742, -1887.3567, 0.3000), (560.3694, -1885.5863, 0.3000), (558.6987, -1884.6437, 0.3000), (557.2190, -1883.7467, 0.3000), (555.5995, -1882.6878, 0.3000), (554.0342, -1881.5692, 0.3000), (552.5230, -1880.3855, 0.3000), (551.0782, -1879.1402, 0.3000), (549.7213, -1877.8277, 0.3000), (548.4644, -1876.4325, 0.3000), (547.2985, -1874.9382, 0.3000), (546.6529, -1873.9986, 0.3000), (545.6829, -1872.3800, 0.3000), (544.8581, -1870.7145, 0.3000), (544.1712, -1868.9896, 0.3000), (543.6236, -1867.2159, 0.3000), (543.2316, -1865.4141, 0.3000), (543.0039, -1863.5852, 0.3000), (542.9424, -1861.8194, 0.3000), (543.0459, -1859.9829, 0.3000), (543.3165, -1858.1632, 0.3000), (543.7520, -1856.3742, 0.3000), (544.3433, -1854.6321, 0.3000), (545.0897, -1852.9599, 0.3000), (546.0156, -1851.3387, 0.3000), (546.4952, -1850.6318, 0.3000), (547.6554, -1849.1519, 0.3000), (548.9151, -1847.8137, 0.3000), (550.2944, -1846.5957, 0.3000), (551.7494, -1845.5263, 0.3000), (555.1005, -1843.5362, 0.3000), (558.5613, -1841.7076, 0.3000), (562.1415, -1840.0236, 0.3000), (563.5222, -1839.3792, 0.3000), (583.2104, -1829.5756, 7.4290), (584.9110, -1828.7013, 7.3350), (602.7701, -1819.7249, 6.3980), (604.2080, -1819.0371, 6.3980), (650.0525, -1798.5570, 5.7800), (701.9706, -1772.6828, 5.3470), (703.3032, -1772.0464, 5.2920), (743.5905, -1754.4183, 4.8130), (744.8300, -1753.8991, 4.8280)]
            int[] faceVertexCounts = [4, 4, 4, 4, 4, 4, 4, 4, 4, 4, 4, 4, 4, 4, 4, 4, 4, 4, 4, 4, 4, 4, 4, 4, 4, 4, 4, 4, 4, 4, 4, 4, 4, 4, 4, 4, 4, 4, 4, 4, 4, 4, 4, 4, 4, 4, 4, 4, 4, 4, 4]
            int[] faceVertexIndices = [0, 1, 53, 52, 1, 2, 54, 53, 2, 3, 55, 54, 3, 4, 56, 55, 4, 5, 57, 56, 5, 6, 58, 57, 6, 7, 59, 58, 7, 8, 60, 59, 8, 9, 61, 60, 9, 10, 62, 61, 10, 11, 63, 62, 11, 12, 64, 63, 12, 13, 65, 64, 13, 14, 66, 65, 14, 15, 67, 66, 15, 16, 68, 67, 16, 17, 69, 68, 17, 18, 70, 69, 18, 19, 71, 70, 19, 20, 72, 71, 20, 21, 73, 72, 21, 22, 74, 73, 22, 23, 75, 74, 23, 24, 76, 75, 24, 25, 77, 76, 25, 26, 78, 77, 26, 27, 79, 78, 27, 28, 80, 79, 28, 29, 81, 80, 29, 30, 82, 81, 30, 31, 83, 82, 31, 32, 84, 83, 32, 33, 85, 84, 33, 34, 86, 85, 34, 35, 87, 86, 35, 36, 88, 87, 36, 37, 89, 88, 37, 38, 90, 89, 38, 39, 91, 90, 39, 40, 92, 91, 40, 41, 93, 92, 41, 42, 94, 93, 42, 43, 95, 94, 43, 44, 96, 95, 44, 45, 97, 96, 45, 46, 98, 97, 46, 47, 99, 98, 47, 48, 100, 99, 48, 49, 101, 100, 49, 50, 102, 101, 50, 51, 103, 102]
            uniform token subdivisionScheme = "none"
        }
    }
}
